solid 
 facet normal -8.241262e-01 -1.756768e-15  5.664062e-01
   outer loop
     vertex -6.022881e-02  2.900000e-02  4.877233e-02
     vertex -6.711697e-02 -2.900000e-02  3.875000e-02
     vertex -6.022881e-02 -2.900000e-02  4.877233e-02
   endloop
 endfacet
 facet normal -8.241262e-01 -1.517904e-15  5.664062e-01
   outer loop
     vertex -6.022881e-02  2.900000e-02  4.877233e-02
     vertex -6.711697e-02  2.900000e-02  3.875000e-02
     vertex -6.711697e-02 -2.900000e-02  3.875000e-02
   endloop
 endfacet
 facet normal -7.253744e-01 -1.065313e-15  6.883546e-01
   outer loop
     vertex -5.185762e-02  2.900000e-02  5.759372e-02
     vertex -6.022881e-02 -2.900000e-02  4.877233e-02
     vertex -5.185762e-02 -2.900000e-02  5.759372e-02
   endloop
 endfacet
 facet normal -7.253744e-01 -9.799129e-16  6.883546e-01
   outer loop
     vertex -5.185762e-02  2.900000e-02  5.759372e-02
     vertex -6.022881e-02  2.900000e-02  4.877233e-02
     vertex -6.022881e-02 -2.900000e-02  4.877233e-02
   endloop
 endfacet
 facet normal -6.087614e-01 -6.066028e-16  7.933533e-01
   outer loop
     vertex -4.220953e-02  2.900000e-02  6.499697e-02
     vertex -5.185762e-02 -2.900000e-02  5.759372e-02
     vertex -4.220953e-02 -2.900000e-02  6.499697e-02
   endloop
 endfacet
 facet normal -6.087614e-01 -2.497817e-16  7.933533e-01
   outer loop
     vertex -4.220953e-02  2.900000e-02  6.499697e-02
     vertex -5.185762e-02  2.900000e-02  5.759372e-02
     vertex -5.185762e-02 -2.900000e-02  5.759372e-02
   endloop
 endfacet
 facet normal -4.771588e-01  4.111578e-16  8.788171e-01
   outer loop
     vertex -3.152209e-02  2.900000e-02  7.079977e-02
     vertex -4.220953e-02 -2.900000e-02  6.499697e-02
     vertex -3.152209e-02 -2.900000e-02  7.079977e-02
   endloop
 endfacet
 facet normal -4.771588e-01  2.113538e-16  8.788171e-01
   outer loop
     vertex -3.152209e-02  2.900000e-02  7.079977e-02
     vertex -4.220953e-02  2.900000e-02  6.499697e-02
     vertex -4.220953e-02 -2.900000e-02  6.499697e-02
   endloop
 endfacet
 facet normal -3.338069e-01  1.043354e-15  9.426415e-01
   outer loop
     vertex -2.005848e-02  2.900000e-02  7.485925e-02
     vertex -3.152209e-02 -2.900000e-02  7.079977e-02
     vertex -2.005848e-02 -2.900000e-02  7.485925e-02
   endloop
 endfacet
 facet normal -3.338069e-01  1.229695e-15  9.426415e-01
   outer loop
     vertex -2.005848e-02  2.900000e-02  7.485925e-02
     vertex -3.152209e-02  2.900000e-02  7.079977e-02
     vertex -3.152209e-02 -2.900000e-02  7.079977e-02
   endloop
 endfacet
 facet normal -1.822355e-01  1.803051e-15  9.832549e-01
   outer loop
     vertex -8.100956e-03  2.900000e-02  7.707545e-02
     vertex -2.005848e-02 -2.900000e-02  7.485925e-02
     vertex -8.100956e-03 -2.900000e-02  7.707545e-02
   endloop
 endfacet
 facet normal -1.822355e-01  1.806114e-15  9.832549e-01
   outer loop
     vertex -8.100956e-03  2.900000e-02  7.707545e-02
     vertex -2.005848e-02  2.900000e-02  7.485925e-02
     vertex -2.005848e-02 -2.900000e-02  7.485925e-02
   endloop
 endfacet
 facet normal -2.617695e-02  2.518351e-15  9.996573e-01
   outer loop
     vertex  4.056037e-03  2.900000e-02  7.739379e-02
     vertex -8.100956e-03 -2.900000e-02  7.707545e-02
     vertex  4.056037e-03 -2.900000e-02  7.739379e-02
   endloop
 endfacet
 facet normal -2.617695e-02  2.518232e-15  9.996573e-01
   outer loop
     vertex  4.056037e-03  2.900000e-02  7.739379e-02
     vertex -8.100956e-03  2.900000e-02  7.707545e-02
     vertex -8.100956e-03 -2.900000e-02  7.707545e-02
   endloop
 endfacet
 facet normal  1.305262e-01  3.401058e-15  9.914449e-01
   outer loop
     vertex  1.611316e-02  2.900000e-02  7.580644e-02
     vertex  4.056037e-03 -2.900000e-02  7.739379e-02
     vertex  1.611316e-02 -2.900000e-02  7.580644e-02
   endloop
 endfacet
 facet normal  1.305262e-01  3.170306e-15  9.914449e-01
   outer loop
     vertex  1.611316e-02  2.900000e-02  7.580644e-02
     vertex  4.056037e-03  2.900000e-02  7.739379e-02
     vertex  4.056037e-03 -2.900000e-02  7.739379e-02
   endloop
 endfacet
 facet normal  2.840153e-01  3.959263e-15  9.588197e-01
   outer loop
     vertex  2.777352e-02  2.900000e-02  7.235248e-02
     vertex  1.611316e-02 -2.900000e-02  7.580644e-02
     vertex  2.777352e-02 -2.900000e-02  7.235248e-02
   endloop
 endfacet
 facet normal  2.840153e-01  3.958080e-15  9.588197e-01
   outer loop
     vertex  2.777352e-02  2.900000e-02  7.235248e-02
     vertex  1.611316e-02  2.900000e-02  7.580644e-02
     vertex  1.611316e-02 -2.900000e-02  7.580644e-02
   endloop
 endfacet
 facet normal  4.305111e-01  4.281272e-15  9.025853e-01
   outer loop
     vertex  3.875000e-02  2.900000e-02  6.711697e-02
     vertex  2.777352e-02 -2.900000e-02  7.235248e-02
     vertex  3.875000e-02 -2.900000e-02  6.711697e-02
   endloop
 endfacet
 facet normal  4.305111e-01  4.419215e-15  9.025853e-01
   outer loop
     vertex  3.875000e-02  2.900000e-02  6.711697e-02
     vertex  2.777352e-02  2.900000e-02  7.235248e-02
     vertex  2.777352e-02 -2.900000e-02  7.235248e-02
   endloop
 endfacet
 facet normal  5.664062e-01  4.904336e-15  8.241262e-01
   outer loop
     vertex  4.877233e-02  2.900000e-02  6.022881e-02
     vertex  3.875000e-02 -2.900000e-02  6.711697e-02
     vertex  4.877233e-02 -2.900000e-02  6.022881e-02
   endloop
 endfacet
 facet normal  5.664062e-01  4.668997e-15  8.241262e-01
   outer loop
     vertex  4.877233e-02  2.900000e-02  6.022881e-02
     vertex  3.875000e-02  2.900000e-02  6.711697e-02
     vertex  3.875000e-02 -2.900000e-02  6.711697e-02
   endloop
 endfacet
 facet normal  6.883546e-01  5.298902e-15  7.253744e-01
   outer loop
     vertex  5.759372e-02  2.900000e-02  5.185762e-02
     vertex  4.877233e-02 -2.900000e-02  6.022881e-02
     vertex  5.759372e-02 -2.900000e-02  5.185762e-02
   endloop
 endfacet
 facet normal  6.883546e-01  5.130132e-15  7.253744e-01
   outer loop
     vertex  5.759372e-02  2.900000e-02  5.185762e-02
     vertex  4.877233e-02  2.900000e-02  6.022881e-02
     vertex  4.877233e-02 -2.900000e-02  6.022881e-02
   endloop
 endfacet
 facet normal  7.933533e-01  5.237639e-15  6.087614e-01
   outer loop
     vertex  6.499697e-02  2.900000e-02  4.220953e-02
     vertex  5.759372e-02 -2.900000e-02  5.185762e-02
     vertex  6.499697e-02 -2.900000e-02  4.220953e-02
   endloop
 endfacet
 facet normal  7.933533e-01  5.437556e-15  6.087614e-01
   outer loop
     vertex  6.499697e-02  2.900000e-02  4.220953e-02
     vertex  5.759372e-02  2.900000e-02  5.185762e-02
     vertex  5.759372e-02 -2.900000e-02  5.185762e-02
   endloop
 endfacet
 facet normal  8.788171e-01  5.206988e-15  4.771588e-01
   outer loop
     vertex  7.079977e-02  2.900000e-02  3.152209e-02
     vertex  6.499697e-02  2.900000e-02  4.220953e-02
     vertex  6.499697e-02 -2.900000e-02  4.220953e-02
   endloop
 endfacet
 facet normal  8.788171e-01  5.212112e-15  4.771588e-01
   outer loop
     vertex  7.079977e-02  2.900000e-02  3.152209e-02
     vertex  6.499697e-02 -2.900000e-02  4.220953e-02
     vertex  7.079977e-02 -2.900000e-02  3.152209e-02
   endloop
 endfacet
 facet normal  9.426415e-01  5.053276e-15  3.338069e-01
   outer loop
     vertex  7.485925e-02  2.900000e-02  2.005848e-02
     vertex  7.079977e-02  2.900000e-02  3.152209e-02
     vertex  7.079977e-02 -2.900000e-02  3.152209e-02
   endloop
 endfacet
 facet normal  9.426415e-01  4.321699e-15  3.338069e-01
   outer loop
     vertex  7.485925e-02  2.900000e-02  2.005848e-02
     vertex  7.079977e-02 -2.900000e-02  3.152209e-02
     vertex  7.485925e-02 -2.900000e-02  2.005848e-02
   endloop
 endfacet
 facet normal  9.832549e-01  4.039739e-15  1.822355e-01
   outer loop
     vertex  7.707545e-02  2.900000e-02  8.100956e-03
     vertex  7.485925e-02  2.900000e-02  2.005848e-02
     vertex  7.485925e-02 -2.900000e-02  2.005848e-02
   endloop
 endfacet
 facet normal  9.832549e-01  4.987842e-15  1.822355e-01
   outer loop
     vertex  7.707545e-02  2.900000e-02  8.100956e-03
     vertex  7.485925e-02 -2.900000e-02  2.005848e-02
     vertex  7.707545e-02 -2.900000e-02  8.100956e-03
   endloop
 endfacet
 facet normal  9.996573e-01  4.619761e-15  2.617695e-02
   outer loop
     vertex  7.739379e-02  2.900000e-02 -4.056037e-03
     vertex  7.707545e-02  2.900000e-02  8.100956e-03
     vertex  7.707545e-02 -2.900000e-02  8.100956e-03
   endloop
 endfacet
 facet normal  9.996573e-01  4.381368e-15  2.617695e-02
   outer loop
     vertex  7.739379e-02  2.900000e-02 -4.056037e-03
     vertex  7.707545e-02 -2.900000e-02  8.100956e-03
     vertex  7.739379e-02 -2.900000e-02 -4.056037e-03
   endloop
 endfacet
 facet normal  9.914449e-01  3.420828e-15 -1.305262e-01
   outer loop
     vertex  7.580644e-02  2.900000e-02 -1.611316e-02
     vertex  7.739379e-02 -2.900000e-02 -4.056037e-03
     vertex  7.580644e-02 -2.900000e-02 -1.611316e-02
   endloop
 endfacet
 facet normal  9.914449e-01  3.895634e-15 -1.305262e-01
   outer loop
     vertex  7.580644e-02  2.900000e-02 -1.611316e-02
     vertex  7.739379e-02  2.900000e-02 -4.056037e-03
     vertex  7.739379e-02 -2.900000e-02 -4.056037e-03
   endloop
 endfacet
 facet normal  9.588197e-01  2.853276e-15 -2.840153e-01
   outer loop
     vertex  7.235248e-02  2.900000e-02 -2.777352e-02
     vertex  7.580644e-02  2.900000e-02 -1.611316e-02
     vertex  7.580644e-02 -2.900000e-02 -1.611316e-02
   endloop
 endfacet
 facet normal  9.588197e-01  3.543476e-15 -2.840153e-01
   outer loop
     vertex  7.235248e-02  2.900000e-02 -2.777352e-02
     vertex  7.580644e-02 -2.900000e-02 -1.611316e-02
     vertex  7.235248e-02 -2.900000e-02 -2.777352e-02
   endloop
 endfacet
 facet normal  9.025853e-01  2.219305e-15 -4.305111e-01
   outer loop
     vertex  6.711697e-02  2.900000e-02 -3.875000e-02
     vertex  7.235248e-02 -2.900000e-02 -2.777352e-02
     vertex  6.711697e-02 -2.900000e-02 -3.875000e-02
   endloop
 endfacet
 facet normal  9.025853e-01  2.862883e-15 -4.305111e-01
   outer loop
     vertex  6.711697e-02  2.900000e-02 -3.875000e-02
     vertex  7.235248e-02  2.900000e-02 -2.777352e-02
     vertex  7.235248e-02 -2.900000e-02 -2.777352e-02
   endloop
 endfacet
 facet normal -7.994428e-01 -1.645997e-15  6.007423e-01
   outer loop
     vertex -2.216335e-02  2.500000e-02 -1.523994e-03
     vertex -2.184474e-02 -2.500000e-02 -1.100000e-03
     vertex -2.184474e-02  2.500000e-02 -1.100000e-03
   endloop
 endfacet
 facet normal -7.994428e-01 -1.482271e-15  6.007423e-01
   outer loop
     vertex -2.216335e-02  2.500000e-02 -1.523994e-03
     vertex -2.216335e-02 -2.500000e-02 -1.523994e-03
     vertex -2.184474e-02 -2.500000e-02 -1.100000e-03
   endloop
 endfacet
 facet normal -6.324454e-01 -3.957800e-16  7.746050e-01
   outer loop
     vertex -2.257418e-02  2.500000e-02 -1.859418e-03
     vertex -2.257418e-02 -2.500000e-02 -1.859418e-03
     vertex -2.216335e-02 -2.500000e-02 -1.523994e-03
   endloop
 endfacet
 facet normal -6.324454e-01 -3.084373e-16  7.746050e-01
   outer loop
     vertex -2.257418e-02  2.500000e-02 -1.859418e-03
     vertex -2.216335e-02 -2.500000e-02 -1.523994e-03
     vertex -2.216335e-02  2.500000e-02 -1.523994e-03
   endloop
 endfacet
 facet normal -4.286926e-01  8.324939e-16  9.034504e-01
   outer loop
     vertex -2.305333e-02  2.500000e-02 -2.086780e-03
     vertex -2.305333e-02 -2.500000e-02 -2.086780e-03
     vertex -2.257418e-02 -2.500000e-02 -1.859418e-03
   endloop
 endfacet
 facet normal -4.286926e-01  8.244958e-16  9.034504e-01
   outer loop
     vertex -2.305333e-02  2.500000e-02 -2.086780e-03
     vertex -2.257418e-02 -2.500000e-02 -1.859418e-03
     vertex -2.257418e-02  2.500000e-02 -1.859418e-03
   endloop
 endfacet
 facet normal -2.000257e-01  2.019547e-15  9.797907e-01
   outer loop
     vertex -2.357297e-02  2.500000e-02 -2.192866e-03
     vertex -2.357297e-02 -2.500000e-02 -2.192866e-03
     vertex -2.305333e-02 -2.500000e-02 -2.086780e-03
   endloop
 endfacet
 facet normal -2.000257e-01  2.005841e-15  9.797907e-01
   outer loop
     vertex -2.357297e-02  2.500000e-02 -2.192866e-03
     vertex -2.305333e-02 -2.500000e-02 -2.086780e-03
     vertex -2.305333e-02  2.500000e-02 -2.086780e-03
   endloop
 endfacet
 facet normal  4.026594e-02  3.059485e-15  9.991890e-01
   outer loop
     vertex -2.410290e-02  2.500000e-02 -2.171511e-03
     vertex -2.410290e-02 -2.500000e-02 -2.171511e-03
     vertex -2.357297e-02 -2.500000e-02 -2.192866e-03
   endloop
 endfacet
 facet normal  4.026594e-02  3.059481e-15  9.991890e-01
   outer loop
     vertex -2.410290e-02  2.500000e-02 -2.171511e-03
     vertex -2.357297e-02 -2.500000e-02 -2.192866e-03
     vertex -2.357297e-02  2.500000e-02 -2.192866e-03
   endloop
 endfacet
 facet normal  2.782175e-01  3.979533e-15  9.605181e-01
   outer loop
     vertex -2.461233e-02  2.500000e-02 -2.023955e-03
     vertex -2.461233e-02 -2.500000e-02 -2.023955e-03
     vertex -2.410290e-02 -2.500000e-02 -2.171511e-03
   endloop
 endfacet
 facet normal  2.782175e-01  3.921845e-15  9.605181e-01
   outer loop
     vertex -2.461233e-02  2.500000e-02 -2.023955e-03
     vertex -2.410290e-02 -2.500000e-02 -2.171511e-03
     vertex -2.410290e-02  2.500000e-02 -2.171511e-03
   endloop
 endfacet
 facet normal  5.000000e-01  4.583022e-15  8.660254e-01
   outer loop
     vertex -2.507163e-02  2.500000e-02 -1.758774e-03
     vertex -2.507163e-02 -2.500000e-02 -1.758774e-03
     vertex -2.461233e-02 -2.500000e-02 -2.023955e-03
   endloop
 endfacet
 facet normal  5.000000e-01  4.660498e-15  8.660254e-01
   outer loop
     vertex -2.507163e-02  2.500000e-02 -1.758774e-03
     vertex -2.461233e-02 -2.500000e-02 -2.023955e-03
     vertex -2.461233e-02  2.500000e-02 -2.023955e-03
   endloop
 endfacet
 facet normal  6.927244e-01  4.922164e-15  7.212024e-01
   outer loop
     vertex -2.545413e-02  2.500000e-02 -1.391380e-03
     vertex -2.545413e-02 -2.500000e-02 -1.391380e-03
     vertex -2.507163e-02 -2.500000e-02 -1.758774e-03
   endloop
 endfacet
 facet normal  6.927244e-01  4.966939e-15  7.212024e-01
   outer loop
     vertex -2.545413e-02  2.500000e-02 -1.391380e-03
     vertex -2.507163e-02 -2.500000e-02 -1.758774e-03
     vertex -2.507163e-02  2.500000e-02 -1.758774e-03
   endloop
 endfacet
 facet normal  8.451901e-01  5.003869e-15  5.344658e-01
   outer loop
     vertex -2.573759e-02  2.500000e-02 -9.431236e-04
     vertex -2.573759e-02 -2.500000e-02 -9.431236e-04
     vertex -2.545413e-02 -2.500000e-02 -1.391380e-03
   endloop
 endfacet
 facet normal  8.451901e-01  5.005868e-15  5.344658e-01
   outer loop
     vertex -2.573759e-02  2.500000e-02 -9.431236e-04
     vertex -2.545413e-02 -2.500000e-02 -1.391380e-03
     vertex -2.545413e-02  2.500000e-02 -1.391380e-03
   endloop
 endfacet
 facet normal  9.485364e-01  4.732764e-15  3.166680e-01
   outer loop
     vertex -2.590554e-02  2.500000e-02 -4.400565e-04
     vertex -2.590554e-02 -2.500000e-02 -4.400565e-04
     vertex -2.573759e-02 -2.500000e-02 -9.431236e-04
   endloop
 endfacet
 facet normal  9.485364e-01  4.797747e-15  3.166680e-01
   outer loop
     vertex -2.590554e-02  2.500000e-02 -4.400565e-04
     vertex -2.573759e-02 -2.500000e-02 -9.431236e-04
     vertex -2.573759e-02  2.500000e-02 -9.431236e-04
   endloop
 endfacet
 facet normal  9.967573e-01  4.313194e-15  8.046657e-02
   outer loop
     vertex -2.594822e-02  2.500000e-02  8.858507e-05
     vertex -2.594822e-02 -2.500000e-02  8.858507e-05
     vertex -2.590554e-02 -2.500000e-02 -4.400565e-04
   endloop
 endfacet
 facet normal  9.967573e-01  4.244132e-15  8.046657e-02
   outer loop
     vertex -2.594822e-02  2.500000e-02  8.858507e-05
     vertex -2.590554e-02 -2.500000e-02 -4.400565e-04
     vertex -2.590554e-02  2.500000e-02 -4.400565e-04
   endloop
 endfacet
 facet normal  9.870503e-01  3.714594e-15 -1.604113e-01
   outer loop
     vertex -2.586314e-02  2.500000e-02  6.120784e-04
     vertex -2.586314e-02 -2.500000e-02  6.120784e-04
     vertex -2.594822e-02 -2.500000e-02  8.858507e-05
   endloop
 endfacet
 facet normal  9.870503e-01  3.577723e-15 -1.604113e-01
   outer loop
     vertex -2.586314e-02  2.500000e-02  6.120784e-04
     vertex -2.594822e-02 -2.500000e-02  8.858507e-05
     vertex -2.594822e-02  2.500000e-02  8.858507e-05
   endloop
 endfacet
 facet normal  9.199794e-01  2.824034e-15 -3.919666e-01
   outer loop
     vertex -2.565526e-02  2.500000e-02  1.100000e-03
     vertex -2.565526e-02 -2.500000e-02  1.100000e-03
     vertex -2.586314e-02 -2.500000e-02  6.120784e-04
   endloop
 endfacet
 facet normal  9.199794e-01  2.761961e-15 -3.919666e-01
   outer loop
     vertex -2.565526e-02  2.500000e-02  1.100000e-03
     vertex -2.586314e-02 -2.500000e-02  6.120784e-04
     vertex -2.586314e-02  2.500000e-02  6.120784e-04
   endloop
 endfacet
 facet normal -7.994428e-01 -1.702893e-15  6.007423e-01
   outer loop
     vertex -1.028835e-02  2.500000e-02  1.904411e-02
     vertex -9.969744e-03 -2.500000e-02  1.946810e-02
     vertex -9.969744e-03  2.500000e-02  1.946810e-02
   endloop
 endfacet
 facet normal -7.994428e-01 -1.674742e-15  6.007423e-01
   outer loop
     vertex -1.028835e-02  2.500000e-02  1.904411e-02
     vertex -1.028835e-02 -2.500000e-02  1.904411e-02
     vertex -9.969744e-03 -2.500000e-02  1.946810e-02
   endloop
 endfacet
 facet normal -6.324454e-01 -4.952002e-16  7.746050e-01
   outer loop
     vertex -1.069918e-02  2.500000e-02  1.870869e-02
     vertex -1.069918e-02 -2.500000e-02  1.870869e-02
     vertex -1.028835e-02 -2.500000e-02  1.904411e-02
   endloop
 endfacet
 facet normal -6.324454e-01 -4.731368e-16  7.746050e-01
   outer loop
     vertex -1.069918e-02  2.500000e-02  1.870869e-02
     vertex -1.028835e-02 -2.500000e-02  1.904411e-02
     vertex -1.028835e-02  2.500000e-02  1.904411e-02
   endloop
 endfacet
 facet normal -4.286926e-01  7.111105e-16  9.034504e-01
   outer loop
     vertex -1.117833e-02  2.500000e-02  1.848132e-02
     vertex -1.117833e-02 -2.500000e-02  1.848132e-02
     vertex -1.069918e-02 -2.500000e-02  1.870869e-02
   endloop
 endfacet
 facet normal -4.286926e-01  7.406488e-16  9.034504e-01
   outer loop
     vertex -1.117833e-02  2.500000e-02  1.848132e-02
     vertex -1.069918e-02 -2.500000e-02  1.870869e-02
     vertex -1.069918e-02  2.500000e-02  1.870869e-02
   endloop
 endfacet
 facet normal -2.000257e-01  1.845052e-15  9.797907e-01
   outer loop
     vertex -1.169797e-02  2.500000e-02  1.837524e-02
     vertex -1.169797e-02 -2.500000e-02  1.837524e-02
     vertex -1.117833e-02 -2.500000e-02  1.848132e-02
   endloop
 endfacet
 facet normal -2.000257e-01  1.919997e-15  9.797907e-01
   outer loop
     vertex -1.169797e-02  2.500000e-02  1.837524e-02
     vertex -1.117833e-02 -2.500000e-02  1.848132e-02
     vertex -1.117833e-02  2.500000e-02  1.848132e-02
   endloop
 endfacet
 facet normal  4.026594e-02  3.020059e-15  9.991890e-01
   outer loop
     vertex -1.222790e-02  2.500000e-02  1.839659e-02
     vertex -1.222790e-02 -2.500000e-02  1.839659e-02
     vertex -1.169797e-02 -2.500000e-02  1.837524e-02
   endloop
 endfacet
 facet normal  4.026594e-02  2.949307e-15  9.991890e-01
   outer loop
     vertex -1.222790e-02  2.500000e-02  1.839659e-02
     vertex -1.169797e-02 -2.500000e-02  1.837524e-02
     vertex -1.169797e-02  2.500000e-02  1.837524e-02
   endloop
 endfacet
 facet normal  2.782175e-01  3.919893e-15  9.605181e-01
   outer loop
     vertex -1.273733e-02  2.500000e-02  1.854415e-02
     vertex -1.273733e-02 -2.500000e-02  1.854415e-02
     vertex -1.222790e-02 -2.500000e-02  1.839659e-02
   endloop
 endfacet
 facet normal  2.782175e-01  3.958279e-15  9.605181e-01
   outer loop
     vertex -1.273733e-02  2.500000e-02  1.854415e-02
     vertex -1.222790e-02 -2.500000e-02  1.839659e-02
     vertex -1.222790e-02  2.500000e-02  1.839659e-02
   endloop
 endfacet
 facet normal  5.000000e-01  4.649548e-15  8.660254e-01
   outer loop
     vertex -1.319663e-02  2.500000e-02  1.880933e-02
     vertex -1.319663e-02 -2.500000e-02  1.880933e-02
     vertex -1.273733e-02 -2.500000e-02  1.854415e-02
   endloop
 endfacet
 facet normal  5.000000e-01  4.597612e-15  8.660254e-01
   outer loop
     vertex -1.319663e-02  2.500000e-02  1.880933e-02
     vertex -1.273733e-02 -2.500000e-02  1.854415e-02
     vertex -1.273733e-02  2.500000e-02  1.854415e-02
   endloop
 endfacet
 facet normal  6.927244e-01  5.007928e-15  7.212024e-01
   outer loop
     vertex -1.357913e-02  2.500000e-02  1.917672e-02
     vertex -1.357913e-02 -2.500000e-02  1.917672e-02
     vertex -1.319663e-02 -2.500000e-02  1.880933e-02
   endloop
 endfacet
 facet normal  6.927244e-01  5.079733e-15  7.212024e-01
   outer loop
     vertex -1.357913e-02  2.500000e-02  1.917672e-02
     vertex -1.319663e-02 -2.500000e-02  1.880933e-02
     vertex -1.319663e-02  2.500000e-02  1.880933e-02
   endloop
 endfacet
 facet normal  8.451901e-01  5.156631e-15  5.344658e-01
   outer loop
     vertex -1.386259e-02  2.500000e-02  1.962498e-02
     vertex -1.386259e-02 -2.500000e-02  1.962498e-02
     vertex -1.357913e-02 -2.500000e-02  1.917672e-02
   endloop
 endfacet
 facet normal  8.451901e-01  5.126647e-15  5.344658e-01
   outer loop
     vertex -1.386259e-02  2.500000e-02  1.962498e-02
     vertex -1.357913e-02 -2.500000e-02  1.917672e-02
     vertex -1.357913e-02  2.500000e-02  1.917672e-02
   endloop
 endfacet
 facet normal  9.485364e-01  4.828006e-15  3.166680e-01
   outer loop
     vertex -1.403054e-02  2.500000e-02  2.012805e-02
     vertex -1.403054e-02 -2.500000e-02  2.012805e-02
     vertex -1.386259e-02 -2.500000e-02  1.962498e-02
   endloop
 endfacet
 facet normal  9.485364e-01  4.981412e-15  3.166680e-01
   outer loop
     vertex -1.403054e-02  2.500000e-02  2.012805e-02
     vertex -1.386259e-02 -2.500000e-02  1.962498e-02
     vertex -1.386259e-02  2.500000e-02  1.962498e-02
   endloop
 endfacet
 facet normal  9.967573e-01  4.511503e-15  8.046657e-02
   outer loop
     vertex -1.407322e-02  2.500000e-02  2.065669e-02
     vertex -1.407322e-02 -2.500000e-02  2.065669e-02
     vertex -1.403054e-02 -2.500000e-02  2.012805e-02
   endloop
 endfacet
 facet normal  9.967573e-01  4.373272e-15  8.046657e-02
   outer loop
     vertex -1.407322e-02  2.500000e-02  2.065669e-02
     vertex -1.403054e-02 -2.500000e-02  2.012805e-02
     vertex -1.403054e-02  2.500000e-02  2.012805e-02
   endloop
 endfacet
 facet normal  9.870503e-01  3.824287e-15 -1.604113e-01
   outer loop
     vertex -1.398814e-02  2.500000e-02  2.118018e-02
     vertex -1.398814e-02 -2.500000e-02  2.118018e-02
     vertex -1.407322e-02 -2.500000e-02  2.065669e-02
   endloop
 endfacet
 facet normal  9.870503e-01  3.801066e-15 -1.604113e-01
   outer loop
     vertex -1.398814e-02  2.500000e-02  2.118018e-02
     vertex -1.407322e-02 -2.500000e-02  2.065669e-02
     vertex -1.407322e-02  2.500000e-02  2.065669e-02
   endloop
 endfacet
 facet normal  9.199794e-01  2.778896e-15 -3.919666e-01
   outer loop
     vertex -1.378026e-02  2.500000e-02  2.166810e-02
     vertex -1.378026e-02 -2.500000e-02  2.166810e-02
     vertex -1.398814e-02 -2.500000e-02  2.118018e-02
   endloop
 endfacet
 facet normal  9.199794e-01  2.874755e-15 -3.919666e-01
   outer loop
     vertex -1.378026e-02  2.500000e-02  2.166810e-02
     vertex -1.398814e-02 -2.500000e-02  2.118018e-02
     vertex -1.398814e-02  2.500000e-02  2.118018e-02
   endloop
 endfacet
 facet normal -7.994428e-01 -1.701895e-15  6.007423e-01
   outer loop
     vertex  1.346165e-02  2.500000e-02  1.904411e-02
     vertex  1.378026e-02 -2.500000e-02  1.946810e-02
     vertex  1.378026e-02  2.500000e-02  1.946810e-02
   endloop
 endfacet
 facet normal -7.994428e-01 -1.730214e-15  6.007423e-01
   outer loop
     vertex  1.346165e-02  2.500000e-02  1.904411e-02
     vertex  1.346165e-02 -2.500000e-02  1.904411e-02
     vertex  1.378026e-02 -2.500000e-02  1.946810e-02
   endloop
 endfacet
 facet normal -6.324454e-01 -4.513155e-16  7.746050e-01
   outer loop
     vertex  1.305082e-02  2.500000e-02  1.870869e-02
     vertex  1.305082e-02 -2.500000e-02  1.870869e-02
     vertex  1.346165e-02 -2.500000e-02  1.904411e-02
   endloop
 endfacet
 facet normal -6.324454e-01 -5.170567e-16  7.746050e-01
   outer loop
     vertex  1.305082e-02  2.500000e-02  1.870869e-02
     vertex  1.346165e-02 -2.500000e-02  1.904411e-02
     vertex  1.346165e-02  2.500000e-02  1.904411e-02
   endloop
 endfacet
 facet normal -4.286926e-01  7.079141e-16  9.034504e-01
   outer loop
     vertex  1.257167e-02  2.500000e-02  1.848132e-02
     vertex  1.257167e-02 -2.500000e-02  1.848132e-02
     vertex  1.305082e-02 -2.500000e-02  1.870869e-02
   endloop
 endfacet
 facet normal -4.286926e-01  7.705942e-16  9.034504e-01
   outer loop
     vertex  1.257167e-02  2.500000e-02  1.848132e-02
     vertex  1.305082e-02 -2.500000e-02  1.870869e-02
     vertex  1.305082e-02  2.500000e-02  1.870869e-02
   endloop
 endfacet
 facet normal -2.000257e-01  1.940798e-15  9.797907e-01
   outer loop
     vertex  1.205203e-02  2.500000e-02  1.837524e-02
     vertex  1.205203e-02 -2.500000e-02  1.837524e-02
     vertex  1.257167e-02 -2.500000e-02  1.848132e-02
   endloop
 endfacet
 facet normal -2.000257e-01  1.879821e-15  9.797907e-01
   outer loop
     vertex  1.205203e-02  2.500000e-02  1.837524e-02
     vertex  1.257167e-02 -2.500000e-02  1.848132e-02
     vertex  1.257167e-02  2.500000e-02  1.848132e-02
   endloop
 endfacet
 facet normal  4.026594e-02  3.008883e-15  9.991890e-01
   outer loop
     vertex  1.152210e-02  2.500000e-02  1.839659e-02
     vertex  1.152210e-02 -2.500000e-02  1.839659e-02
     vertex  1.205203e-02 -2.500000e-02  1.837524e-02
   endloop
 endfacet
 facet normal  4.026594e-02  3.013066e-15  9.991890e-01
   outer loop
     vertex  1.152210e-02  2.500000e-02  1.839659e-02
     vertex  1.205203e-02 -2.500000e-02  1.837524e-02
     vertex  1.205203e-02  2.500000e-02  1.837524e-02
   endloop
 endfacet
 facet normal  2.782175e-01  3.843591e-15  9.605181e-01
   outer loop
     vertex  1.101267e-02  2.500000e-02  1.854415e-02
     vertex  1.101267e-02 -2.500000e-02  1.854415e-02
     vertex  1.152210e-02 -2.500000e-02  1.839659e-02
   endloop
 endfacet
 facet normal  2.782175e-01  3.881419e-15  9.605181e-01
   outer loop
     vertex  1.101267e-02  2.500000e-02  1.854415e-02
     vertex  1.152210e-02 -2.500000e-02  1.839659e-02
     vertex  1.152210e-02  2.500000e-02  1.839659e-02
   endloop
 endfacet
 facet normal  5.000000e-01  4.614853e-15  8.660254e-01
   outer loop
     vertex  1.055337e-02  2.500000e-02  1.880933e-02
     vertex  1.055337e-02 -2.500000e-02  1.880933e-02
     vertex  1.101267e-02 -2.500000e-02  1.854415e-02
   endloop
 endfacet
 facet normal  5.000000e-01  4.519754e-15  8.660254e-01
   outer loop
     vertex  1.055337e-02  2.500000e-02  1.880933e-02
     vertex  1.101267e-02 -2.500000e-02  1.854415e-02
     vertex  1.101267e-02  2.500000e-02  1.854415e-02
   endloop
 endfacet
 facet normal  6.927244e-01  4.933851e-15  7.212024e-01
   outer loop
     vertex  1.017087e-02  2.500000e-02  1.917672e-02
     vertex  1.017087e-02 -2.500000e-02  1.917672e-02
     vertex  1.055337e-02 -2.500000e-02  1.880933e-02
   endloop
 endfacet
 facet normal  6.927244e-01  5.031820e-15  7.212024e-01
   outer loop
     vertex  1.017087e-02  2.500000e-02  1.917672e-02
     vertex  1.055337e-02 -2.500000e-02  1.880933e-02
     vertex  1.055337e-02  2.500000e-02  1.880933e-02
   endloop
 endfacet
 facet normal  8.451901e-01  5.039337e-15  5.344658e-01
   outer loop
     vertex  9.887409e-03  2.500000e-02  1.962498e-02
     vertex  9.887409e-03 -2.500000e-02  1.962498e-02
     vertex  1.017087e-02 -2.500000e-02  1.917672e-02
   endloop
 endfacet
 facet normal  8.451901e-01  5.060767e-15  5.344658e-01
   outer loop
     vertex  9.887409e-03  2.500000e-02  1.962498e-02
     vertex  1.017087e-02 -2.500000e-02  1.917672e-02
     vertex  1.017087e-02  2.500000e-02  1.917672e-02
   endloop
 endfacet
 facet normal  9.485364e-01  4.915798e-15  3.166680e-01
   outer loop
     vertex  9.719461e-03  2.500000e-02  2.012805e-02
     vertex  9.719461e-03 -2.500000e-02  2.012805e-02
     vertex  9.887409e-03 -2.500000e-02  1.962498e-02
   endloop
 endfacet
 facet normal  9.485364e-01  4.849653e-15  3.166680e-01
   outer loop
     vertex  9.719461e-03  2.500000e-02  2.012805e-02
     vertex  9.887409e-03 -2.500000e-02  1.962498e-02
     vertex  9.887409e-03  2.500000e-02  1.962498e-02
   endloop
 endfacet
 facet normal  9.967573e-01  4.482505e-15  8.046657e-02
   outer loop
     vertex  9.676784e-03  2.500000e-02  2.065669e-02
     vertex  9.676784e-03 -2.500000e-02  2.065669e-02
     vertex  9.719461e-03 -2.500000e-02  2.012805e-02
   endloop
 endfacet
 facet normal  9.967573e-01  4.448010e-15  8.046657e-02
   outer loop
     vertex  9.676784e-03  2.500000e-02  2.065669e-02
     vertex  9.719461e-03 -2.500000e-02  2.012805e-02
     vertex  9.719461e-03  2.500000e-02  2.012805e-02
   endloop
 endfacet
 facet normal  9.870503e-01  3.687306e-15 -1.604113e-01
   outer loop
     vertex  9.761860e-03  2.500000e-02  2.118018e-02
     vertex  9.761860e-03 -2.500000e-02  2.118018e-02
     vertex  9.676784e-03 -2.500000e-02  2.065669e-02
   endloop
 endfacet
 facet normal  9.870503e-01  3.755898e-15 -1.604113e-01
   outer loop
     vertex  9.761860e-03  2.500000e-02  2.118018e-02
     vertex  9.676784e-03 -2.500000e-02  2.065669e-02
     vertex  9.676784e-03  2.500000e-02  2.065669e-02
   endloop
 endfacet
 facet normal  9.199794e-01  2.778896e-15 -3.919666e-01
   outer loop
     vertex  9.969744e-03  2.500000e-02  2.166810e-02
     vertex  9.969744e-03 -2.500000e-02  2.166810e-02
     vertex  9.761860e-03 -2.500000e-02  2.118018e-02
   endloop
 endfacet
 facet normal  9.199794e-01  2.746989e-15 -3.919666e-01
   outer loop
     vertex  9.969744e-03  2.500000e-02  2.166810e-02
     vertex  9.761860e-03 -2.500000e-02  2.118018e-02
     vertex  9.761860e-03  2.500000e-02  2.118018e-02
   endloop
 endfacet
 facet normal -7.994428e-01 -1.811695e-15  6.007423e-01
   outer loop
     vertex  2.533665e-02  2.500000e-02 -1.523994e-03
     vertex  2.565526e-02 -2.500000e-02 -1.100000e-03
     vertex  2.565526e-02  2.500000e-02 -1.100000e-03
   endloop
 endfacet
 facet normal -7.994428e-01 -1.759634e-15  6.007423e-01
   outer loop
     vertex  2.533665e-02  2.500000e-02 -1.523994e-03
     vertex  2.533665e-02 -2.500000e-02 -1.523994e-03
     vertex  2.565526e-02 -2.500000e-02 -1.100000e-03
   endloop
 endfacet
 facet normal -6.324454e-01 -3.957800e-16  7.746050e-01
   outer loop
     vertex  2.492582e-02  2.500000e-02 -1.859418e-03
     vertex  2.492582e-02 -2.500000e-02 -1.859418e-03
     vertex  2.533665e-02 -2.500000e-02 -1.523994e-03
   endloop
 endfacet
 facet normal -6.324454e-01 -5.270385e-16  7.746050e-01
   outer loop
     vertex  2.492582e-02  2.500000e-02 -1.859418e-03
     vertex  2.533665e-02 -2.500000e-02 -1.523994e-03
     vertex  2.533665e-02  2.500000e-02 -1.523994e-03
   endloop
 endfacet
 facet normal -4.286926e-01  7.949112e-16  9.034504e-01
   outer loop
     vertex  2.444667e-02  2.500000e-02 -2.086780e-03
     vertex  2.444667e-02 -2.500000e-02 -2.086780e-03
     vertex  2.492582e-02 -2.500000e-02 -1.859418e-03
   endloop
 endfacet
 facet normal -4.286926e-01  8.249949e-16  9.034504e-01
   outer loop
     vertex  2.444667e-02  2.500000e-02 -2.086780e-03
     vertex  2.492582e-02 -2.500000e-02 -1.859418e-03
     vertex  2.492582e-02  2.500000e-02 -1.859418e-03
   endloop
 endfacet
 facet normal -2.000257e-01  1.955531e-15  9.797907e-01
   outer loop
     vertex  2.392703e-02  2.500000e-02 -2.192866e-03
     vertex  2.392703e-02 -2.500000e-02 -2.192866e-03
     vertex  2.444667e-02 -2.500000e-02 -2.086780e-03
   endloop
 endfacet
 facet normal -2.000257e-01  1.983132e-15  9.797907e-01
   outer loop
     vertex  2.392703e-02  2.500000e-02 -2.192866e-03
     vertex  2.444667e-02 -2.500000e-02 -2.086780e-03
     vertex  2.444667e-02  2.500000e-02 -2.086780e-03
   endloop
 endfacet
 facet normal  4.026594e-02  3.061995e-15  9.991890e-01
   outer loop
     vertex  2.339710e-02  2.500000e-02 -2.171511e-03
     vertex  2.339710e-02 -2.500000e-02 -2.171511e-03
     vertex  2.392703e-02 -2.500000e-02 -2.192866e-03
   endloop
 endfacet
 facet normal  4.026594e-02  3.061976e-15  9.991890e-01
   outer loop
     vertex  2.339710e-02  2.500000e-02 -2.171511e-03
     vertex  2.392703e-02 -2.500000e-02 -2.192866e-03
     vertex  2.392703e-02  2.500000e-02 -2.192866e-03
   endloop
 endfacet
 facet normal  2.782175e-01  3.932591e-15  9.605181e-01
   outer loop
     vertex  2.288767e-02  2.500000e-02 -2.023955e-03
     vertex  2.288767e-02 -2.500000e-02 -2.023955e-03
     vertex  2.339710e-02 -2.500000e-02 -2.171511e-03
   endloop
 endfacet
 facet normal  2.782175e-01  3.990720e-15  9.605181e-01
   outer loop
     vertex  2.288767e-02  2.500000e-02 -2.023955e-03
     vertex  2.339710e-02 -2.500000e-02 -2.171511e-03
     vertex  2.339710e-02  2.500000e-02 -2.171511e-03
   endloop
 endfacet
 facet normal  5.000000e-01  4.617716e-15  8.660254e-01
   outer loop
     vertex  2.242837e-02  2.500000e-02 -1.758774e-03
     vertex  2.242837e-02 -2.500000e-02 -1.758774e-03
     vertex  2.288767e-02 -2.500000e-02 -2.023955e-03
   endloop
 endfacet
 facet normal  5.000000e-01  4.582640e-15  8.660254e-01
   outer loop
     vertex  2.242837e-02  2.500000e-02 -1.758774e-03
     vertex  2.288767e-02 -2.500000e-02 -2.023955e-03
     vertex  2.288767e-02  2.500000e-02 -2.023955e-03
   endloop
 endfacet
 facet normal  6.927244e-01  5.015171e-15  7.212024e-01
   outer loop
     vertex  2.204587e-02  2.500000e-02 -1.391380e-03
     vertex  2.204587e-02 -2.500000e-02 -1.391380e-03
     vertex  2.242837e-02 -2.500000e-02 -1.758774e-03
   endloop
 endfacet
 facet normal  6.927244e-01  5.014851e-15  7.212024e-01
   outer loop
     vertex  2.204587e-02  2.500000e-02 -1.391380e-03
     vertex  2.242837e-02 -2.500000e-02 -1.758774e-03
     vertex  2.242837e-02  2.500000e-02 -1.758774e-03
   endloop
 endfacet
 facet normal  8.451901e-01  5.063675e-15  5.344658e-01
   outer loop
     vertex  2.176241e-02  2.500000e-02 -9.431236e-04
     vertex  2.176241e-02 -2.500000e-02 -9.431236e-04
     vertex  2.204587e-02 -2.500000e-02 -1.391380e-03
   endloop
 endfacet
 facet normal  8.451901e-01  5.121656e-15  5.344658e-01
   outer loop
     vertex  2.176241e-02  2.500000e-02 -9.431236e-04
     vertex  2.204587e-02 -2.500000e-02 -1.391380e-03
     vertex  2.204587e-02  2.500000e-02 -1.391380e-03
   endloop
 endfacet
 facet normal  9.485364e-01  4.995692e-15  3.166680e-01
   outer loop
     vertex  2.159446e-02  2.500000e-02 -4.400565e-04
     vertex  2.159446e-02 -2.500000e-02 -4.400565e-04
     vertex  2.176241e-02 -2.500000e-02 -9.431236e-04
   endloop
 endfacet
 facet normal  9.485364e-01  4.864625e-15  3.166680e-01
   outer loop
     vertex  2.159446e-02  2.500000e-02 -4.400565e-04
     vertex  2.176241e-02 -2.500000e-02 -9.431236e-04
     vertex  2.176241e-02  2.500000e-02 -9.431236e-04
   endloop
 endfacet
 facet normal  9.967573e-01  4.520707e-15  8.046657e-02
   outer loop
     vertex  2.155178e-02  2.500000e-02  8.858507e-05
     vertex  2.155178e-02 -2.500000e-02  8.858507e-05
     vertex  2.159446e-02 -2.500000e-02 -4.400565e-04
   endloop
 endfacet
 facet normal  9.967573e-01  4.520753e-15  8.046657e-02
   outer loop
     vertex  2.155178e-02  2.500000e-02  8.858507e-05
     vertex  2.159446e-02 -2.500000e-02 -4.400565e-04
     vertex  2.159446e-02  2.500000e-02 -4.400565e-04
   endloop
 endfacet
 facet normal  9.870503e-01  3.782737e-15 -1.604113e-01
   outer loop
     vertex  2.163686e-02  2.500000e-02  6.120784e-04
     vertex  2.163686e-02 -2.500000e-02  6.120784e-04
     vertex  2.155178e-02 -2.500000e-02  8.858507e-05
   endloop
 endfacet
 facet normal  9.870503e-01  3.782849e-15 -1.604113e-01
   outer loop
     vertex  2.163686e-02  2.500000e-02  6.120784e-04
     vertex  2.155178e-02 -2.500000e-02  8.858507e-05
     vertex  2.155178e-02  2.500000e-02  8.858507e-05
   endloop
 endfacet
 facet normal  9.199794e-01  2.824034e-15 -3.919666e-01
   outer loop
     vertex  2.184474e-02  2.500000e-02  1.100000e-03
     vertex  2.184474e-02 -2.500000e-02  1.100000e-03
     vertex  2.163686e-02 -2.500000e-02  6.120784e-04
   endloop
 endfacet
 facet normal  9.199794e-01  2.824847e-15 -3.919666e-01
   outer loop
     vertex  2.184474e-02  2.500000e-02  1.100000e-03
     vertex  2.163686e-02 -2.500000e-02  6.120784e-04
     vertex  2.163686e-02  2.500000e-02  6.120784e-04
   endloop
 endfacet
 facet normal -7.994428e-01 -1.673946e-15  6.007423e-01
   outer loop
     vertex  1.346165e-02  2.500000e-02 -2.209210e-02
     vertex  1.378026e-02 -2.500000e-02 -2.166810e-02
     vertex  1.378026e-02  2.500000e-02 -2.166810e-02
   endloop
 endfacet
 facet normal -7.994428e-01 -1.702478e-15  6.007423e-01
   outer loop
     vertex  1.346165e-02  2.500000e-02 -2.209210e-02
     vertex  1.346165e-02 -2.500000e-02 -2.209210e-02
     vertex  1.378026e-02 -2.500000e-02 -2.166810e-02
   endloop
 endfacet
 facet normal -6.324454e-01 -4.513155e-16  7.746050e-01
   outer loop
     vertex  1.305082e-02  2.500000e-02 -2.242752e-02
     vertex  1.305082e-02 -2.500000e-02 -2.242752e-02
     vertex  1.346165e-02 -2.500000e-02 -2.209210e-02
   endloop
 endfacet
 facet normal -6.324454e-01 -4.950968e-16  7.746050e-01
   outer loop
     vertex  1.305082e-02  2.500000e-02 -2.242752e-02
     vertex  1.346165e-02 -2.500000e-02 -2.209210e-02
     vertex  1.346165e-02  2.500000e-02 -2.209210e-02
   endloop
 endfacet
 facet normal -4.286926e-01  6.930408e-16  9.034504e-01
   outer loop
     vertex  1.257167e-02  2.500000e-02 -2.265488e-02
     vertex  1.257167e-02 -2.500000e-02 -2.265488e-02
     vertex  1.305082e-02 -2.500000e-02 -2.242752e-02
   endloop
 endfacet
 facet normal -4.286926e-01  7.705942e-16  9.034504e-01
   outer loop
     vertex  1.257167e-02  2.500000e-02 -2.265488e-02
     vertex  1.305082e-02 -2.500000e-02 -2.242752e-02
     vertex  1.305082e-02  2.500000e-02 -2.242752e-02
   endloop
 endfacet
 facet normal -2.000257e-01  1.947738e-15  9.797907e-01
   outer loop
     vertex  1.205203e-02  2.500000e-02 -2.276097e-02
     vertex  1.205203e-02 -2.500000e-02 -2.276097e-02
     vertex  1.257167e-02 -2.500000e-02 -2.265488e-02
   endloop
 endfacet
 facet normal -2.000257e-01  1.872833e-15  9.797907e-01
   outer loop
     vertex  1.205203e-02  2.500000e-02 -2.276097e-02
     vertex  1.257167e-02 -2.500000e-02 -2.265488e-02
     vertex  1.257167e-02  2.500000e-02 -2.265488e-02
   endloop
 endfacet
 facet normal  4.026594e-02  3.015868e-15  9.991890e-01
   outer loop
     vertex  1.152210e-02  2.500000e-02 -2.273961e-02
     vertex  1.152210e-02 -2.500000e-02 -2.273961e-02
     vertex  1.205203e-02 -2.500000e-02 -2.276097e-02
   endloop
 endfacet
 facet normal  4.026594e-02  3.011693e-15  9.991890e-01
   outer loop
     vertex  1.152210e-02  2.500000e-02 -2.273961e-02
     vertex  1.205203e-02 -2.500000e-02 -2.276097e-02
     vertex  1.205203e-02  2.500000e-02 -2.276097e-02
   endloop
 endfacet
 facet normal  2.782175e-01  3.853244e-15  9.605181e-01
   outer loop
     vertex  1.101267e-02  2.500000e-02 -2.259206e-02
     vertex  1.101267e-02 -2.500000e-02 -2.259206e-02
     vertex  1.152210e-02 -2.500000e-02 -2.273961e-02
   endloop
 endfacet
 facet normal  2.782175e-01  3.929332e-15  9.605181e-01
   outer loop
     vertex  1.101267e-02  2.500000e-02 -2.259206e-02
     vertex  1.152210e-02 -2.500000e-02 -2.273961e-02
     vertex  1.152210e-02  2.500000e-02 -2.273961e-02
   endloop
 endfacet
 facet normal  5.000000e-01  4.545464e-15  8.660254e-01
   outer loop
     vertex  1.055337e-02  2.500000e-02 -2.232688e-02
     vertex  1.055337e-02 -2.500000e-02 -2.232688e-02
     vertex  1.101267e-02 -2.500000e-02 -2.259206e-02
   endloop
 endfacet
 facet normal  5.000000e-01  4.537722e-15  8.660254e-01
   outer loop
     vertex  1.055337e-02  2.500000e-02 -2.232688e-02
     vertex  1.101267e-02 -2.500000e-02 -2.259206e-02
     vertex  1.101267e-02  2.500000e-02 -2.259206e-02
   endloop
 endfacet
 facet normal  6.927244e-01  4.957884e-15  7.212024e-01
   outer loop
     vertex  1.017087e-02  2.500000e-02 -2.195948e-02
     vertex  1.017087e-02 -2.500000e-02 -2.195948e-02
     vertex  1.055337e-02 -2.500000e-02 -2.232688e-02
   endloop
 endfacet
 facet normal  6.927244e-01  4.935995e-15  7.212024e-01
   outer loop
     vertex  1.017087e-02  2.500000e-02 -2.195948e-02
     vertex  1.055337e-02 -2.500000e-02 -2.232688e-02
     vertex  1.055337e-02  2.500000e-02 -2.232688e-02
   endloop
 endfacet
 facet normal  8.451901e-01  5.215278e-15  5.344658e-01
   outer loop
     vertex  9.887409e-03  2.500000e-02 -2.151123e-02
     vertex  9.887409e-03 -2.500000e-02 -2.151123e-02
     vertex  1.017087e-02 -2.500000e-02 -2.195948e-02
   endloop
 endfacet
 facet normal  8.451901e-01  5.089715e-15  5.344658e-01
   outer loop
     vertex  9.887409e-03  2.500000e-02 -2.151123e-02
     vertex  1.017087e-02 -2.500000e-02 -2.195948e-02
     vertex  1.017087e-02  2.500000e-02 -2.195948e-02
   endloop
 endfacet
 facet normal  9.485364e-01  4.882889e-15  3.166680e-01
   outer loop
     vertex  9.719461e-03  2.500000e-02 -2.100816e-02
     vertex  9.719461e-03 -2.500000e-02 -2.100816e-02
     vertex  9.887409e-03 -2.500000e-02 -2.151123e-02
   endloop
 endfacet
 facet normal  9.485364e-01  5.047292e-15  3.166680e-01
   outer loop
     vertex  9.719461e-03  2.500000e-02 -2.100816e-02
     vertex  9.887409e-03 -2.500000e-02 -2.151123e-02
     vertex  9.887409e-03  2.500000e-02 -2.151123e-02
   endloop
 endfacet
 facet normal  9.967573e-01  4.447923e-15  8.046657e-02
   outer loop
     vertex  9.676784e-03  2.500000e-02 -2.047952e-02
     vertex  9.676784e-03 -2.500000e-02 -2.047952e-02
     vertex  9.719461e-03 -2.500000e-02 -2.100816e-02
   endloop
 endfacet
 facet normal  9.967573e-01  4.413448e-15  8.046657e-02
   outer loop
     vertex  9.676784e-03  2.500000e-02 -2.047952e-02
     vertex  9.719461e-03 -2.500000e-02 -2.100816e-02
     vertex  9.719461e-03  2.500000e-02 -2.100816e-02
   endloop
 endfacet
 facet normal  9.870503e-01  3.687306e-15 -1.604113e-01
   outer loop
     vertex  9.761860e-03  2.500000e-02 -1.995602e-02
     vertex  9.761860e-03 -2.500000e-02 -1.995602e-02
     vertex  9.676784e-03 -2.500000e-02 -2.047952e-02
   endloop
 endfacet
 facet normal  9.870503e-01  3.721461e-15 -1.604113e-01
   outer loop
     vertex  9.761860e-03  2.500000e-02 -1.995602e-02
     vertex  9.676784e-03 -2.500000e-02 -2.047952e-02
     vertex  9.676784e-03  2.500000e-02 -2.047952e-02
   endloop
 endfacet
 facet normal  9.199794e-01  2.810814e-15 -3.919666e-01
   outer loop
     vertex  9.969744e-03  2.500000e-02 -1.946810e-02
     vertex  9.969744e-03 -2.500000e-02 -1.946810e-02
     vertex  9.761860e-03 -2.500000e-02 -1.995602e-02
   endloop
 endfacet
 facet normal  9.199794e-01  2.746989e-15 -3.919666e-01
   outer loop
     vertex  9.969744e-03  2.500000e-02 -1.946810e-02
     vertex  9.761860e-03 -2.500000e-02 -1.995602e-02
     vertex  9.761860e-03  2.500000e-02 -1.995602e-02
   endloop
 endfacet
 facet normal -7.994428e-01 -1.674944e-15  6.007423e-01
   outer loop
     vertex -1.028835e-02  2.500000e-02 -2.209210e-02
     vertex -9.969744e-03 -2.500000e-02 -2.166810e-02
     vertex -9.969744e-03  2.500000e-02 -2.166810e-02
   endloop
 endfacet
 facet normal -7.994428e-01 -1.702478e-15  6.007423e-01
   outer loop
     vertex -1.028835e-02  2.500000e-02 -2.209210e-02
     vertex -1.028835e-02 -2.500000e-02 -2.209210e-02
     vertex -9.969744e-03 -2.500000e-02 -2.166810e-02
   endloop
 endfacet
 facet normal -6.324454e-01 -4.732579e-16  7.746050e-01
   outer loop
     vertex -1.069918e-02  2.500000e-02 -2.242752e-02
     vertex -1.069918e-02 -2.500000e-02 -2.242752e-02
     vertex -1.028835e-02 -2.500000e-02 -2.209210e-02
   endloop
 endfacet
 facet normal -6.324454e-01 -4.950968e-16  7.746050e-01
   outer loop
     vertex -1.069918e-02  2.500000e-02 -2.242752e-02
     vertex -1.028835e-02 -2.500000e-02 -2.209210e-02
     vertex -1.028835e-02  2.500000e-02 -2.209210e-02
   endloop
 endfacet
 facet normal -4.286926e-01  7.854768e-16  9.034504e-01
   outer loop
     vertex -1.117833e-02  2.500000e-02 -2.265488e-02
     vertex -1.117833e-02 -2.500000e-02 -2.265488e-02
     vertex -1.069918e-02 -2.500000e-02 -2.242752e-02
   endloop
 endfacet
 facet normal -4.286926e-01  7.556215e-16  9.034504e-01
   outer loop
     vertex -1.117833e-02  2.500000e-02 -2.265488e-02
     vertex -1.069918e-02 -2.500000e-02 -2.242752e-02
     vertex -1.069918e-02  2.500000e-02 -2.242752e-02
   endloop
 endfacet
 facet normal -2.000257e-01  1.879751e-15  9.797907e-01
   outer loop
     vertex -1.169797e-02  2.500000e-02 -2.276097e-02
     vertex -1.169797e-02 -2.500000e-02 -2.276097e-02
     vertex -1.117833e-02 -2.500000e-02 -2.265488e-02
   endloop
 endfacet
 facet normal -2.000257e-01  1.954684e-15  9.797907e-01
   outer loop
     vertex -1.169797e-02  2.500000e-02 -2.276097e-02
     vertex -1.117833e-02 -2.500000e-02 -2.265488e-02
     vertex -1.117833e-02  2.500000e-02 -2.265488e-02
   endloop
 endfacet
 facet normal  4.026594e-02  3.013074e-15  9.991890e-01
   outer loop
     vertex -1.222790e-02  2.500000e-02 -2.273961e-02
     vertex -1.222790e-02 -2.500000e-02 -2.273961e-02
     vertex -1.169797e-02 -2.500000e-02 -2.276097e-02
   endloop
 endfacet
 facet normal  4.026594e-02  2.942382e-15  9.991890e-01
   outer loop
     vertex -1.222790e-02  2.500000e-02 -2.273961e-02
     vertex -1.169797e-02 -2.500000e-02 -2.276097e-02
     vertex -1.169797e-02  2.500000e-02 -2.276097e-02
   endloop
 endfacet
 facet normal  2.782175e-01  3.910241e-15  9.605181e-01
   outer loop
     vertex -1.273733e-02  2.500000e-02 -2.259206e-02
     vertex -1.273733e-02 -2.500000e-02 -2.259206e-02
     vertex -1.222790e-02 -2.500000e-02 -2.273961e-02
   endloop
 endfacet
 facet normal  2.782175e-01  3.910366e-15  9.605181e-01
   outer loop
     vertex -1.273733e-02  2.500000e-02 -2.259206e-02
     vertex -1.222790e-02 -2.500000e-02 -2.273961e-02
     vertex -1.222790e-02  2.500000e-02 -2.273961e-02
   endloop
 endfacet
 facet normal  5.000000e-01  4.562811e-15  8.660254e-01
   outer loop
     vertex -1.319663e-02  2.500000e-02 -2.232688e-02
     vertex -1.319663e-02 -2.500000e-02 -2.232688e-02
     vertex -1.273733e-02 -2.500000e-02 -2.259206e-02
   endloop
 endfacet
 facet normal  5.000000e-01  4.580643e-15  8.660254e-01
   outer loop
     vertex -1.319663e-02  2.500000e-02 -2.232688e-02
     vertex -1.273733e-02 -2.500000e-02 -2.259206e-02
     vertex -1.273733e-02  2.500000e-02 -2.259206e-02
   endloop
 endfacet
 facet normal  6.927244e-01  4.983894e-15  7.212024e-01
   outer loop
     vertex -1.357913e-02  2.500000e-02 -2.195948e-02
     vertex -1.357913e-02 -2.500000e-02 -2.195948e-02
     vertex -1.319663e-02 -2.500000e-02 -2.232688e-02
   endloop
 endfacet
 facet normal  6.927244e-01  4.959951e-15  7.212024e-01
   outer loop
     vertex -1.357913e-02  2.500000e-02 -2.195948e-02
     vertex -1.319663e-02 -2.500000e-02 -2.232688e-02
     vertex -1.319663e-02  2.500000e-02 -2.232688e-02
   endloop
 endfacet
 facet normal  8.451901e-01  5.097984e-15  5.344658e-01
   outer loop
     vertex -1.386259e-02  2.500000e-02 -2.151123e-02
     vertex -1.386259e-02 -2.500000e-02 -2.151123e-02
     vertex -1.357913e-02 -2.500000e-02 -2.195948e-02
   endloop
 endfacet
 facet normal  8.451901e-01  5.098698e-15  5.344658e-01
   outer loop
     vertex -1.386259e-02  2.500000e-02 -2.151123e-02
     vertex -1.357913e-02 -2.500000e-02 -2.195948e-02
     vertex -1.357913e-02  2.500000e-02 -2.195948e-02
   endloop
 endfacet
 facet normal  9.485364e-01  4.762189e-15  3.166680e-01
   outer loop
     vertex -1.403054e-02  2.500000e-02 -2.100816e-02
     vertex -1.403054e-02 -2.500000e-02 -2.100816e-02
     vertex -1.386259e-02 -2.500000e-02 -2.151123e-02
   endloop
 endfacet
 facet normal  9.485364e-01  4.915532e-15  3.166680e-01
   outer loop
     vertex -1.403054e-02  2.500000e-02 -2.100816e-02
     vertex -1.386259e-02 -2.500000e-02 -2.151123e-02
     vertex -1.386259e-02  2.500000e-02 -2.151123e-02
   endloop
 endfacet
 facet normal  9.967573e-01  4.442339e-15  8.046657e-02
   outer loop
     vertex -1.407322e-02  2.500000e-02 -2.047952e-02
     vertex -1.407322e-02 -2.500000e-02 -2.047952e-02
     vertex -1.403054e-02 -2.500000e-02 -2.100816e-02
   endloop
 endfacet
 facet normal  9.967573e-01  4.304023e-15  8.046657e-02
   outer loop
     vertex -1.407322e-02  2.500000e-02 -2.047952e-02
     vertex -1.403054e-02 -2.500000e-02 -2.100816e-02
     vertex -1.403054e-02  2.500000e-02 -2.100816e-02
   endloop
 endfacet
 facet normal  9.870503e-01  3.550325e-15 -1.604113e-01
   outer loop
     vertex -1.398814e-02  2.500000e-02 -1.995602e-02
     vertex -1.398814e-02 -2.500000e-02 -1.995602e-02
     vertex -1.407322e-02 -2.500000e-02 -2.047952e-02
   endloop
 endfacet
 facet normal  9.870503e-01  3.732690e-15 -1.604113e-01
   outer loop
     vertex -1.398814e-02  2.500000e-02 -1.995602e-02
     vertex -1.407322e-02 -2.500000e-02 -2.047952e-02
     vertex -1.407322e-02  2.500000e-02 -2.047952e-02
   endloop
 endfacet
 facet normal  9.199794e-01  2.810814e-15 -3.919666e-01
   outer loop
     vertex -1.378026e-02  2.500000e-02 -1.946810e-02
     vertex -1.378026e-02 -2.500000e-02 -1.946810e-02
     vertex -1.398814e-02 -2.500000e-02 -1.995602e-02
   endloop
 endfacet
 facet normal  9.199794e-01  2.619222e-15 -3.919666e-01
   outer loop
     vertex -1.378026e-02  2.500000e-02 -1.946810e-02
     vertex -1.398814e-02 -2.500000e-02 -1.995602e-02
     vertex -1.398814e-02  2.500000e-02 -1.995602e-02
   endloop
 endfacet
 facet normal -7.994428e-01 -1.657734e-14  6.007423e-01
   outer loop
     vertex -2.015040e-02  2.500000e-02  1.935472e-02
     vertex -2.419675e-02  2.400000e-02  1.397000e-02
     vertex -2.015040e-02  2.400000e-02  1.935472e-02
   endloop
 endfacet
 facet normal -7.994428e-01 -2.515097e-15  6.007423e-01
   outer loop
     vertex -2.015040e-02  2.500000e-02  1.935472e-02
     vertex -2.419675e-02  2.500000e-02  1.397000e-02
     vertex -2.419675e-02  2.400000e-02  1.397000e-02
   endloop
 endfacet
 facet normal -6.324454e-01 -9.934283e-15  7.746050e-01
   outer loop
     vertex -1.493298e-02  2.500000e-02  2.361461e-02
     vertex -2.015040e-02  2.400000e-02  1.935472e-02
     vertex -1.493298e-02  2.400000e-02  2.361461e-02
   endloop
 endfacet
 facet normal -6.324454e-01  3.521135e-15  7.746050e-01
   outer loop
     vertex -1.493298e-02  2.500000e-02  2.361461e-02
     vertex -2.015040e-02  2.500000e-02  1.935472e-02
     vertex -2.015040e-02  2.400000e-02  1.935472e-02
   endloop
 endfacet
 facet normal -4.286926e-01 -1.093968e-14  9.034504e-01
   outer loop
     vertex -8.847704e-03  2.500000e-02  2.650211e-02
     vertex -1.493298e-02  2.400000e-02  2.361461e-02
     vertex -8.847704e-03  2.400000e-02  2.650211e-02
   endloop
 endfacet
 facet normal -4.286926e-01  7.545290e-15  9.034504e-01
   outer loop
     vertex -8.847704e-03  2.500000e-02  2.650211e-02
     vertex -1.493298e-02  2.500000e-02  2.361461e-02
     vertex -1.493298e-02  2.400000e-02  2.361461e-02
   endloop
 endfacet
 facet normal -2.000257e-01 -5.345961e-15  9.797907e-01
   outer loop
     vertex -2.248236e-03  2.500000e-02  2.784940e-02
     vertex -8.847704e-03  2.400000e-02  2.650211e-02
     vertex -2.248236e-03  2.400000e-02  2.784940e-02
   endloop
 endfacet
 facet normal -2.000257e-01  6.539251e-15  9.797907e-01
   outer loop
     vertex -2.248236e-03  2.500000e-02  2.784940e-02
     vertex -8.847704e-03  2.500000e-02  2.650211e-02
     vertex -8.847704e-03  2.400000e-02  2.650211e-02
   endloop
 endfacet
 facet normal  4.026594e-02 -7.745589e-15  9.991890e-01
   outer loop
     vertex  4.481891e-03  2.500000e-02  2.757818e-02
     vertex -2.248236e-03  2.400000e-02  2.784940e-02
     vertex  4.481891e-03  2.400000e-02  2.757818e-02
   endloop
 endfacet
 facet normal  4.026594e-02  9.368735e-15  9.991890e-01
   outer loop
     vertex  4.481891e-03  2.500000e-02  2.757818e-02
     vertex -2.248236e-03  2.500000e-02  2.784940e-02
     vertex -2.248236e-03  2.400000e-02  2.784940e-02
   endloop
 endfacet
 facet normal  2.782175e-01 -1.218161e-15  9.605181e-01
   outer loop
     vertex  1.095155e-02  2.500000e-02  2.570423e-02
     vertex  4.481891e-03  2.400000e-02  2.757818e-02
     vertex  1.095155e-02  2.400000e-02  2.570423e-02
   endloop
 endfacet
 facet normal  2.782175e-01  8.299819e-15  9.605181e-01
   outer loop
     vertex  1.095155e-02  2.500000e-02  2.570423e-02
     vertex  4.481891e-03  2.500000e-02  2.757818e-02
     vertex  4.481891e-03  2.400000e-02  2.757818e-02
   endloop
 endfacet
 facet normal  5.000000e-01  7.993077e-15  8.660254e-01
   outer loop
     vertex  1.678474e-02  2.500000e-02  2.233643e-02
     vertex  1.095155e-02  2.400000e-02  2.570423e-02
     vertex  1.678474e-02  2.400000e-02  2.233643e-02
   endloop
 endfacet
 facet normal  5.000000e-01  1.257548e-14  8.660254e-01
   outer loop
     vertex  1.678474e-02  2.500000e-02  2.233643e-02
     vertex  1.095155e-02  2.500000e-02  2.570423e-02
     vertex  1.095155e-02  2.400000e-02  2.570423e-02
   endloop
 endfacet
 facet normal  6.927244e-01 -7.904259e-16  7.212024e-01
   outer loop
     vertex  2.164246e-02  2.500000e-02  1.767052e-02
     vertex  1.678474e-02  2.400000e-02  2.233643e-02
     vertex  2.164246e-02  2.400000e-02  1.767052e-02
   endloop
 endfacet
 facet normal  6.927244e-01  2.112681e-14  7.212024e-01
   outer loop
     vertex  2.164246e-02  2.500000e-02  1.767052e-02
     vertex  1.678474e-02  2.500000e-02  2.233643e-02
     vertex  1.678474e-02  2.400000e-02  2.233643e-02
   endloop
 endfacet
 facet normal  8.451901e-01  8.473440e-15  5.344658e-01
   outer loop
     vertex  2.524241e-02  2.500000e-02  1.197767e-02
     vertex  2.164246e-02  2.400000e-02  1.767052e-02
     vertex  2.524241e-02  2.400000e-02  1.197767e-02
   endloop
 endfacet
 facet normal  8.451901e-01  8.551329e-15  5.344658e-01
   outer loop
     vertex  2.524241e-02  2.500000e-02  1.197767e-02
     vertex  2.164246e-02  2.500000e-02  1.767052e-02
     vertex  2.164246e-02  2.400000e-02  1.767052e-02
   endloop
 endfacet
 facet normal  9.485364e-01  8.087225e-16  3.166680e-01
   outer loop
     vertex  2.737535e-02  2.500000e-02  5.588718e-03
     vertex  2.524241e-02  2.400000e-02  1.197767e-02
     vertex  2.737535e-02  2.400000e-02  5.588718e-03
   endloop
 endfacet
 facet normal  9.485364e-01  1.609662e-14  3.166680e-01
   outer loop
     vertex  2.737535e-02  2.500000e-02  5.588718e-03
     vertex  2.524241e-02  2.500000e-02  1.197767e-02
     vertex  2.524241e-02  2.400000e-02  1.197767e-02
   endloop
 endfacet
 facet normal  9.967573e-01  7.949261e-15  8.046657e-02
   outer loop
     vertex  2.791734e-02  2.500000e-02 -1.125030e-03
     vertex  2.737535e-02  2.400000e-02  5.588718e-03
     vertex  2.791734e-02  2.400000e-02 -1.125030e-03
   endloop
 endfacet
 facet normal  9.967573e-01  8.048309e-15  8.046657e-02
   outer loop
     vertex  2.791734e-02  2.500000e-02 -1.125030e-03
     vertex  2.737535e-02  2.500000e-02  5.588718e-03
     vertex  2.737535e-02  2.400000e-02  5.588718e-03
   endloop
 endfacet
 facet normal  9.870503e-01 -9.245767e-15 -1.604113e-01
   outer loop
     vertex  2.683688e-02  2.500000e-02 -7.773396e-03
     vertex  2.791734e-02  2.400000e-02 -1.125030e-03
     vertex  2.683688e-02  2.400000e-02 -7.773396e-03
   endloop
 endfacet
 facet normal  9.870503e-01  1.496482e-14 -1.604113e-01
   outer loop
     vertex  2.683688e-02  2.500000e-02 -7.773396e-03
     vertex  2.791734e-02  2.500000e-02 -1.125030e-03
     vertex  2.791734e-02  2.400000e-02 -1.125030e-03
   endloop
 endfacet
 facet normal  9.199794e-01  2.511866e-15 -3.919666e-01
   outer loop
     vertex  2.419675e-02  2.500000e-02 -1.397000e-02
     vertex  2.683688e-02  2.400000e-02 -7.773396e-03
     vertex  2.419675e-02  2.400000e-02 -1.397000e-02
   endloop
 endfacet
 facet normal  9.199794e-01 -2.012077e-15 -3.919666e-01
   outer loop
     vertex  2.419675e-02  2.500000e-02 -1.397000e-02
     vertex  2.683688e-02  2.500000e-02 -7.773396e-03
     vertex  2.683688e-02  2.400000e-02 -7.773396e-03
   endloop
 endfacet
 facet normal -7.994428e-01  2.773624e-15  6.007423e-01
   outer loop
     vertex -2.015040e-02 -2.400000e-02  1.935472e-02
     vertex -2.419675e-02 -2.500000e-02  1.397000e-02
     vertex -2.015040e-02 -2.500000e-02  1.935472e-02
   endloop
 endfacet
 facet normal -7.994428e-01 -1.509058e-15  6.007423e-01
   outer loop
     vertex -2.015040e-02 -2.400000e-02  1.935472e-02
     vertex -2.419675e-02 -2.400000e-02  1.397000e-02
     vertex -2.419675e-02 -2.500000e-02  1.397000e-02
   endloop
 endfacet
 facet normal -6.324454e-01 -2.194236e-15  7.746050e-01
   outer loop
     vertex -1.493298e-02 -2.400000e-02  2.361461e-02
     vertex -2.015040e-02 -2.500000e-02  1.935472e-02
     vertex -1.493298e-02 -2.500000e-02  2.361461e-02
   endloop
 endfacet
 facet normal -6.324454e-01  2.012077e-15  7.746050e-01
   outer loop
     vertex -1.493298e-02 -2.400000e-02  2.361461e-02
     vertex -2.015040e-02 -2.400000e-02  1.935472e-02
     vertex -2.015040e-02 -2.500000e-02  1.935472e-02
   endloop
 endfacet
 facet normal -4.286926e-01 -2.974652e-15  9.034504e-01
   outer loop
     vertex -8.847704e-03 -2.400000e-02  2.650211e-02
     vertex -1.493298e-02 -2.500000e-02  2.361461e-02
     vertex -8.847704e-03 -2.500000e-02  2.650211e-02
   endloop
 endfacet
 facet normal -4.286926e-01 -1.509058e-15  9.034504e-01
   outer loop
     vertex -8.847704e-03 -2.400000e-02  2.650211e-02
     vertex -1.493298e-02 -2.400000e-02  2.361461e-02
     vertex -1.493298e-02 -2.500000e-02  2.361461e-02
   endloop
 endfacet
 facet normal -2.000257e-01 -1.387957e-15  9.797907e-01
   outer loop
     vertex -2.248236e-03 -2.400000e-02  2.784940e-02
     vertex -8.847704e-03 -2.500000e-02  2.650211e-02
     vertex -2.248236e-03 -2.500000e-02  2.784940e-02
   endloop
 endfacet
 facet normal -2.000257e-01 -1.257548e-15  9.797907e-01
   outer loop
     vertex -2.248236e-03 -2.400000e-02  2.784940e-02
     vertex -8.847704e-03 -2.400000e-02  2.650211e-02
     vertex -8.847704e-03 -2.500000e-02  2.650211e-02
   endloop
 endfacet
 facet normal  4.026594e-02  2.095508e-16  9.991890e-01
   outer loop
     vertex  4.481891e-03 -2.400000e-02  2.757818e-02
     vertex -2.248236e-03 -2.500000e-02  2.784940e-02
     vertex  4.481891e-03 -2.500000e-02  2.757818e-02
   endloop
 endfacet
 facet normal  4.026594e-02  2.829484e-16  9.991890e-01
   outer loop
     vertex  4.481891e-03 -2.400000e-02  2.757818e-02
     vertex -2.248236e-03 -2.400000e-02  2.784940e-02
     vertex -2.248236e-03 -2.500000e-02  2.784940e-02
   endloop
 endfacet
 facet normal  2.782175e-01  1.930521e-15  9.605181e-01
   outer loop
     vertex  1.095155e-02 -2.400000e-02  2.570423e-02
     vertex  4.481891e-03 -2.500000e-02  2.757818e-02
     vertex  1.095155e-02 -2.500000e-02  2.570423e-02
   endloop
 endfacet
 facet normal  2.782175e-01  1.509058e-15  9.605181e-01
   outer loop
     vertex  1.095155e-02 -2.400000e-02  2.570423e-02
     vertex  4.481891e-03 -2.400000e-02  2.757818e-02
     vertex  4.481891e-03 -2.500000e-02  2.757818e-02
   endloop
 endfacet
 facet normal  5.000000e-01  3.469447e-15  8.660254e-01
   outer loop
     vertex  1.678474e-02 -2.400000e-02  2.233643e-02
     vertex  1.095155e-02 -2.500000e-02  2.570423e-02
     vertex  1.678474e-02 -2.500000e-02  2.233643e-02
   endloop
 endfacet
 facet normal  5.000000e-01  3.521135e-15  8.660254e-01
   outer loop
     vertex  1.678474e-02 -2.400000e-02  2.233643e-02
     vertex  1.095155e-02 -2.400000e-02  2.570423e-02
     vertex  1.095155e-02 -2.500000e-02  2.570423e-02
   endloop
 endfacet
 facet normal  6.927244e-01  4.806741e-15  7.212024e-01
   outer loop
     vertex  2.164246e-02 -2.400000e-02  1.767052e-02
     vertex  1.678474e-02 -2.500000e-02  2.233643e-02
     vertex  2.164246e-02 -2.500000e-02  1.767052e-02
   endloop
 endfacet
 facet normal  6.927244e-01  4.527174e-15  7.212024e-01
   outer loop
     vertex  2.164246e-02 -2.400000e-02  1.767052e-02
     vertex  1.678474e-02 -2.400000e-02  2.233643e-02
     vertex  1.678474e-02 -2.500000e-02  2.233643e-02
   endloop
 endfacet
 facet normal  8.451901e-01  1.065133e-14  5.344658e-01
   outer loop
     vertex  2.524241e-02 -2.400000e-02  1.197767e-02
     vertex  2.164246e-02 -2.500000e-02  1.767052e-02
     vertex  2.524241e-02 -2.500000e-02  1.197767e-02
   endloop
 endfacet
 facet normal  8.451901e-01  5.533213e-15  5.344658e-01
   outer loop
     vertex  2.524241e-02 -2.400000e-02  1.197767e-02
     vertex  2.164246e-02 -2.400000e-02  1.767052e-02
     vertex  2.164246e-02 -2.500000e-02  1.767052e-02
   endloop
 endfacet
 facet normal  9.485364e-01  1.098663e-15  3.166680e-01
   outer loop
     vertex  2.737535e-02 -2.400000e-02  5.588718e-03
     vertex  2.524241e-02 -2.500000e-02  1.197767e-02
     vertex  2.737535e-02 -2.500000e-02  5.588718e-03
   endloop
 endfacet
 facet normal  9.485364e-01  1.081492e-14  3.166680e-01
   outer loop
     vertex  2.737535e-02 -2.400000e-02  5.588718e-03
     vertex  2.524241e-02 -2.400000e-02  1.197767e-02
     vertex  2.524241e-02 -2.500000e-02  1.197767e-02
   endloop
 endfacet
 facet normal  9.967573e-01  2.268293e-16  8.046657e-02
   outer loop
     vertex  2.791734e-02 -2.400000e-02 -1.125030e-03
     vertex  2.737535e-02 -2.500000e-02  5.588718e-03
     vertex  2.791734e-02 -2.500000e-02 -1.125030e-03
   endloop
 endfacet
 facet normal  9.967573e-01  2.515097e-16  8.046657e-02
   outer loop
     vertex  2.791734e-02 -2.400000e-02 -1.125030e-03
     vertex  2.737535e-02 -2.400000e-02  5.588718e-03
     vertex  2.737535e-02 -2.500000e-02  5.588718e-03
   endloop
 endfacet
 facet normal  9.870503e-01  9.717017e-15 -1.604113e-01
   outer loop
     vertex  2.683688e-02 -2.400000e-02 -7.773396e-03
     vertex  2.791734e-02 -2.500000e-02 -1.125030e-03
     vertex  2.683688e-02 -2.500000e-02 -7.773396e-03
   endloop
 endfacet
 facet normal  9.870503e-01 -5.030193e-16 -1.604113e-01
   outer loop
     vertex  2.683688e-02 -2.400000e-02 -7.773396e-03
     vertex  2.791734e-02 -2.400000e-02 -1.125030e-03
     vertex  2.791734e-02 -2.500000e-02 -1.125030e-03
   endloop
 endfacet
 facet normal  9.199794e-01  3.191820e-15 -3.919666e-01
   outer loop
     vertex  2.419675e-02 -2.400000e-02 -1.397000e-02
     vertex  2.683688e-02 -2.500000e-02 -7.773396e-03
     vertex  2.419675e-02 -2.500000e-02 -1.397000e-02
   endloop
 endfacet
 facet normal  9.199794e-01  8.048309e-15 -3.919666e-01
   outer loop
     vertex  2.419675e-02 -2.400000e-02 -1.397000e-02
     vertex  2.683688e-02 -2.400000e-02 -7.773396e-03
     vertex  2.683688e-02 -2.500000e-02 -7.773396e-03
   endloop
 endfacet
 facet normal  7.994428e-01  3.018116e-15 -6.007423e-01
   outer loop
     vertex  2.015040e-02 -2.400000e-02 -1.935472e-02
     vertex  2.419675e-02 -2.400000e-02 -1.397000e-02
     vertex  2.419675e-02 -2.500000e-02 -1.397000e-02
   endloop
 endfacet
 facet normal  7.994428e-01  2.773624e-15 -6.007423e-01
   outer loop
     vertex  2.015040e-02 -2.400000e-02 -1.935472e-02
     vertex  2.419675e-02 -2.500000e-02 -1.397000e-02
     vertex  2.015040e-02 -2.500000e-02 -1.935472e-02
   endloop
 endfacet
 facet normal  6.324454e-01  3.291354e-15 -7.746050e-01
   outer loop
     vertex  1.493298e-02 -2.400000e-02 -2.361461e-02
     vertex  2.015040e-02 -2.500000e-02 -1.935472e-02
     vertex  1.493298e-02 -2.500000e-02 -2.361461e-02
   endloop
 endfacet
 facet normal  6.324454e-01  2.515097e-15 -7.746050e-01
   outer loop
     vertex  1.493298e-02 -2.400000e-02 -2.361461e-02
     vertex  2.015040e-02 -2.400000e-02 -1.935472e-02
     vertex  2.015040e-02 -2.500000e-02 -1.935472e-02
   endloop
 endfacet
 facet normal  4.286926e-01  2.974652e-15 -9.034504e-01
   outer loop
     vertex  8.847704e-03 -2.400000e-02 -2.650211e-02
     vertex  1.493298e-02 -2.500000e-02 -2.361461e-02
     vertex  8.847704e-03 -2.500000e-02 -2.650211e-02
   endloop
 endfacet
 facet normal  4.286926e-01  2.012077e-15 -9.034504e-01
   outer loop
     vertex  8.847704e-03 -2.400000e-02 -2.650211e-02
     vertex  1.493298e-02 -2.400000e-02 -2.361461e-02
     vertex  1.493298e-02 -2.500000e-02 -2.361461e-02
   endloop
 endfacet
 facet normal  2.000257e-01 -2.705353e-15 -9.797907e-01
   outer loop
     vertex  2.248236e-03 -2.400000e-02 -2.784940e-02
     vertex  8.847704e-03 -2.500000e-02 -2.650211e-02
     vertex  2.248236e-03 -2.500000e-02 -2.784940e-02
   endloop
 endfacet
 facet normal  2.000257e-01  1.257548e-15 -9.797907e-01
   outer loop
     vertex  2.248236e-03 -2.400000e-02 -2.784940e-02
     vertex  8.847704e-03 -2.400000e-02 -2.650211e-02
     vertex  8.847704e-03 -2.500000e-02 -2.650211e-02
   endloop
 endfacet
 facet normal -4.026594e-02 -2.794011e-16 -9.991890e-01
   outer loop
     vertex -4.481891e-03 -2.400000e-02 -2.757818e-02
     vertex  2.248236e-03 -2.500000e-02 -2.784940e-02
     vertex -4.481891e-03 -2.500000e-02 -2.757818e-02
   endloop
 endfacet
 facet normal -4.026594e-02 -3.615451e-15 -9.991890e-01
   outer loop
     vertex -4.481891e-03 -2.400000e-02 -2.757818e-02
     vertex  2.248236e-03 -2.400000e-02 -2.784940e-02
     vertex  2.248236e-03 -2.500000e-02 -2.784940e-02
   endloop
 endfacet
 facet normal -2.782175e-01 -3.378413e-15 -9.605181e-01
   outer loop
     vertex -1.095155e-02 -2.400000e-02 -2.570423e-02
     vertex -4.481891e-03 -2.500000e-02 -2.757818e-02
     vertex -1.095155e-02 -2.500000e-02 -2.570423e-02
   endloop
 endfacet
 facet normal -2.782175e-01 -2.012077e-15 -9.605181e-01
   outer loop
     vertex -1.095155e-02 -2.400000e-02 -2.570423e-02
     vertex -4.481891e-03 -2.400000e-02 -2.757818e-02
     vertex -4.481891e-03 -2.500000e-02 -2.757818e-02
   endloop
 endfacet
 facet normal -5.000000e-01 -3.469447e-15 -8.660254e-01
   outer loop
     vertex -1.678474e-02 -2.400000e-02 -2.233643e-02
     vertex -1.095155e-02 -2.500000e-02 -2.570423e-02
     vertex -1.678474e-02 -2.500000e-02 -2.233643e-02
   endloop
 endfacet
 facet normal -5.000000e-01 -6.036232e-15 -8.660254e-01
   outer loop
     vertex -1.678474e-02 -2.400000e-02 -2.233643e-02
     vertex -1.095155e-02 -2.400000e-02 -2.570423e-02
     vertex -1.095155e-02 -2.500000e-02 -2.570423e-02
   endloop
 endfacet
 facet normal -6.927244e-01 -4.806741e-15 -7.212024e-01
   outer loop
     vertex -2.164246e-02 -2.400000e-02 -1.767052e-02
     vertex -1.678474e-02 -2.500000e-02 -2.233643e-02
     vertex -2.164246e-02 -2.500000e-02 -1.767052e-02
   endloop
 endfacet
 facet normal -6.927244e-01 -4.527174e-15 -7.212024e-01
   outer loop
     vertex -2.164246e-02 -2.400000e-02 -1.767052e-02
     vertex -1.678474e-02 -2.400000e-02 -2.233643e-02
     vertex -1.678474e-02 -2.500000e-02 -2.233643e-02
   endloop
 endfacet
 facet normal -8.451901e-01 -1.854301e-15 -5.344658e-01
   outer loop
     vertex -2.524241e-02 -2.400000e-02 -1.197767e-02
     vertex -2.164246e-02 -2.500000e-02 -1.767052e-02
     vertex -2.524241e-02 -2.500000e-02 -1.197767e-02
   endloop
 endfacet
 facet normal -8.451901e-01 -6.036232e-15 -5.344658e-01
   outer loop
     vertex -2.524241e-02 -2.400000e-02 -1.197767e-02
     vertex -2.164246e-02 -2.400000e-02 -1.767052e-02
     vertex -2.164246e-02 -2.500000e-02 -1.767052e-02
   endloop
 endfacet
 facet normal -9.485364e-01 -1.069669e-14 -3.166680e-01
   outer loop
     vertex -2.737535e-02 -2.400000e-02 -5.588718e-03
     vertex -2.524241e-02 -2.500000e-02 -1.197767e-02
     vertex -2.737535e-02 -2.500000e-02 -5.588718e-03
   endloop
 endfacet
 facet normal -9.485364e-01 -1.006039e-15 -3.166680e-01
   outer loop
     vertex -2.737535e-02 -2.400000e-02 -5.588718e-03
     vertex -2.524241e-02 -2.400000e-02 -1.197767e-02
     vertex -2.524241e-02 -2.500000e-02 -1.197767e-02
   endloop
 endfacet
 facet normal -9.967573e-01 -1.405962e-14 -8.046657e-02
   outer loop
     vertex -2.791734e-02 -2.400000e-02  1.125030e-03
     vertex -2.737535e-02 -2.500000e-02 -5.588718e-03
     vertex -2.791734e-02 -2.500000e-02  1.125030e-03
   endloop
 endfacet
 facet normal -9.967573e-01 -1.050053e-14 -8.046657e-02
   outer loop
     vertex -2.791734e-02 -2.400000e-02  1.125030e-03
     vertex -2.737535e-02 -2.400000e-02 -5.588718e-03
     vertex -2.737535e-02 -2.500000e-02 -5.588718e-03
   endloop
 endfacet
 facet normal -9.870503e-01 -1.670519e-14  1.604113e-01
   outer loop
     vertex -2.683688e-02 -2.400000e-02  7.773396e-03
     vertex -2.791734e-02 -2.500000e-02  1.125030e-03
     vertex -2.683688e-02 -2.500000e-02  7.773396e-03
   endloop
 endfacet
 facet normal -9.870503e-01 -1.307850e-14  1.604113e-01
   outer loop
     vertex -2.683688e-02 -2.400000e-02  7.773396e-03
     vertex -2.791734e-02 -2.400000e-02  1.125030e-03
     vertex -2.791734e-02 -2.500000e-02  1.125030e-03
   endloop
 endfacet
 facet normal -9.199794e-01 -2.511866e-15  3.919666e-01
   outer loop
     vertex -2.419675e-02 -2.400000e-02  1.397000e-02
     vertex -2.683688e-02 -2.500000e-02  7.773396e-03
     vertex -2.419675e-02 -2.500000e-02  1.397000e-02
   endloop
 endfacet
 facet normal -9.199794e-01 -1.509058e-14  3.919666e-01
   outer loop
     vertex -2.419675e-02 -2.400000e-02  1.397000e-02
     vertex -2.683688e-02 -2.400000e-02  7.773396e-03
     vertex -2.683688e-02 -2.500000e-02  7.773396e-03
   endloop
 endfacet
 facet normal  7.994428e-01  1.509058e-15 -6.007423e-01
   outer loop
     vertex  2.015040e-02  2.500000e-02 -1.935472e-02
     vertex  2.419675e-02  2.500000e-02 -1.397000e-02
     vertex  2.419675e-02  2.400000e-02 -1.397000e-02
   endloop
 endfacet
 facet normal  7.994428e-01  3.495207e-15 -6.007423e-01
   outer loop
     vertex  2.015040e-02  2.500000e-02 -1.935472e-02
     vertex  2.419675e-02  2.400000e-02 -1.397000e-02
     vertex  2.015040e-02  2.400000e-02 -1.935472e-02
   endloop
 endfacet
 facet normal  6.324454e-01 -4.116631e-15 -7.746050e-01
   outer loop
     vertex  1.493298e-02  2.500000e-02 -2.361461e-02
     vertex  2.015040e-02  2.400000e-02 -1.935472e-02
     vertex  1.493298e-02  2.400000e-02 -2.361461e-02
   endloop
 endfacet
 facet normal  6.324454e-01  9.557367e-15 -7.746050e-01
   outer loop
     vertex  1.493298e-02  2.500000e-02 -2.361461e-02
     vertex  2.015040e-02  2.500000e-02 -1.935472e-02
     vertex  2.015040e-02  2.400000e-02 -1.935472e-02
   endloop
 endfacet
 facet normal  4.286926e-01 -2.641996e-16 -9.034504e-01
   outer loop
     vertex  8.847704e-03  2.500000e-02 -2.650211e-02
     vertex  1.493298e-02  2.400000e-02 -2.361461e-02
     vertex  8.847704e-03  2.400000e-02 -2.650211e-02
   endloop
 endfacet
 facet normal  4.286926e-01  3.521135e-15 -9.034504e-01
   outer loop
     vertex  8.847704e-03  2.500000e-02 -2.650211e-02
     vertex  1.493298e-02  2.500000e-02 -2.361461e-02
     vertex  1.493298e-02  2.400000e-02 -2.361461e-02
   endloop
 endfacet
 facet normal  2.000257e-01 -4.857850e-15 -9.797907e-01
   outer loop
     vertex  2.248236e-03  2.500000e-02 -2.784940e-02
     vertex  8.847704e-03  2.400000e-02 -2.650211e-02
     vertex  2.248236e-03  2.400000e-02 -2.784940e-02
   endloop
 endfacet
 facet normal  2.000257e-01  5.533213e-15 -9.797907e-01
   outer loop
     vertex  2.248236e-03  2.500000e-02 -2.784940e-02
     vertex  8.847704e-03  2.500000e-02 -2.650211e-02
     vertex  8.847704e-03  2.400000e-02 -2.650211e-02
   endloop
 endfacet
 facet normal -4.026594e-02 -5.815662e-15 -9.991890e-01
   outer loop
     vertex -4.481891e-03  2.500000e-02 -2.757818e-02
     vertex  2.248236e-03  2.400000e-02 -2.784940e-02
     vertex -4.481891e-03  2.400000e-02 -2.757818e-02
   endloop
 endfacet
 facet normal -4.026594e-02  1.006039e-15 -9.991890e-01
   outer loop
     vertex -4.481891e-03  2.500000e-02 -2.757818e-02
     vertex  2.248236e-03  2.500000e-02 -2.784940e-02
     vertex  2.248236e-03  2.400000e-02 -2.784940e-02
   endloop
 endfacet
 facet normal -2.782175e-01 -1.034219e-14 -9.605181e-01
   outer loop
     vertex -1.095155e-02  2.500000e-02 -2.570423e-02
     vertex -4.481891e-03  2.400000e-02 -2.757818e-02
     vertex -1.095155e-02  2.400000e-02 -2.570423e-02
   endloop
 endfacet
 facet normal -2.782175e-01  1.006039e-15 -9.605181e-01
   outer loop
     vertex -1.095155e-02  2.500000e-02 -2.570423e-02
     vertex -4.481891e-03  2.500000e-02 -2.757818e-02
     vertex -4.481891e-03  2.400000e-02 -2.757818e-02
   endloop
 endfacet
 facet normal -5.000000e-01 -9.694428e-15 -8.660254e-01
   outer loop
     vertex -1.678474e-02  2.500000e-02 -2.233643e-02
     vertex -1.095155e-02  2.400000e-02 -2.570423e-02
     vertex -1.678474e-02  2.400000e-02 -2.233643e-02
   endloop
 endfacet
 facet normal -5.000000e-01 -1.006039e-15 -8.660254e-01
   outer loop
     vertex -1.678474e-02  2.500000e-02 -2.233643e-02
     vertex -1.095155e-02  2.500000e-02 -2.570423e-02
     vertex -1.095155e-02  2.400000e-02 -2.570423e-02
   endloop
 endfacet
 facet normal -6.927244e-01 -1.570466e-14 -7.212024e-01
   outer loop
     vertex -2.164246e-02  2.500000e-02 -1.767052e-02
     vertex -1.678474e-02  2.400000e-02 -2.233643e-02
     vertex -2.164246e-02  2.400000e-02 -1.767052e-02
   endloop
 endfacet
 facet normal -6.927244e-01  1.509058e-15 -7.212024e-01
   outer loop
     vertex -2.164246e-02  2.500000e-02 -1.767052e-02
     vertex -1.678474e-02  2.500000e-02 -2.233643e-02
     vertex -1.678474e-02  2.400000e-02 -2.233643e-02
   endloop
 endfacet
 facet normal -8.451901e-01 -1.207476e-14 -5.344658e-01
   outer loop
     vertex -2.524241e-02  2.500000e-02 -1.197767e-02
     vertex -2.164246e-02  2.400000e-02 -1.767052e-02
     vertex -2.524241e-02  2.400000e-02 -1.197767e-02
   endloop
 endfacet
 facet normal -8.451901e-01 -3.521135e-15 -5.344658e-01
   outer loop
     vertex -2.524241e-02  2.500000e-02 -1.197767e-02
     vertex -2.164246e-02  2.500000e-02 -1.767052e-02
     vertex -2.164246e-02  2.400000e-02 -1.767052e-02
   endloop
 endfacet
 facet normal -9.485364e-01 -1.429280e-14 -3.166680e-01
   outer loop
     vertex -2.737535e-02  2.500000e-02 -5.588718e-03
     vertex -2.524241e-02  2.400000e-02 -1.197767e-02
     vertex -2.737535e-02  2.400000e-02 -5.588718e-03
   endloop
 endfacet
 facet normal -9.485364e-01  2.263587e-15 -3.166680e-01
   outer loop
     vertex -2.737535e-02  2.500000e-02 -5.588718e-03
     vertex -2.524241e-02  2.500000e-02 -1.197767e-02
     vertex -2.524241e-02  2.400000e-02 -1.197767e-02
   endloop
 endfacet
 facet normal -9.967573e-01 -2.491710e-15 -8.046657e-02
   outer loop
     vertex -2.791734e-02  2.500000e-02  1.125030e-03
     vertex -2.737535e-02  2.400000e-02 -5.588718e-03
     vertex -2.791734e-02  2.400000e-02  1.125030e-03
   endloop
 endfacet
 facet normal -9.967573e-01  1.634813e-15 -8.046657e-02
   outer loop
     vertex -2.791734e-02  2.500000e-02  1.125030e-03
     vertex -2.737535e-02  2.500000e-02 -5.588718e-03
     vertex -2.737535e-02  2.400000e-02 -5.588718e-03
   endloop
 endfacet
 facet normal -9.870503e-01 -1.515230e-14  1.604113e-01
   outer loop
     vertex -2.683688e-02  2.500000e-02  7.773396e-03
     vertex -2.791734e-02  2.400000e-02  1.125030e-03
     vertex -2.683688e-02  2.400000e-02  7.773396e-03
   endloop
 endfacet
 facet normal -9.870503e-01  1.534209e-14  1.604113e-01
   outer loop
     vertex -2.683688e-02  2.500000e-02  7.773396e-03
     vertex -2.791734e-02  2.500000e-02  1.125030e-03
     vertex -2.791734e-02  2.400000e-02  1.125030e-03
   endloop
 endfacet
 facet normal -9.199794e-01 -3.191820e-15  3.919666e-01
   outer loop
     vertex -2.419675e-02  2.500000e-02  1.397000e-02
     vertex -2.683688e-02  2.400000e-02  7.773396e-03
     vertex -2.419675e-02  2.400000e-02  1.397000e-02
   endloop
 endfacet
 facet normal -9.199794e-01  4.527174e-15  3.919666e-01
   outer loop
     vertex -2.419675e-02  2.500000e-02  1.397000e-02
     vertex -2.683688e-02  2.500000e-02  7.773396e-03
     vertex -2.683688e-02  2.400000e-02  7.773396e-03
   endloop
 endfacet
 facet normal  1.753324e-15 -1.000000e+00  5.917279e-15
   outer loop
     vertex  1.205203e-02 -2.500000e-02 -2.276097e-02
     vertex  8.847704e-03 -2.500000e-02 -2.650211e-02
     vertex  1.493298e-02 -2.500000e-02 -2.361461e-02
   endloop
 endfacet
 facet normal  0.000000e+00 -1.000000e+00  0.000000e+00
   outer loop
     vertex  1.205203e-02 -2.500000e-02 -2.276097e-02
     vertex  1.493298e-02 -2.500000e-02 -2.361461e-02
     vertex  1.257167e-02 -2.500000e-02 -2.265488e-02
   endloop
 endfacet
 facet normal  0.000000e+00 -1.000000e+00 -0.000000e+00
   outer loop
     vertex  1.305082e-02 -2.500000e-02 -2.242752e-02
     vertex  1.257167e-02 -2.500000e-02 -2.265488e-02
     vertex  1.493298e-02 -2.500000e-02 -2.361461e-02
   endloop
 endfacet
 facet normal  6.617539e-15 -1.000000e+00  1.751029e-15
   outer loop
     vertex  1.152210e-02 -2.500000e-02 -2.273961e-02
     vertex  8.847704e-03 -2.500000e-02 -2.650211e-02
     vertex  1.205203e-02 -2.500000e-02 -2.276097e-02
   endloop
 endfacet
 facet normal  0.000000e+00 -1.000000e+00 -0.000000e+00
   outer loop
     vertex  1.346165e-02 -2.500000e-02 -2.209210e-02
     vertex  1.305082e-02 -2.500000e-02 -2.242752e-02
     vertex  1.493298e-02 -2.500000e-02 -2.361461e-02
   endloop
 endfacet
 facet normal  1.550440e-15 -1.000000e+00  5.352738e-15
   outer loop
     vertex  1.101267e-02 -2.500000e-02 -2.259206e-02
     vertex  8.847704e-03 -2.500000e-02 -2.650211e-02
     vertex  1.152210e-02 -2.500000e-02 -2.273961e-02
   endloop
 endfacet
 facet normal  4.763433e-15 -1.000000e+00  4.603294e-15
   outer loop
     vertex  1.378026e-02 -2.500000e-02 -2.166810e-02
     vertex  1.346165e-02 -2.500000e-02 -2.209210e-02
     vertex  1.493298e-02 -2.500000e-02 -2.361461e-02
   endloop
 endfacet
 facet normal  1.416513e-14 -1.000000e+00 -1.631936e-15
   outer loop
     vertex  1.055337e-02 -2.500000e-02 -2.232688e-02
     vertex  8.847704e-03 -2.500000e-02 -2.650211e-02
     vertex  1.101267e-02 -2.500000e-02 -2.259206e-02
   endloop
 endfacet
 facet normal  5.232726e-15 -1.000000e+00  4.881209e-15
   outer loop
     vertex  1.398814e-02 -2.500000e-02 -2.118018e-02
     vertex  1.378026e-02 -2.500000e-02 -2.166810e-02
     vertex  1.493298e-02 -2.500000e-02 -2.361461e-02
   endloop
 endfacet
 facet normal -3.648237e-15 -1.000000e+00  5.645173e-15
   outer loop
     vertex  1.017087e-02 -2.500000e-02 -2.195948e-02
     vertex  8.847704e-03 -2.500000e-02 -2.650211e-02
     vertex  1.055337e-02 -2.500000e-02 -2.232688e-02
   endloop
 endfacet
 facet normal  4.664636e-15 -1.000000e+00  4.874639e-15
   outer loop
     vertex  1.407322e-02 -2.500000e-02 -2.065669e-02
     vertex  1.493298e-02 -2.500000e-02 -2.361461e-02
     vertex  2.015040e-02 -2.500000e-02 -1.935472e-02
   endloop
 endfacet
 facet normal  6.859737e-15 -1.000000e+00  5.512674e-15
   outer loop
     vertex  1.407322e-02 -2.500000e-02 -2.065669e-02
     vertex  1.398814e-02 -2.500000e-02 -2.118018e-02
     vertex  1.493298e-02 -2.500000e-02 -2.361461e-02
   endloop
 endfacet
 facet normal  3.904060e-15 -1.000000e+00  4.052803e-15
   outer loop
     vertex  9.887409e-03 -2.500000e-02 -2.151123e-02
     vertex  2.248236e-03 -2.500000e-02 -2.784940e-02
     vertex  8.847704e-03 -2.500000e-02 -2.650211e-02
   endloop
 endfacet
 facet normal -3.418382e-15 -1.000000e+00  5.578221e-15
   outer loop
     vertex  9.887409e-03 -2.500000e-02 -2.151123e-02
     vertex  8.847704e-03 -2.500000e-02 -2.650211e-02
     vertex  1.017087e-02 -2.500000e-02 -2.195948e-02
   endloop
 endfacet
 facet normal  4.229780e-15 -1.000000e+00  6.904410e-15
   outer loop
     vertex  1.403054e-02 -2.500000e-02 -2.012805e-02
     vertex  1.407322e-02 -2.500000e-02 -2.065669e-02
     vertex  2.015040e-02 -2.500000e-02 -1.935472e-02
   endloop
 endfacet
 facet normal  1.465220e-14 -1.000000e+00 -8.901553e-15
   outer loop
     vertex  9.719461e-03 -2.500000e-02 -2.100816e-02
     vertex  2.248236e-03 -2.500000e-02 -2.784940e-02
     vertex  9.887409e-03 -2.500000e-02 -2.151123e-02
   endloop
 endfacet
 facet normal  4.059512e-15 -1.000000e+00  8.251853e-15
   outer loop
     vertex  1.386259e-02 -2.500000e-02 -1.962498e-02
     vertex  1.403054e-02 -2.500000e-02 -2.012805e-02
     vertex  2.015040e-02 -2.500000e-02 -1.935472e-02
   endloop
 endfacet
 facet normal -1.073394e-14 -1.000000e+00  1.882231e-14
   outer loop
     vertex  9.676784e-03 -2.500000e-02 -2.047952e-02
     vertex  2.248236e-03 -2.500000e-02 -2.784940e-02
     vertex  9.719461e-03 -2.500000e-02 -2.100816e-02
   endloop
 endfacet
 facet normal  4.297388e-15 -1.000000e+00  2.717504e-15
   outer loop
     vertex  1.357913e-02 -2.500000e-02 -1.917672e-02
     vertex  1.386259e-02 -2.500000e-02 -1.962498e-02
     vertex  2.015040e-02 -2.500000e-02 -1.935472e-02
   endloop
 endfacet
 facet normal  2.514405e-14 -1.000000e+00 -1.734129e-14
   outer loop
     vertex  9.761860e-03 -2.500000e-02 -1.995602e-02
     vertex  2.248236e-03 -2.500000e-02 -2.784940e-02
     vertex  9.676784e-03 -2.500000e-02 -2.047952e-02
   endloop
 endfacet
 facet normal  3.556705e-15 -1.000000e+00 -2.462725e-14
   outer loop
     vertex  1.319663e-02 -2.500000e-02 -1.880933e-02
     vertex  1.357913e-02 -2.500000e-02 -1.917672e-02
     vertex  2.015040e-02 -2.500000e-02 -1.935472e-02
   endloop
 endfacet
 facet normal  5.564554e-15 -1.000000e+00  9.730174e-16
   outer loop
     vertex  2.419675e-02 -2.500000e-02 -1.397000e-02
     vertex  1.319663e-02 -2.500000e-02 -1.880933e-02
     vertex  2.015040e-02 -2.500000e-02 -1.935472e-02
   endloop
 endfacet
 facet normal  3.401053e-15 -1.000000e+00  5.890797e-15
   outer loop
     vertex  2.419675e-02 -2.500000e-02 -1.397000e-02
     vertex  1.273733e-02 -2.500000e-02 -1.854415e-02
     vertex  1.319663e-02 -2.500000e-02 -1.880933e-02
   endloop
 endfacet
 facet normal  2.539175e-14 -1.000000e+00  6.439492e-15
   outer loop
     vertex -1.169797e-02 -2.500000e-02 -2.276097e-02
     vertex -1.095155e-02 -2.500000e-02 -2.570423e-02
     vertex -1.117833e-02 -2.500000e-02 -2.265488e-02
   endloop
 endfacet
 facet normal -1.607379e-14 -1.000000e+00  3.355648e-15
   outer loop
     vertex -1.069918e-02 -2.500000e-02 -2.242752e-02
     vertex -1.117833e-02 -2.500000e-02 -2.265488e-02
     vertex -1.095155e-02 -2.500000e-02 -2.570423e-02
   endloop
 endfacet
 facet normal  0.000000e+00 -1.000000e+00  0.000000e+00
   outer loop
     vertex -1.222790e-02 -2.500000e-02 -2.273961e-02
     vertex -1.095155e-02 -2.500000e-02 -2.570423e-02
     vertex -1.169797e-02 -2.500000e-02 -2.276097e-02
   endloop
 endfacet
 facet normal -1.845027e-15 -1.000000e+00  2.259748e-15
   outer loop
     vertex -1.028835e-02 -2.500000e-02 -2.209210e-02
     vertex -1.069918e-02 -2.500000e-02 -2.242752e-02
     vertex -1.095155e-02 -2.500000e-02 -2.570423e-02
   endloop
 endfacet
 facet normal  3.583441e-15 -1.000000e+00  1.263073e-15
   outer loop
     vertex -1.028835e-02 -2.500000e-02 -2.209210e-02
     vertex -1.095155e-02 -2.500000e-02 -2.570423e-02
     vertex -4.481891e-03 -2.500000e-02 -2.757818e-02
   endloop
 endfacet
 facet normal  0.000000e+00 -1.000000e+00  0.000000e+00
   outer loop
     vertex -1.273733e-02 -2.500000e-02 -2.259206e-02
     vertex -1.095155e-02 -2.500000e-02 -2.570423e-02
     vertex -1.222790e-02 -2.500000e-02 -2.273961e-02
   endloop
 endfacet
 facet normal  1.496146e-14 -1.000000e+00  1.330554e-14
   outer loop
     vertex -9.969744e-03 -2.500000e-02 -2.166810e-02
     vertex -1.028835e-02 -2.500000e-02 -2.209210e-02
     vertex -4.481891e-03 -2.500000e-02 -2.757818e-02
   endloop
 endfacet
 facet normal  5.682564e-15 -1.000000e+00  4.689551e-15
   outer loop
     vertex -9.761860e-03 -2.500000e-02 -2.118018e-02
     vertex -9.969744e-03 -2.500000e-02 -2.166810e-02
     vertex -4.481891e-03 -2.500000e-02 -2.757818e-02
   endloop
 endfacet
 facet normal -1.341912e-14 -1.000000e+00 -1.107416e-14
   outer loop
     vertex -9.676784e-03 -2.500000e-02 -2.065669e-02
     vertex -9.761860e-03 -2.500000e-02 -2.118018e-02
     vertex -4.481891e-03 -2.500000e-02 -2.757818e-02
   endloop
 endfacet
 facet normal  3.884640e-15 -1.000000e+00 -6.354938e-15
   outer loop
     vertex -1.678474e-02 -2.500000e-02 -2.233643e-02
     vertex -1.273733e-02 -2.500000e-02 -2.259206e-02
     vertex -1.319663e-02 -2.500000e-02 -2.232688e-02
   endloop
 endfacet
 facet normal  3.857028e-15 -1.000000e+00  4.015592e-15
   outer loop
     vertex -1.678474e-02 -2.500000e-02 -2.233643e-02
     vertex -1.319663e-02 -2.500000e-02 -2.232688e-02
     vertex -1.357913e-02 -2.500000e-02 -2.195948e-02
   endloop
 endfacet
 facet normal  4.447174e-15 -1.000000e+00  2.551814e-15
   outer loop
     vertex -1.678474e-02 -2.500000e-02 -2.233643e-02
     vertex -1.095155e-02 -2.500000e-02 -2.570423e-02
     vertex -1.273733e-02 -2.500000e-02 -2.259206e-02
   endloop
 endfacet
 facet normal  4.029584e-15 -1.000000e+00  2.548155e-15
   outer loop
     vertex -1.386259e-02 -2.500000e-02 -2.151123e-02
     vertex -1.678474e-02 -2.500000e-02 -2.233643e-02
     vertex -1.357913e-02 -2.500000e-02 -2.195948e-02
   endloop
 endfacet
 facet normal  4.755550e-15 -1.000000e+00  2.877541e-15
   outer loop
     vertex -9.719461e-03 -2.500000e-02 -2.012805e-02
     vertex -4.481891e-03 -2.500000e-02 -2.757818e-02
     vertex  2.248236e-03 -2.500000e-02 -2.784940e-02
   endloop
 endfacet
 facet normal  1.129483e-14 -1.000000e+00  7.474760e-15
   outer loop
     vertex -9.719461e-03 -2.500000e-02 -2.012805e-02
     vertex -9.676784e-03 -2.500000e-02 -2.065669e-02
     vertex -4.481891e-03 -2.500000e-02 -2.757818e-02
   endloop
 endfacet
 facet normal  4.431303e-15 -1.000000e+00  2.374974e-15
   outer loop
     vertex -9.719461e-03 -2.500000e-02 -2.012805e-02
     vertex  2.248236e-03 -2.500000e-02 -2.784940e-02
     vertex  9.761860e-03 -2.500000e-02 -1.995602e-02
   endloop
 endfacet
 facet normal  4.340008e-15 -1.000000e+00  1.448907e-15
   outer loop
     vertex -1.403054e-02 -2.500000e-02 -2.100816e-02
     vertex -1.678474e-02 -2.500000e-02 -2.233643e-02
     vertex -1.386259e-02 -2.500000e-02 -2.151123e-02
   endloop
 endfacet
 facet normal  4.439187e-15 -1.000000e+00  1.482019e-15
   outer loop
     vertex -9.887409e-03 -2.500000e-02 -1.962498e-02
     vertex -9.719461e-03 -2.500000e-02 -2.012805e-02
     vertex  9.761860e-03 -2.500000e-02 -1.995602e-02
   endloop
 endfacet
 facet normal  1.803440e-15 -1.000000e+00  6.708536e-15
   outer loop
     vertex -1.407322e-02 -2.500000e-02 -2.047952e-02
     vertex -1.678474e-02 -2.500000e-02 -2.233643e-02
     vertex -1.403054e-02 -2.500000e-02 -2.100816e-02
   endloop
 endfacet
 facet normal  1.230582e-14 -1.000000e+00 -8.627381e-15
   outer loop
     vertex -1.398814e-02 -2.500000e-02 -1.995602e-02
     vertex -1.678474e-02 -2.500000e-02 -2.233643e-02
     vertex -1.407322e-02 -2.500000e-02 -2.047952e-02
   endloop
 endfacet
 facet normal  6.179767e-15 -1.000000e+00  1.158838e-14
   outer loop
     vertex -2.164246e-02 -2.500000e-02 -1.767052e-02
     vertex -1.398814e-02 -2.500000e-02 -1.995602e-02
     vertex -1.378026e-02 -2.500000e-02 -1.946810e-02
   endloop
 endfacet
 facet normal  4.609224e-15 -1.000000e+00  4.719175e-15
   outer loop
     vertex -2.164246e-02 -2.500000e-02 -1.767052e-02
     vertex -1.378026e-02 -2.500000e-02 -1.946810e-02
     vertex -1.346165e-02 -2.500000e-02 -1.904411e-02
   endloop
 endfacet
 facet normal  4.606299e-15 -1.000000e+00  4.701756e-15
   outer loop
     vertex -2.164246e-02 -2.500000e-02 -1.767052e-02
     vertex -1.346165e-02 -2.500000e-02 -1.904411e-02
     vertex -1.305082e-02 -2.500000e-02 -1.870869e-02
   endloop
 endfacet
 facet normal  4.688185e-15 -1.000000e+00  5.379433e-15
   outer loop
     vertex -2.164246e-02 -2.500000e-02 -1.767052e-02
     vertex -1.305082e-02 -2.500000e-02 -1.870869e-02
     vertex -1.257167e-02 -2.500000e-02 -1.848132e-02
   endloop
 endfacet
 facet normal  3.302038e-15 -1.000000e+00  1.950638e-15
   outer loop
     vertex -2.164246e-02 -2.500000e-02 -1.767052e-02
     vertex -1.678474e-02 -2.500000e-02 -2.233643e-02
     vertex -1.398814e-02 -2.500000e-02 -1.995602e-02
   endloop
 endfacet
 facet normal  2.448112e-14 -1.000000e+00  1.090005e-14
   outer loop
     vertex  2.392703e-02 -2.500000e-02 -2.192866e-03
     vertex  2.683688e-02 -2.500000e-02 -7.773396e-03
     vertex  2.444667e-02 -2.500000e-02 -2.086780e-03
   endloop
 endfacet
 facet normal  2.956703e-15 -1.000000e+00  2.128737e-15
   outer loop
     vertex  2.492582e-02 -2.500000e-02 -1.859418e-03
     vertex  2.683688e-02 -2.500000e-02 -7.773396e-03
     vertex  2.791734e-02 -2.500000e-02 -1.125030e-03
   endloop
 endfacet
 facet normal  5.795396e-15 -1.000000e+00  3.046036e-15
   outer loop
     vertex  2.492582e-02 -2.500000e-02 -1.859418e-03
     vertex  2.444667e-02 -2.500000e-02 -2.086780e-03
     vertex  2.683688e-02 -2.500000e-02 -7.773396e-03
   endloop
 endfacet
 facet normal -1.345177e-14 -1.000000e+00 -8.879260e-15
   outer loop
     vertex  2.339710e-02 -2.500000e-02 -2.171511e-03
     vertex  2.683688e-02 -2.500000e-02 -7.773396e-03
     vertex  2.392703e-02 -2.500000e-02 -2.192866e-03
   endloop
 endfacet
 facet normal  8.606108e-15 -1.000000e+00 -2.088402e-14
   outer loop
     vertex  2.533665e-02 -2.500000e-02 -1.523994e-03
     vertex  2.492582e-02 -2.500000e-02 -1.859418e-03
     vertex  2.791734e-02 -2.500000e-02 -1.125030e-03
   endloop
 endfacet
 facet normal -8.502131e-15 -1.000000e+00 -5.839983e-15
   outer loop
     vertex  2.288767e-02 -2.500000e-02 -2.023955e-03
     vertex  2.683688e-02 -2.500000e-02 -7.773396e-03
     vertex  2.339710e-02 -2.500000e-02 -2.171511e-03
   endloop
 endfacet
 facet normal  4.527677e-15 -1.000000e+00  3.109991e-15
   outer loop
     vertex  2.288767e-02 -2.500000e-02 -2.023955e-03
     vertex  2.419675e-02 -2.500000e-02 -1.397000e-02
     vertex  2.683688e-02 -2.500000e-02 -7.773396e-03
   endloop
 endfacet
 facet normal  4.653070e-15 -1.000000e+00  4.686226e-15
   outer loop
     vertex  2.565526e-02 -2.500000e-02 -1.100000e-03
     vertex  2.533665e-02 -2.500000e-02 -1.523994e-03
     vertex  2.791734e-02 -2.500000e-02 -1.125030e-03
   endloop
 endfacet
 facet normal  1.611025e-15 -1.000000e+00  2.790378e-15
   outer loop
     vertex  2.242837e-02 -2.500000e-02 -1.758774e-03
     vertex  2.419675e-02 -2.500000e-02 -1.397000e-02
     vertex  2.288767e-02 -2.500000e-02 -2.023955e-03
   endloop
 endfacet
 facet normal  4.473172e-15 -1.000000e+00  3.204863e-15
   outer loop
     vertex  2.242837e-02 -2.500000e-02 -1.758774e-03
     vertex  1.273733e-02 -2.500000e-02 -1.854415e-02
     vertex  2.419675e-02 -2.500000e-02 -1.397000e-02
   endloop
 endfacet
 facet normal  4.814561e-15 -1.000000e+00  1.928070e-14
   outer loop
     vertex  2.586314e-02 -2.500000e-02 -6.120784e-04
     vertex  2.565526e-02 -2.500000e-02 -1.100000e-03
     vertex  2.791734e-02 -2.500000e-02 -1.125030e-03
   endloop
 endfacet
 facet normal -5.834597e-16 -1.000000e+00  2.485889e-16
   outer loop
     vertex  3.666174e-03 -2.500000e-02 -6.350000e-03
     vertex  9.761860e-03 -2.500000e-02 -1.995602e-02
     vertex  9.969744e-03 -2.500000e-02 -1.946810e-02
   endloop
 endfacet
 facet normal  1.949664e-14 -1.000000e+00  9.897570e-15
   outer loop
     vertex  3.666174e-03 -2.500000e-02 -6.350000e-03
     vertex  9.969744e-03 -2.500000e-02 -1.946810e-02
     vertex  1.028835e-02 -2.500000e-02 -1.904411e-02
   endloop
 endfacet
 facet normal  1.564954e-16 -1.000000e+00 -1.916721e-16
   outer loop
     vertex  3.666174e-03 -2.500000e-02 -6.350000e-03
     vertex  1.028835e-02 -2.500000e-02 -1.904411e-02
     vertex  1.069918e-02 -2.500000e-02 -1.870869e-02
   endloop
 endfacet
 facet normal  1.048856e-16 -1.000000e+00 -2.210418e-16
   outer loop
     vertex  3.666174e-03 -2.500000e-02 -6.350000e-03
     vertex  1.069918e-02 -2.500000e-02 -1.870869e-02
     vertex  1.117833e-02 -2.500000e-02 -1.848132e-02
   endloop
 endfacet
 facet normal  1.190639e-14 -1.000000e+00  7.086881e-15
   outer loop
     vertex  3.666174e-03 -2.500000e-02 -6.350000e-03
     vertex  1.117833e-02 -2.500000e-02 -1.848132e-02
     vertex  1.169797e-02 -2.500000e-02 -1.837524e-02
   endloop
 endfacet
 facet normal -1.349198e-14 -1.000000e+00 -9.876996e-15
   outer loop
     vertex  3.666174e-03 -2.500000e-02 -6.350000e-03
     vertex  1.169797e-02 -2.500000e-02 -1.837524e-02
     vertex  1.222790e-02 -2.500000e-02 -1.839659e-02
   endloop
 endfacet
 facet normal  2.108029e-14 -1.000000e+00 -6.383261e-15
   outer loop
     vertex  2.204587e-02 -2.500000e-02 -1.391380e-03
     vertex  1.273733e-02 -2.500000e-02 -1.854415e-02
     vertex  2.242837e-02 -2.500000e-02 -1.758774e-03
   endloop
 endfacet
 facet normal  7.151153e-15 -1.000000e+00  1.175866e-15
   outer loop
     vertex  2.204587e-02 -2.500000e-02 -1.391380e-03
     vertex  1.222790e-02 -2.500000e-02 -1.839659e-02
     vertex  1.273733e-02 -2.500000e-02 -1.854415e-02
   endloop
 endfacet
 facet normal -4.771204e-15 -1.000000e+00 -1.910707e-14
   outer loop
     vertex  2.594822e-02 -2.500000e-02 -8.858507e-05
     vertex  2.586314e-02 -2.500000e-02 -6.120784e-04
     vertex  2.791734e-02 -2.500000e-02 -1.125030e-03
   endloop
 endfacet
 facet normal  1.634341e-14 -1.000000e+00  2.100822e-14
   outer loop
     vertex  2.590554e-02 -2.500000e-02  4.400565e-04
     vertex  2.594822e-02 -2.500000e-02 -8.858507e-05
     vertex  2.791734e-02 -2.500000e-02 -1.125030e-03
   endloop
 endfacet
 facet normal -1.449509e-14 -1.000000e+00 -1.863235e-14
   outer loop
     vertex  2.573759e-02 -2.500000e-02  9.431236e-04
     vertex  2.590554e-02 -2.500000e-02  4.400565e-04
     vertex  2.791734e-02 -2.500000e-02 -1.125030e-03
   endloop
 endfacet
 facet normal  4.258530e-15 -1.000000e+00  2.417867e-15
   outer loop
     vertex -3.666174e-03 -2.500000e-02 -6.350000e-03
     vertex  9.761860e-03 -2.500000e-02 -1.995602e-02
     vertex  3.666174e-03 -2.500000e-02 -6.350000e-03
   endloop
 endfacet
 facet normal  2.148691e-16 -1.000000e+00  5.331922e-15
   outer loop
     vertex -3.666174e-03 -2.500000e-02 -6.350000e-03
     vertex -1.205203e-02 -2.500000e-02 -1.837524e-02
     vertex -1.152210e-02 -2.500000e-02 -1.839659e-02
   endloop
 endfacet
 facet normal  7.061669e-15 -1.000000e+00  8.669319e-16
   outer loop
     vertex -3.666174e-03 -2.500000e-02 -6.350000e-03
     vertex -1.152210e-02 -2.500000e-02 -1.839659e-02
     vertex -1.101267e-02 -2.500000e-02 -1.854415e-02
   endloop
 endfacet
 facet normal  7.798052e-15 -1.000000e+00  4.232903e-16
   outer loop
     vertex -3.666174e-03 -2.500000e-02 -6.350000e-03
     vertex -1.101267e-02 -2.500000e-02 -1.854415e-02
     vertex -1.055337e-02 -2.500000e-02 -1.880933e-02
   endloop
 endfacet
 facet normal  2.970009e-15 -1.000000e+00  3.092107e-15
   outer loop
     vertex -3.666174e-03 -2.500000e-02 -6.350000e-03
     vertex -1.055337e-02 -2.500000e-02 -1.880933e-02
     vertex -1.017087e-02 -2.500000e-02 -1.917672e-02
   endloop
 endfacet
 facet normal -2.757056e-15 -1.000000e+00  5.996419e-15
   outer loop
     vertex -3.666174e-03 -2.500000e-02 -6.350000e-03
     vertex -1.017087e-02 -2.500000e-02 -1.917672e-02
     vertex -9.887409e-03 -2.500000e-02 -1.962498e-02
   endloop
 endfacet
 facet normal  4.458276e-15 -1.000000e+00  2.615000e-15
   outer loop
     vertex -3.666174e-03 -2.500000e-02 -6.350000e-03
     vertex -9.887409e-03 -2.500000e-02 -1.962498e-02
     vertex  9.761860e-03 -2.500000e-02 -1.995602e-02
   endloop
 endfacet
 facet normal  4.401666e-15 -1.000000e+00  2.174006e-15
   outer loop
     vertex -2.524241e-02 -2.500000e-02 -1.197767e-02
     vertex -2.164246e-02 -2.500000e-02 -1.767052e-02
     vertex -1.257167e-02 -2.500000e-02 -1.848132e-02
   endloop
 endfacet
 facet normal  4.012758e-15 -1.000000e+00  2.537514e-15
   outer loop
     vertex  7.332348e-03 -2.500000e-02  4.648797e-17
     vertex  2.204587e-02 -2.500000e-02 -1.391380e-03
     vertex  2.176241e-02 -2.500000e-02 -9.431236e-04
   endloop
 endfacet
 facet normal  3.932722e-15 -1.000000e+00  1.312935e-15
   outer loop
     vertex  7.332348e-03 -2.500000e-02  4.648797e-17
     vertex  2.176241e-02 -2.500000e-02 -9.431236e-04
     vertex  2.159446e-02 -2.500000e-02 -4.400565e-04
   endloop
 endfacet
 facet normal  4.307940e-15 -1.000000e+00  1.347367e-14
   outer loop
     vertex  7.332348e-03 -2.500000e-02  4.648797e-17
     vertex  2.159446e-02 -2.500000e-02 -4.400565e-04
     vertex  2.155178e-02 -2.500000e-02  8.858507e-05
   endloop
 endfacet
 facet normal  4.520321e-15 -1.000000e+00 -2.061709e-14
   outer loop
     vertex  7.332348e-03 -2.500000e-02  4.648797e-17
     vertex  2.155178e-02 -2.500000e-02  8.858507e-05
     vertex  2.163686e-02 -2.500000e-02  6.120784e-04
   endloop
 endfacet
 facet normal  2.466052e-15 -1.000000e+00  2.739197e-14
   outer loop
     vertex  7.332348e-03 -2.500000e-02  4.648797e-17
     vertex  2.163686e-02 -2.500000e-02  6.120784e-04
     vertex  2.184474e-02 -2.500000e-02  1.100000e-03
   endloop
 endfacet
 facet normal  4.816634e-15 -1.000000e+00 -3.619466e-15
   outer loop
     vertex  7.332348e-03 -2.500000e-02  4.648797e-17
     vertex  2.184474e-02 -2.500000e-02  1.100000e-03
     vertex  2.216335e-02 -2.500000e-02  1.523994e-03
   endloop
 endfacet
 facet normal  4.889545e-15 -1.000000e+00  3.187085e-15
   outer loop
     vertex  7.332348e-03 -2.500000e-02  4.648797e-17
     vertex  3.666174e-03 -2.500000e-02 -6.350000e-03
     vertex  1.222790e-02 -2.500000e-02 -1.839659e-02
   endloop
 endfacet
 facet normal  4.053136e-15 -1.000000e+00  2.964507e-15
   outer loop
     vertex  7.332348e-03 -2.500000e-02  4.648797e-17
     vertex  1.222790e-02 -2.500000e-02 -1.839659e-02
     vertex  2.204587e-02 -2.500000e-02 -1.391380e-03
   endloop
 endfacet
 facet normal  2.757607e-16 -1.000000e+00  6.842932e-15
   outer loop
     vertex  2.737535e-02 -2.500000e-02  5.588718e-03
     vertex  2.357297e-02 -2.500000e-02  2.192866e-03
     vertex  2.410290e-02 -2.500000e-02  2.171511e-03
   endloop
 endfacet
 facet normal  1.227485e-14 -1.000000e+00 -4.647849e-15
   outer loop
     vertex  2.737535e-02 -2.500000e-02  5.588718e-03
     vertex  2.410290e-02 -2.500000e-02  2.171511e-03
     vertex  2.461233e-02 -2.500000e-02  2.023955e-03
   endloop
 endfacet
 facet normal -3.277444e-15 -1.000000e+00  7.406633e-15
   outer loop
     vertex  2.737535e-02 -2.500000e-02  5.588718e-03
     vertex  2.461233e-02 -2.500000e-02  2.023955e-03
     vertex  2.507163e-02 -2.500000e-02  1.758774e-03
   endloop
 endfacet
 facet normal  1.480692e-14 -1.000000e+00 -3.471143e-15
   outer loop
     vertex  2.737535e-02 -2.500000e-02  5.588718e-03
     vertex  2.507163e-02 -2.500000e-02  1.758774e-03
     vertex  2.545413e-02 -2.500000e-02  1.391380e-03
   endloop
 endfacet
 facet normal -1.116740e-14 -1.000000e+00  8.417913e-15
   outer loop
     vertex  2.737535e-02 -2.500000e-02  5.588718e-03
     vertex  2.545413e-02 -2.500000e-02  1.391380e-03
     vertex  2.573759e-02 -2.500000e-02  9.431236e-04
   endloop
 endfacet
 facet normal  5.571325e-15 -1.000000e+00  2.516834e-15
   outer loop
     vertex  2.737535e-02 -2.500000e-02  5.588718e-03
     vertex  2.573759e-02 -2.500000e-02  9.431236e-04
     vertex  2.791734e-02 -2.500000e-02 -1.125030e-03
   endloop
 endfacet
 facet normal  3.052167e-15 -1.000000e+00  3.734155e-15
   outer loop
     vertex -2.357297e-02 -2.500000e-02 -2.192866e-03
     vertex -2.737535e-02 -2.500000e-02 -5.588718e-03
     vertex -2.524241e-02 -2.500000e-02 -1.197767e-02
   endloop
 endfacet
 facet normal -8.999919e-16 -1.000000e+00  4.408452e-15
   outer loop
     vertex -2.357297e-02 -2.500000e-02 -2.192866e-03
     vertex -2.524241e-02 -2.500000e-02 -1.197767e-02
     vertex -2.305333e-02 -2.500000e-02 -2.086780e-03
   endloop
 endfacet
 facet normal  3.012992e-14 -1.000000e+00 -2.459159e-15
   outer loop
     vertex -2.257418e-02 -2.500000e-02 -1.859418e-03
     vertex -2.305333e-02 -2.500000e-02 -2.086780e-03
     vertex -2.524241e-02 -2.500000e-02 -1.197767e-02
   endloop
 endfacet
 facet normal  6.540072e-15 -1.000000e+00 -1.712954e-16
   outer loop
     vertex -2.410290e-02 -2.500000e-02 -2.171511e-03
     vertex -2.737535e-02 -2.500000e-02 -5.588718e-03
     vertex -2.357297e-02 -2.500000e-02 -2.192866e-03
   endloop
 endfacet
 facet normal  4.778008e-15 -1.000000e+00  2.907215e-15
   outer loop
     vertex -2.216335e-02 -2.500000e-02 -1.523994e-03
     vertex -2.524241e-02 -2.500000e-02 -1.197767e-02
     vertex -1.257167e-02 -2.500000e-02 -1.848132e-02
   endloop
 endfacet
 facet normal -3.744512e-17 -1.000000e+00  1.834183e-16
   outer loop
     vertex -2.216335e-02 -2.500000e-02 -1.523994e-03
     vertex -1.257167e-02 -2.500000e-02 -1.848132e-02
     vertex -1.205203e-02 -2.500000e-02 -1.837524e-02
   endloop
 endfacet
 facet normal -3.799564e-14 -1.000000e+00  1.550587e-14
   outer loop
     vertex -2.216335e-02 -2.500000e-02 -1.523994e-03
     vertex -2.257418e-02 -2.500000e-02 -1.859418e-03
     vertex -2.524241e-02 -2.500000e-02 -1.197767e-02
   endloop
 endfacet
 facet normal  4.310617e-15 -1.000000e+00  3.581475e-15
   outer loop
     vertex -2.216335e-02 -2.500000e-02 -1.523994e-03
     vertex -3.666174e-03 -2.500000e-02 -6.350000e-03
     vertex -7.332348e-03 -2.500000e-02  4.693206e-17
   endloop
 endfacet
 facet normal  4.066533e-15 -1.000000e+00  2.645947e-15
   outer loop
     vertex -2.216335e-02 -2.500000e-02 -1.523994e-03
     vertex -1.205203e-02 -2.500000e-02 -1.837524e-02
     vertex -3.666174e-03 -2.500000e-02 -6.350000e-03
   endloop
 endfacet
 facet normal  1.381331e-15 -1.000000e+00  4.768909e-15
   outer loop
     vertex -2.461233e-02 -2.500000e-02 -2.023955e-03
     vertex -2.737535e-02 -2.500000e-02 -5.588718e-03
     vertex -2.410290e-02 -2.500000e-02 -2.171511e-03
   endloop
 endfacet
 facet normal  3.247741e-15 -1.000000e+00  1.392505e-14
   outer loop
     vertex -2.184474e-02 -2.500000e-02 -1.100000e-03
     vertex -2.216335e-02 -2.500000e-02 -1.523994e-03
     vertex -7.332348e-03 -2.500000e-02  4.693206e-17
   endloop
 endfacet
 facet normal -2.889248e-15 -1.000000e+00  8.079007e-15
   outer loop
     vertex -2.507163e-02 -2.500000e-02 -1.758774e-03
     vertex -2.737535e-02 -2.500000e-02 -5.588718e-03
     vertex -2.461233e-02 -2.500000e-02 -2.023955e-03
   endloop
 endfacet
 facet normal  4.446828e-15 -1.000000e+00 -1.894616e-15
   outer loop
     vertex -2.163686e-02 -2.500000e-02 -6.120784e-04
     vertex -2.184474e-02 -2.500000e-02 -1.100000e-03
     vertex -7.332348e-03 -2.500000e-02  4.693206e-17
   endloop
 endfacet
 facet normal  5.410722e-15 -1.000000e+00  3.716517e-15
   outer loop
     vertex  2.524241e-02 -2.500000e-02  1.197767e-02
     vertex  2.216335e-02 -2.500000e-02  1.523994e-03
     vertex  2.257418e-02 -2.500000e-02  1.859418e-03
   endloop
 endfacet
 facet normal  5.486764e-15 -1.000000e+00  3.696464e-15
   outer loop
     vertex  2.524241e-02 -2.500000e-02  1.197767e-02
     vertex  2.257418e-02 -2.500000e-02  1.859418e-03
     vertex  2.305333e-02 -2.500000e-02  2.086780e-03
   endloop
 endfacet
 facet normal -1.049991e-15 -1.000000e+00  5.143194e-15
   outer loop
     vertex  2.524241e-02 -2.500000e-02  1.197767e-02
     vertex  2.305333e-02 -2.500000e-02  2.086780e-03
     vertex  2.357297e-02 -2.500000e-02  2.192866e-03
   endloop
 endfacet
 facet normal  2.304984e-15 -1.000000e+00  4.570786e-15
   outer loop
     vertex  2.524241e-02 -2.500000e-02  1.197767e-02
     vertex  2.357297e-02 -2.500000e-02  2.192866e-03
     vertex  2.737535e-02 -2.500000e-02  5.588718e-03
   endloop
 endfacet
 facet normal  4.089787e-15 -1.000000e+00  3.453979e-15
   outer loop
     vertex  3.666174e-03 -2.500000e-02  6.350000e-03
     vertex  7.332348e-03 -2.500000e-02  4.648797e-17
     vertex  2.216335e-02 -2.500000e-02  1.523994e-03
   endloop
 endfacet
 facet normal  2.685642e-14 -1.000000e+00 -9.813064e-15
   outer loop
     vertex -2.545413e-02 -2.500000e-02 -1.391380e-03
     vertex -2.737535e-02 -2.500000e-02 -5.588718e-03
     vertex -2.507163e-02 -2.500000e-02 -1.758774e-03
   endloop
 endfacet
 facet normal  4.110760e-15 -1.000000e+00  5.959427e-15
   outer loop
     vertex -2.155178e-02 -2.500000e-02 -8.858507e-05
     vertex -2.163686e-02 -2.500000e-02 -6.120784e-04
     vertex -7.332348e-03 -2.500000e-02  4.693206e-17
   endloop
 endfacet
 facet normal -1.902593e-14 -1.000000e+00  1.118836e-14
   outer loop
     vertex -2.573759e-02 -2.500000e-02 -9.431236e-04
     vertex -2.737535e-02 -2.500000e-02 -5.588718e-03
     vertex -2.545413e-02 -2.500000e-02 -1.391380e-03
   endloop
 endfacet
 facet normal  4.104935e-15 -1.000000e+00  6.894332e-15
   outer loop
     vertex -2.159446e-02 -2.500000e-02  4.400565e-04
     vertex -2.155178e-02 -2.500000e-02 -8.858507e-05
     vertex -7.332348e-03 -2.500000e-02  4.693206e-17
   endloop
 endfacet
 facet normal  3.932722e-15 -1.000000e+00  1.312935e-15
   outer loop
     vertex -2.176241e-02 -2.500000e-02  9.431236e-04
     vertex -2.159446e-02 -2.500000e-02  4.400565e-04
     vertex -7.332348e-03 -2.500000e-02  4.693206e-17
   endloop
 endfacet
 facet normal  4.012758e-15 -1.000000e+00  2.537514e-15
   outer loop
     vertex -2.204587e-02 -2.500000e-02  1.391380e-03
     vertex -2.176241e-02 -2.500000e-02  9.431236e-04
     vertex -7.332348e-03 -2.500000e-02  4.693206e-17
   endloop
 endfacet
 facet normal -4.917963e-15 -1.000000e+00 -8.538446e-15
   outer loop
     vertex -2.791734e-02 -2.500000e-02  1.125030e-03
     vertex -2.573759e-02 -2.500000e-02 -9.431236e-04
     vertex -2.590554e-02 -2.500000e-02 -4.400565e-04
   endloop
 endfacet
 facet normal  1.840112e-15 -1.000000e+00  1.485492e-16
   outer loop
     vertex -2.791734e-02 -2.500000e-02  1.125030e-03
     vertex -2.590554e-02 -2.500000e-02 -4.400565e-04
     vertex -2.594822e-02 -2.500000e-02  8.858507e-05
   endloop
 endfacet
 facet normal  4.836571e-15 -1.000000e+00  5.841471e-15
   outer loop
     vertex -2.791734e-02 -2.500000e-02  1.125030e-03
     vertex -2.594822e-02 -2.500000e-02  8.858507e-05
     vertex -2.586314e-02 -2.500000e-02  6.120784e-04
   endloop
 endfacet
 facet normal  3.053084e-15 -1.000000e+00 -1.300797e-15
   outer loop
     vertex -2.791734e-02 -2.500000e-02  1.125030e-03
     vertex -2.586314e-02 -2.500000e-02  6.120784e-04
     vertex -2.565526e-02 -2.500000e-02  1.100000e-03
   endloop
 endfacet
 facet normal  3.221776e-15 -1.000000e+00  1.394456e-14
   outer loop
     vertex -2.791734e-02 -2.500000e-02  1.125030e-03
     vertex -2.565526e-02 -2.500000e-02  1.100000e-03
     vertex -2.533665e-02 -2.500000e-02  1.523994e-03
   endloop
 endfacet
 facet normal  1.057865e-14 -1.000000e+00 -3.364338e-14
   outer loop
     vertex -2.791734e-02 -2.500000e-02  1.125030e-03
     vertex -2.533665e-02 -2.500000e-02  1.523994e-03
     vertex -2.492582e-02 -2.500000e-02  1.859418e-03
   endloop
 endfacet
 facet normal  5.571325e-15 -1.000000e+00  2.516834e-15
   outer loop
     vertex -2.791734e-02 -2.500000e-02  1.125030e-03
     vertex -2.737535e-02 -2.500000e-02 -5.588718e-03
     vertex -2.573759e-02 -2.500000e-02 -9.431236e-04
   endloop
 endfacet
 facet normal  1.738619e-14 -1.000000e+00  9.138109e-15
   outer loop
     vertex -2.683688e-02 -2.500000e-02  7.773396e-03
     vertex -2.492582e-02 -2.500000e-02  1.859418e-03
     vertex -2.444667e-02 -2.500000e-02  2.086780e-03
   endloop
 endfacet
 facet normal -3.441332e-16 -1.000000e+00  1.685676e-15
   outer loop
     vertex -2.683688e-02 -2.500000e-02  7.773396e-03
     vertex -2.444667e-02 -2.500000e-02  2.086780e-03
     vertex -2.392703e-02 -2.500000e-02  2.192866e-03
   endloop
 endfacet
 facet normal  6.764274e-15 -1.000000e+00  5.392205e-15
   outer loop
     vertex -2.683688e-02 -2.500000e-02  7.773396e-03
     vertex -2.392703e-02 -2.500000e-02  2.192866e-03
     vertex -2.339710e-02 -2.500000e-02  2.171511e-03
   endloop
 endfacet
 facet normal  8.720333e-15 -1.000000e+00  6.593303e-15
   outer loop
     vertex -2.683688e-02 -2.500000e-02  7.773396e-03
     vertex -2.339710e-02 -2.500000e-02  2.171511e-03
     vertex -2.288767e-02 -2.500000e-02  2.023955e-03
   endloop
 endfacet
 facet normal  1.348451e-15 -1.000000e+00  3.955652e-15
   outer loop
     vertex -2.683688e-02 -2.500000e-02  7.773396e-03
     vertex -2.791734e-02 -2.500000e-02  1.125030e-03
     vertex -2.492582e-02 -2.500000e-02  1.859418e-03
   endloop
 endfacet
 facet normal  3.938527e-15 -1.000000e+00  1.271695e-15
   outer loop
     vertex  1.257167e-02 -2.500000e-02  1.848132e-02
     vertex  2.524241e-02 -2.500000e-02  1.197767e-02
     vertex  2.164246e-02 -2.500000e-02  1.767052e-02
   endloop
 endfacet
 facet normal  5.221947e-15 -1.000000e+00  3.772119e-15
   outer loop
     vertex  1.257167e-02 -2.500000e-02  1.848132e-02
     vertex  2.216335e-02 -2.500000e-02  1.523994e-03
     vertex  2.524241e-02 -2.500000e-02  1.197767e-02
   endloop
 endfacet
 facet normal  1.780650e-14 -1.000000e+00  1.089040e-14
   outer loop
     vertex  1.205203e-02 -2.500000e-02  1.837524e-02
     vertex  2.216335e-02 -2.500000e-02  1.523994e-03
     vertex  1.257167e-02 -2.500000e-02  1.848132e-02
   endloop
 endfacet
 facet normal  3.844153e-15 -1.000000e+00  2.512511e-15
   outer loop
     vertex  1.205203e-02 -2.500000e-02  1.837524e-02
     vertex  3.666174e-03 -2.500000e-02  6.350000e-03
     vertex  2.216335e-02 -2.500000e-02  1.523994e-03
   endloop
 endfacet
 facet normal  4.366330e-15 -1.000000e+00  6.057729e-15
   outer loop
     vertex  1.305082e-02 -2.500000e-02  1.870869e-02
     vertex  1.257167e-02 -2.500000e-02  1.848132e-02
     vertex  2.164246e-02 -2.500000e-02  1.767052e-02
   endloop
 endfacet
 facet normal -6.164458e-15 -1.000000e+00  9.492061e-15
   outer loop
     vertex  1.152210e-02 -2.500000e-02  1.839659e-02
     vertex  3.666174e-03 -2.500000e-02  6.350000e-03
     vertex  1.205203e-02 -2.500000e-02  1.837524e-02
   endloop
 endfacet
 facet normal  4.254540e-15 -1.000000e+00  5.132582e-15
   outer loop
     vertex  1.346165e-02 -2.500000e-02  1.904411e-02
     vertex  1.305082e-02 -2.500000e-02  1.870869e-02
     vertex  2.164246e-02 -2.500000e-02  1.767052e-02
   endloop
 endfacet
 facet normal  7.061669e-15 -1.000000e+00  8.669319e-16
   outer loop
     vertex  1.101267e-02 -2.500000e-02  1.854415e-02
     vertex  3.666174e-03 -2.500000e-02  6.350000e-03
     vertex  1.152210e-02 -2.500000e-02  1.839659e-02
   endloop
 endfacet
 facet normal  3.012653e-15 -1.000000e+00 -2.263862e-15
   outer loop
     vertex  1.378026e-02 -2.500000e-02  1.946810e-02
     vertex  1.346165e-02 -2.500000e-02  1.904411e-02
     vertex  2.164246e-02 -2.500000e-02  1.767052e-02
   endloop
 endfacet
 facet normal  2.193740e-15 -1.000000e+00  3.799669e-15
   outer loop
     vertex  1.055337e-02 -2.500000e-02  1.880933e-02
     vertex  3.666174e-03 -2.500000e-02  6.350000e-03
     vertex  1.101267e-02 -2.500000e-02  1.854415e-02
   endloop
 endfacet
 facet normal  6.179767e-15 -1.000000e+00  1.158838e-14
   outer loop
     vertex  1.398814e-02 -2.500000e-02  1.995602e-02
     vertex  1.378026e-02 -2.500000e-02  1.946810e-02
     vertex  2.164246e-02 -2.500000e-02  1.767052e-02
   endloop
 endfacet
 facet normal  3.144715e-15 -1.000000e+00  3.273995e-15
   outer loop
     vertex  1.017087e-02 -2.500000e-02  1.917672e-02
     vertex  3.666174e-03 -2.500000e-02  6.350000e-03
     vertex  1.055337e-02 -2.500000e-02  1.880933e-02
   endloop
 endfacet
 facet normal  4.272770e-15 -1.000000e+00  2.701936e-15
   outer loop
     vertex  9.887409e-03 -2.500000e-02  1.962498e-02
     vertex  3.666174e-03 -2.500000e-02  6.350000e-03
     vertex  1.017087e-02 -2.500000e-02  1.917672e-02
   endloop
 endfacet
 facet normal  8.289789e-15 -1.000000e+00 -4.129050e-15
   outer loop
     vertex  1.678474e-02 -2.500000e-02  2.233643e-02
     vertex  1.386259e-02 -2.500000e-02  2.151123e-02
     vertex  1.403054e-02 -2.500000e-02  2.100816e-02
   endloop
 endfacet
 facet normal  3.015928e-15 -1.000000e+00  6.806418e-15
   outer loop
     vertex  1.678474e-02 -2.500000e-02  2.233643e-02
     vertex  1.403054e-02 -2.500000e-02  2.100816e-02
     vertex  1.407322e-02 -2.500000e-02  2.047952e-02
   endloop
 endfacet
 facet normal  1.374558e-14 -1.000000e+00 -8.861364e-15
   outer loop
     vertex  1.678474e-02 -2.500000e-02  2.233643e-02
     vertex  1.407322e-02 -2.500000e-02  2.047952e-02
     vertex  1.398814e-02 -2.500000e-02  1.995602e-02
   endloop
 endfacet
 facet normal  3.624215e-15 -1.000000e+00  3.029634e-15
   outer loop
     vertex  1.678474e-02 -2.500000e-02  2.233643e-02
     vertex  1.398814e-02 -2.500000e-02  1.995602e-02
     vertex  2.164246e-02 -2.500000e-02  1.767052e-02
   endloop
 endfacet
 facet normal  4.189841e-15 -1.000000e+00  1.038937e-14
   outer loop
     vertex  1.357913e-02 -2.500000e-02  2.195948e-02
     vertex  1.386259e-02 -2.500000e-02  2.151123e-02
     vertex  1.678474e-02 -2.500000e-02  2.233643e-02
   endloop
 endfacet
 facet normal  5.810616e-15 -1.000000e+00 -3.393897e-15
   outer loop
     vertex  1.319663e-02 -2.500000e-02  2.232688e-02
     vertex  1.357913e-02 -2.500000e-02  2.195948e-02
     vertex  1.678474e-02 -2.500000e-02  2.233643e-02
   endloop
 endfacet
 facet normal  2.979324e-15 -1.000000e+00  2.649893e-15
   outer loop
     vertex -2.419675e-02 -2.500000e-02  1.397000e-02
     vertex -2.683688e-02 -2.500000e-02  7.773396e-03
     vertex -2.288767e-02 -2.500000e-02  2.023955e-03
   endloop
 endfacet
 facet normal -3.082335e-14 -1.000000e+00 -1.054286e-15
   outer loop
     vertex -2.419675e-02 -2.500000e-02  1.397000e-02
     vertex -2.288767e-02 -2.500000e-02  2.023955e-03
     vertex -2.242837e-02 -2.500000e-02  1.758774e-03
   endloop
 endfacet
 facet normal  2.360546e-14 -1.000000e+00  1.518934e-14
   outer loop
     vertex -1.169797e-02 -2.500000e-02  1.837524e-02
     vertex -3.666174e-03 -2.500000e-02  6.350000e-03
     vertex -1.117833e-02 -2.500000e-02  1.848132e-02
   endloop
 endfacet
 facet normal -2.097713e-16 -1.000000e+00  4.420836e-16
   outer loop
     vertex -1.069918e-02 -2.500000e-02  1.870869e-02
     vertex -1.117833e-02 -2.500000e-02  1.848132e-02
     vertex -3.666174e-03 -2.500000e-02  6.350000e-03
   endloop
 endfacet
 facet normal  4.465368e-15 -1.000000e+00  2.885615e-15
   outer loop
     vertex -1.222790e-02 -2.500000e-02  1.839659e-02
     vertex -7.332348e-03 -2.500000e-02  4.693206e-17
     vertex -3.666174e-03 -2.500000e-02  6.350000e-03
   endloop
 endfacet
 facet normal -6.751964e-15 -1.000000e+00 -5.086745e-15
   outer loop
     vertex -1.222790e-02 -2.500000e-02  1.839659e-02
     vertex -3.666174e-03 -2.500000e-02  6.350000e-03
     vertex -1.169797e-02 -2.500000e-02  1.837524e-02
   endloop
 endfacet
 facet normal  4.034842e-15 -1.000000e+00  2.771047e-15
   outer loop
     vertex -1.222790e-02 -2.500000e-02  1.839659e-02
     vertex -2.204587e-02 -2.500000e-02  1.391380e-03
     vertex -7.332348e-03 -2.500000e-02  4.693206e-17
   endloop
 endfacet
 facet normal  1.121912e-14 -1.000000e+00  6.945965e-15
   outer loop
     vertex -1.028835e-02 -2.500000e-02  1.904411e-02
     vertex -1.069918e-02 -2.500000e-02  1.870869e-02
     vertex -3.666174e-03 -2.500000e-02  6.350000e-03
   endloop
 endfacet
 facet normal  3.300531e-14 -1.000000e+00 -1.285478e-14
   outer loop
     vertex -1.273733e-02 -2.500000e-02  1.854415e-02
     vertex -2.242837e-02 -2.500000e-02  1.758774e-03
     vertex -2.204587e-02 -2.500000e-02  1.391380e-03
   endloop
 endfacet
 facet normal  3.865322e-15 -1.000000e+00  3.969195e-15
   outer loop
     vertex -1.273733e-02 -2.500000e-02  1.854415e-02
     vertex -2.419675e-02 -2.500000e-02  1.397000e-02
     vertex -2.242837e-02 -2.500000e-02  1.758774e-03
   endloop
 endfacet
 facet normal  1.265727e-15 -1.000000e+00  4.369796e-15
   outer loop
     vertex -1.273733e-02 -2.500000e-02  1.854415e-02
     vertex -2.204587e-02 -2.500000e-02  1.391380e-03
     vertex -1.222790e-02 -2.500000e-02  1.839659e-02
   endloop
 endfacet
 facet normal -7.286032e-15 -1.000000e+00 -2.707684e-15
   outer loop
     vertex -9.969744e-03 -2.500000e-02  1.946810e-02
     vertex -1.028835e-02 -2.500000e-02  1.904411e-02
     vertex -3.666174e-03 -2.500000e-02  6.350000e-03
   endloop
 endfacet
 facet normal  3.222051e-15 -1.000000e+00  5.580755e-15
   outer loop
     vertex -1.319663e-02 -2.500000e-02  1.880933e-02
     vertex -2.419675e-02 -2.500000e-02  1.397000e-02
     vertex -1.273733e-02 -2.500000e-02  1.854415e-02
   endloop
 endfacet
 facet normal  2.265487e-14 -1.000000e+00  1.167966e-14
   outer loop
     vertex -9.761860e-03 -2.500000e-02  1.995602e-02
     vertex -9.969744e-03 -2.500000e-02  1.946810e-02
     vertex -3.666174e-03 -2.500000e-02  6.350000e-03
   endloop
 endfacet
 facet normal  3.932719e-15 -1.000000e+00  2.861298e-15
   outer loop
     vertex -9.761860e-03 -2.500000e-02  1.995602e-02
     vertex  3.666174e-03 -2.500000e-02  6.350000e-03
     vertex  9.887409e-03 -2.500000e-02  1.962498e-02
   endloop
 endfacet
 facet normal  4.731700e-15 -1.000000e+00  3.649827e-15
   outer loop
     vertex -9.761860e-03 -2.500000e-02  1.995602e-02
     vertex -3.666174e-03 -2.500000e-02  6.350000e-03
     vertex  3.666174e-03 -2.500000e-02  6.350000e-03
   endloop
 endfacet
 facet normal  4.023334e-15 -1.000000e+00  8.239775e-15
   outer loop
     vertex -9.761860e-03 -2.500000e-02  1.995602e-02
     vertex  9.887409e-03 -2.500000e-02  1.962498e-02
     vertex  9.719461e-03 -2.500000e-02  2.012805e-02
   endloop
 endfacet
 facet normal  5.791329e-15 -1.000000e+00  3.849775e-15
   outer loop
     vertex  1.095155e-02 -2.500000e-02  2.570423e-02
     vertex  1.319663e-02 -2.500000e-02  2.232688e-02
     vertex  1.678474e-02 -2.500000e-02  2.233643e-02
   endloop
 endfacet
 facet normal  8.089361e-15 -1.000000e+00  4.357792e-16
   outer loop
     vertex  1.095155e-02 -2.500000e-02  2.570423e-02
     vertex  1.028835e-02 -2.500000e-02  2.209210e-02
     vertex  1.069918e-02 -2.500000e-02  2.242752e-02
   endloop
 endfacet
 facet normal -2.306773e-14 -1.000000e+00  2.835500e-15
   outer loop
     vertex  1.095155e-02 -2.500000e-02  2.570423e-02
     vertex  1.069918e-02 -2.500000e-02  2.242752e-02
     vertex  1.117833e-02 -2.500000e-02  2.265488e-02
   endloop
 endfacet
 facet normal  1.223827e-14 -1.000000e+00  5.461251e-15
   outer loop
     vertex  1.095155e-02 -2.500000e-02  2.570423e-02
     vertex  1.117833e-02 -2.500000e-02  2.265488e-02
     vertex  1.169797e-02 -2.500000e-02  2.276097e-02
   endloop
 endfacet
 facet normal  1.332514e-14 -1.000000e+00  5.736888e-15
   outer loop
     vertex  1.095155e-02 -2.500000e-02  2.570423e-02
     vertex  1.169797e-02 -2.500000e-02  2.276097e-02
     vertex  1.222790e-02 -2.500000e-02  2.273961e-02
   endloop
 endfacet
 facet normal -7.780872e-15 -1.000000e+00 -3.349908e-15
   outer loop
     vertex  1.095155e-02 -2.500000e-02  2.570423e-02
     vertex  1.222790e-02 -2.500000e-02  2.273961e-02
     vertex  1.273733e-02 -2.500000e-02  2.259206e-02
   endloop
 endfacet
 facet normal  1.225831e-14 -1.000000e+00  8.148691e-15
   outer loop
     vertex  1.095155e-02 -2.500000e-02  2.570423e-02
     vertex  1.273733e-02 -2.500000e-02  2.259206e-02
     vertex  1.319663e-02 -2.500000e-02  2.232688e-02
   endloop
 endfacet
 facet normal  4.669951e-15 -1.000000e+00  2.289581e-15
   outer loop
     vertex -2.015040e-02 -2.500000e-02  1.935472e-02
     vertex -2.419675e-02 -2.500000e-02  1.397000e-02
     vertex -1.319663e-02 -2.500000e-02  1.880933e-02
   endloop
 endfacet
 facet normal  3.276626e-15 -1.000000e+00 -1.547545e-14
   outer loop
     vertex -2.015040e-02 -2.500000e-02  1.935472e-02
     vertex -1.319663e-02 -2.500000e-02  1.880933e-02
     vertex -1.357913e-02 -2.500000e-02  1.917672e-02
   endloop
 endfacet
 facet normal  3.973517e-15 -1.000000e+00  1.025258e-14
   outer loop
     vertex -2.015040e-02 -2.500000e-02  1.935472e-02
     vertex -1.357913e-02 -2.500000e-02  1.917672e-02
     vertex -1.386259e-02 -2.500000e-02  1.962498e-02
   endloop
 endfacet
 facet normal  4.059512e-15 -1.000000e+00  8.251853e-15
   outer loop
     vertex -2.015040e-02 -2.500000e-02  1.935472e-02
     vertex -1.386259e-02 -2.500000e-02  1.962498e-02
     vertex -1.403054e-02 -2.500000e-02  2.012805e-02
   endloop
 endfacet
 facet normal  5.050724e-15 -1.000000e+00  4.077366e-16
   outer loop
     vertex -2.015040e-02 -2.500000e-02  1.935472e-02
     vertex -1.403054e-02 -2.500000e-02  2.012805e-02
     vertex -1.407322e-02 -2.500000e-02  2.065669e-02
   endloop
 endfacet
 facet normal  4.092626e-15 -1.000000e+00  1.169586e-15
   outer loop
     vertex  4.481891e-03 -2.500000e-02  2.757818e-02
     vertex  1.028835e-02 -2.500000e-02  2.209210e-02
     vertex  1.095155e-02 -2.500000e-02  2.570423e-02
   endloop
 endfacet
 facet normal  1.496699e-15 -1.000000e+00  1.208260e-16
   outer loop
     vertex  4.481891e-03 -2.500000e-02  2.757818e-02
     vertex  9.719461e-03 -2.500000e-02  2.012805e-02
     vertex  9.676784e-03 -2.500000e-02  2.065669e-02
   endloop
 endfacet
 facet normal  1.097970e-15 -1.000000e+00 -1.784376e-16
   outer loop
     vertex  4.481891e-03 -2.500000e-02  2.757818e-02
     vertex  9.676784e-03 -2.500000e-02  2.065669e-02
     vertex  9.761860e-03 -2.500000e-02  2.118018e-02
   endloop
 endfacet
 facet normal  8.667222e-16 -1.000000e+00 -3.692758e-16
   outer loop
     vertex  4.481891e-03 -2.500000e-02  2.757818e-02
     vertex  9.761860e-03 -2.500000e-02  2.118018e-02
     vertex  9.969744e-03 -2.500000e-02  2.166810e-02
   endloop
 endfacet
 facet normal  1.531088e-14 -1.000000e+00  1.304296e-14
   outer loop
     vertex  4.481891e-03 -2.500000e-02  2.757818e-02
     vertex  9.969744e-03 -2.500000e-02  2.166810e-02
     vertex  1.028835e-02 -2.500000e-02  2.209210e-02
   endloop
 endfacet
 facet normal  4.363763e-15 -1.000000e+00  3.614253e-15
   outer loop
     vertex -1.493298e-02 -2.500000e-02  2.361461e-02
     vertex -2.015040e-02 -2.500000e-02  1.935472e-02
     vertex -1.407322e-02 -2.500000e-02  2.065669e-02
   endloop
 endfacet
 facet normal  2.407241e-14 -1.000000e+00  9.342832e-15
   outer loop
     vertex -1.493298e-02 -2.500000e-02  2.361461e-02
     vertex -1.407322e-02 -2.500000e-02  2.065669e-02
     vertex -1.398814e-02 -2.500000e-02  2.118018e-02
   endloop
 endfacet
 facet normal -8.733595e-15 -1.000000e+00 -3.389628e-15
   outer loop
     vertex -1.493298e-02 -2.500000e-02  2.361461e-02
     vertex -1.398814e-02 -2.500000e-02  2.118018e-02
     vertex -1.378026e-02 -2.500000e-02  2.166810e-02
   endloop
 endfacet
 facet normal  1.085340e-14 -1.000000e+00  8.209764e-15
   outer loop
     vertex -1.493298e-02 -2.500000e-02  2.361461e-02
     vertex -1.378026e-02 -2.500000e-02  2.166810e-02
     vertex -1.346165e-02 -2.500000e-02  2.209210e-02
   endloop
 endfacet
 facet normal  5.760516e-15 -1.000000e+00  3.288096e-15
   outer loop
     vertex -1.493298e-02 -2.500000e-02  2.361461e-02
     vertex -1.346165e-02 -2.500000e-02  2.209210e-02
     vertex -1.305082e-02 -2.500000e-02  2.242752e-02
   endloop
 endfacet
 facet normal  1.582817e-15 -1.000000e+00 -3.335717e-15
   outer loop
     vertex -1.493298e-02 -2.500000e-02  2.361461e-02
     vertex -1.305082e-02 -2.500000e-02  2.242752e-02
     vertex -1.257167e-02 -2.500000e-02  2.265488e-02
   endloop
 endfacet
 facet normal  9.825175e-16 -1.000000e+00 -4.812689e-15
   outer loop
     vertex -1.493298e-02 -2.500000e-02  2.361461e-02
     vertex -1.257167e-02 -2.500000e-02  2.265488e-02
     vertex -1.205203e-02 -2.500000e-02  2.276097e-02
   endloop
 endfacet
 facet normal  3.144615e-15 -1.000000e+00  1.279338e-15
   outer loop
     vertex -2.248236e-03 -2.500000e-02  2.784940e-02
     vertex  9.719461e-03 -2.500000e-02  2.012805e-02
     vertex  4.481891e-03 -2.500000e-02  2.757818e-02
   endloop
 endfacet
 facet normal  4.072101e-15 -1.000000e+00  2.716894e-15
   outer loop
     vertex -2.248236e-03 -2.500000e-02  2.784940e-02
     vertex -9.761860e-03 -2.500000e-02  1.995602e-02
     vertex  9.719461e-03 -2.500000e-02  2.012805e-02
   endloop
 endfacet
 facet normal  1.052697e-14 -1.000000e+00 -3.382169e-15
   outer loop
     vertex -2.248236e-03 -2.500000e-02  2.784940e-02
     vertex -9.887409e-03 -2.500000e-02  2.151123e-02
     vertex -9.719461e-03 -2.500000e-02  2.100816e-02
   endloop
 endfacet
 facet normal -4.273223e-15 -1.000000e+00  1.278092e-14
   outer loop
     vertex -2.248236e-03 -2.500000e-02  2.784940e-02
     vertex -9.719461e-03 -2.500000e-02  2.100816e-02
     vertex -9.676784e-03 -2.500000e-02  2.047952e-02
   endloop
 endfacet
 facet normal  3.353993e-14 -1.000000e+00 -2.533324e-14
   outer loop
     vertex -2.248236e-03 -2.500000e-02  2.784940e-02
     vertex -9.676784e-03 -2.500000e-02  2.047952e-02
     vertex -9.761860e-03 -2.500000e-02  1.995602e-02
   endloop
 endfacet
 facet normal  5.150416e-15 -1.000000e+00  3.098003e-15
   outer loop
     vertex -8.847704e-03 -2.500000e-02  2.650211e-02
     vertex -9.887409e-03 -2.500000e-02  2.151123e-02
     vertex -2.248236e-03 -2.500000e-02  2.784940e-02
   endloop
 endfacet
 facet normal  3.455171e-15 -1.000000e+00  3.532252e-15
   outer loop
     vertex -8.847704e-03 -2.500000e-02  2.650211e-02
     vertex -1.493298e-02 -2.500000e-02  2.361461e-02
     vertex -1.205203e-02 -2.500000e-02  2.276097e-02
   endloop
 endfacet
 facet normal  2.528759e-16 -1.000000e+00  6.275050e-15
   outer loop
     vertex -8.847704e-03 -2.500000e-02  2.650211e-02
     vertex -1.205203e-02 -2.500000e-02  2.276097e-02
     vertex -1.152210e-02 -2.500000e-02  2.273961e-02
   endloop
 endfacet
 facet normal  7.198201e-15 -1.000000e+00  1.338294e-15
   outer loop
     vertex -8.847704e-03 -2.500000e-02  2.650211e-02
     vertex -1.152210e-02 -2.500000e-02  2.273961e-02
     vertex -1.101267e-02 -2.500000e-02  2.259206e-02
   endloop
 endfacet
 facet normal  1.377694e-14 -1.000000e+00 -2.304310e-15
   outer loop
     vertex -8.847704e-03 -2.500000e-02  2.650211e-02
     vertex -1.101267e-02 -2.500000e-02  2.259206e-02
     vertex -1.055337e-02 -2.500000e-02  2.232688e-02
   endloop
 endfacet
 facet normal -1.073580e-14 -1.000000e+00  7.709623e-15
   outer loop
     vertex -8.847704e-03 -2.500000e-02  2.650211e-02
     vertex -1.055337e-02 -2.500000e-02  2.232688e-02
     vertex -1.017087e-02 -2.500000e-02  2.195948e-02
   endloop
 endfacet
 facet normal  4.961376e-15 -1.000000e+00  3.137384e-15
   outer loop
     vertex -8.847704e-03 -2.500000e-02  2.650211e-02
     vertex -1.017087e-02 -2.500000e-02  2.195948e-02
     vertex -9.887409e-03 -2.500000e-02  2.151123e-02
   endloop
 endfacet
 facet normal -1.182925e-16  2.879641e-15  1.000000e+00
   outer loop
     vertex -3.666174e-03  2.500000e-02 -6.350000e-03
     vertex -3.666174e-03 -2.500000e-02 -6.350000e-03
     vertex  3.666174e-03 -2.500000e-02 -6.350000e-03
   endloop
 endfacet
 facet normal -1.182925e-16  2.879641e-15  1.000000e+00
   outer loop
     vertex -3.666174e-03  2.500000e-02 -6.350000e-03
     vertex  3.666174e-03 -2.500000e-02 -6.350000e-03
     vertex  3.666174e-03  2.500000e-02 -6.350000e-03
   endloop
 endfacet
 facet normal -8.660254e-01 -2.315966e-15  5.000000e-01
   outer loop
     vertex  3.666174e-03  2.500000e-02 -6.350000e-03
     vertex  3.666174e-03 -2.500000e-02 -6.350000e-03
     vertex  7.332348e-03 -2.500000e-02  4.648797e-17
   endloop
 endfacet
 facet normal -8.660254e-01 -2.328883e-15  5.000000e-01
   outer loop
     vertex  3.666174e-03  2.500000e-02 -6.350000e-03
     vertex  7.332348e-03 -2.500000e-02  4.648797e-17
     vertex  7.332348e-03  2.500000e-02 -9.800232e-17
   endloop
 endfacet
 facet normal -8.660254e-01 -5.215713e-15 -5.000000e-01
   outer loop
     vertex  7.332348e-03  2.500000e-02 -9.800232e-17
     vertex  7.332348e-03 -2.500000e-02  4.648797e-17
     vertex  3.666174e-03 -2.500000e-02  6.350000e-03
   endloop
 endfacet
 facet normal -8.660254e-01 -5.129088e-15 -5.000000e-01
   outer loop
     vertex  7.332348e-03  2.500000e-02 -9.800232e-17
     vertex  3.666174e-03 -2.500000e-02  6.350000e-03
     vertex  3.666174e-03  2.500000e-02  6.350000e-03
   endloop
 endfacet
 facet normal -1.182925e-16 -2.879641e-15 -1.000000e+00
   outer loop
     vertex  3.666174e-03  2.500000e-02  6.350000e-03
     vertex  3.666174e-03 -2.500000e-02  6.350000e-03
     vertex -3.666174e-03 -2.500000e-02  6.350000e-03
   endloop
 endfacet
 facet normal -1.182925e-16 -2.879641e-15 -1.000000e+00
   outer loop
     vertex  3.666174e-03  2.500000e-02  6.350000e-03
     vertex -3.666174e-03 -2.500000e-02  6.350000e-03
     vertex -3.666174e-03  2.500000e-02  6.350000e-03
   endloop
 endfacet
 facet normal  8.660254e-01  2.346012e-15 -5.000000e-01
   outer loop
     vertex -3.666174e-03  2.500000e-02  6.350000e-03
     vertex -3.666174e-03 -2.500000e-02  6.350000e-03
     vertex -7.332348e-03 -2.500000e-02  4.693206e-17
   endloop
 endfacet
 facet normal  8.660254e-01  2.282675e-15 -5.000000e-01
   outer loop
     vertex -3.666174e-03  2.500000e-02  6.350000e-03
     vertex -7.332348e-03 -2.500000e-02  4.693206e-17
     vertex -7.332348e-03  2.500000e-02 -9.711414e-17
   endloop
 endfacet
 facet normal  8.660254e-01  5.166202e-15  5.000000e-01
   outer loop
     vertex -7.332348e-03  2.500000e-02 -9.711414e-17
     vertex -7.332348e-03 -2.500000e-02  4.693206e-17
     vertex -3.666174e-03 -2.500000e-02 -6.350000e-03
   endloop
 endfacet
 facet normal  8.660254e-01  5.129088e-15  5.000000e-01
   outer loop
     vertex -7.332348e-03  2.500000e-02 -9.711414e-17
     vertex -3.666174e-03 -2.500000e-02 -6.350000e-03
     vertex -3.666174e-03  2.500000e-02 -6.350000e-03
   endloop
 endfacet
 facet normal  7.994428e-01  1.702893e-15 -6.007423e-01
   outer loop
     vertex -1.346165e-02  2.500000e-02 -1.904411e-02
     vertex -1.378026e-02 -2.500000e-02 -1.946810e-02
     vertex -1.378026e-02  2.500000e-02 -1.946810e-02
   endloop
 endfacet
 facet normal  7.994428e-01  1.730214e-15 -6.007423e-01
   outer loop
     vertex -1.346165e-02  2.500000e-02 -1.904411e-02
     vertex -1.346165e-02 -2.500000e-02 -1.904411e-02
     vertex -1.378026e-02 -2.500000e-02 -1.946810e-02
   endloop
 endfacet
 facet normal  6.324454e-01  4.293731e-16 -7.746050e-01
   outer loop
     vertex -1.305082e-02  2.500000e-02 -1.870869e-02
     vertex -1.305082e-02 -2.500000e-02 -1.870869e-02
     vertex -1.346165e-02 -2.500000e-02 -1.904411e-02
   endloop
 endfacet
 facet normal  6.324454e-01  5.170567e-16 -7.746050e-01
   outer loop
     vertex -1.305082e-02  2.500000e-02 -1.870869e-02
     vertex -1.346165e-02 -2.500000e-02 -1.904411e-02
     vertex -1.346165e-02  2.500000e-02 -1.904411e-02
   endloop
 endfacet
 facet normal  4.286926e-01 -7.376606e-16 -9.034504e-01
   outer loop
     vertex -1.257167e-02  2.500000e-02 -1.848132e-02
     vertex -1.257167e-02 -2.500000e-02 -1.848132e-02
     vertex -1.305082e-02 -2.500000e-02 -1.870869e-02
   endloop
 endfacet
 facet normal  4.286926e-01 -7.855669e-16 -9.034504e-01
   outer loop
     vertex -1.257167e-02  2.500000e-02 -1.848132e-02
     vertex -1.305082e-02 -2.500000e-02 -1.870869e-02
     vertex -1.305082e-02  2.500000e-02 -1.870869e-02
   endloop
 endfacet
 facet normal  2.000257e-01 -1.961618e-15 -9.797907e-01
   outer loop
     vertex -1.205203e-02  2.500000e-02 -1.837524e-02
     vertex -1.205203e-02 -2.500000e-02 -1.837524e-02
     vertex -1.257167e-02 -2.500000e-02 -1.848132e-02
   endloop
 endfacet
 facet normal  2.000257e-01 -1.893795e-15 -9.797907e-01
   outer loop
     vertex -1.205203e-02  2.500000e-02 -1.837524e-02
     vertex -1.257167e-02 -2.500000e-02 -1.848132e-02
     vertex -1.257167e-02  2.500000e-02 -1.848132e-02
   endloop
 endfacet
 facet normal -4.026594e-02 -3.013074e-15 -9.991890e-01
   outer loop
     vertex -1.152210e-02  2.500000e-02 -1.839659e-02
     vertex -1.152210e-02 -2.500000e-02 -1.839659e-02
     vertex -1.205203e-02 -2.500000e-02 -1.837524e-02
   endloop
 endfacet
 facet normal -4.026594e-02 -3.008886e-15 -9.991890e-01
   outer loop
     vertex -1.152210e-02  2.500000e-02 -1.839659e-02
     vertex -1.205203e-02 -2.500000e-02 -1.837524e-02
     vertex -1.205203e-02  2.500000e-02 -1.837524e-02
   endloop
 endfacet
 facet normal -2.782175e-01 -3.833939e-15 -9.605181e-01
   outer loop
     vertex -1.101267e-02  2.500000e-02 -1.854415e-02
     vertex -1.101267e-02 -2.500000e-02 -1.854415e-02
     vertex -1.152210e-02 -2.500000e-02 -1.839659e-02
   endloop
 endfacet
 facet normal -2.782175e-01 -3.910366e-15 -9.605181e-01
   outer loop
     vertex -1.101267e-02  2.500000e-02 -1.854415e-02
     vertex -1.152210e-02 -2.500000e-02 -1.839659e-02
     vertex -1.152210e-02  2.500000e-02 -1.839659e-02
   endloop
 endfacet
 facet normal -5.000000e-01 -4.545464e-15 -8.660254e-01
   outer loop
     vertex -1.055337e-02  2.500000e-02 -1.880933e-02
     vertex -1.055337e-02 -2.500000e-02 -1.880933e-02
     vertex -1.101267e-02 -2.500000e-02 -1.854415e-02
   endloop
 endfacet
 facet normal -5.000000e-01 -4.502785e-15 -8.660254e-01
   outer loop
     vertex -1.055337e-02  2.500000e-02 -1.880933e-02
     vertex -1.101267e-02 -2.500000e-02 -1.854415e-02
     vertex -1.101267e-02  2.500000e-02 -1.854415e-02
   endloop
 endfacet
 facet normal -6.927244e-01 -4.933851e-15 -7.212024e-01
   outer loop
     vertex -1.017087e-02  2.500000e-02 -1.917672e-02
     vertex -1.017087e-02 -2.500000e-02 -1.917672e-02
     vertex -1.055337e-02 -2.500000e-02 -1.880933e-02
   endloop
 endfacet
 facet normal -6.927244e-01 -4.935995e-15 -7.212024e-01
   outer loop
     vertex -1.017087e-02  2.500000e-02 -1.917672e-02
     vertex -1.055337e-02 -2.500000e-02 -1.880933e-02
     vertex -1.055337e-02  2.500000e-02 -1.880933e-02
   endloop
 endfacet
 facet normal -8.451901e-01 -4.980690e-15 -5.344658e-01
   outer loop
     vertex -9.887409e-03  2.500000e-02 -1.962498e-02
     vertex -9.887409e-03 -2.500000e-02 -1.962498e-02
     vertex -1.017087e-02 -2.500000e-02 -1.917672e-02
   endloop
 endfacet
 facet normal -8.451901e-01 -5.060767e-15 -5.344658e-01
   outer loop
     vertex -9.887409e-03  2.500000e-02 -1.962498e-02
     vertex -1.017087e-02 -2.500000e-02 -1.917672e-02
     vertex -1.017087e-02  2.500000e-02 -1.917672e-02
   endloop
 endfacet
 facet normal -9.485364e-01 -4.882889e-15 -3.166680e-01
   outer loop
     vertex -9.719461e-03  2.500000e-02 -2.012805e-02
     vertex -9.719461e-03 -2.500000e-02 -2.012805e-02
     vertex -9.887409e-03 -2.500000e-02 -1.962498e-02
   endloop
 endfacet
 facet normal -9.485364e-01 -4.784272e-15 -3.166680e-01
   outer loop
     vertex -9.719461e-03  2.500000e-02 -2.012805e-02
     vertex -9.887409e-03 -2.500000e-02 -1.962498e-02
     vertex -9.887409e-03  2.500000e-02 -1.962498e-02
   endloop
 endfacet
 facet normal -9.967573e-01 -4.482505e-15 -8.046657e-02
   outer loop
     vertex -9.676784e-03  2.500000e-02 -2.065669e-02
     vertex -9.676784e-03 -2.500000e-02 -2.065669e-02
     vertex -9.719461e-03 -2.500000e-02 -2.012805e-02
   endloop
 endfacet
 facet normal -9.967573e-01 -4.413324e-15 -8.046657e-02
   outer loop
     vertex -9.676784e-03  2.500000e-02 -2.065669e-02
     vertex -9.719461e-03 -2.500000e-02 -2.012805e-02
     vertex -9.719461e-03  2.500000e-02 -2.012805e-02
   endloop
 endfacet
 facet normal -9.870503e-01 -3.653061e-15  1.604113e-01
   outer loop
     vertex -9.761860e-03  2.500000e-02 -2.118018e-02
     vertex -9.761860e-03 -2.500000e-02 -2.118018e-02
     vertex -9.676784e-03 -2.500000e-02 -2.065669e-02
   endloop
 endfacet
 facet normal -9.870503e-01 -3.755648e-15  1.604113e-01
   outer loop
     vertex -9.761860e-03  2.500000e-02 -2.118018e-02
     vertex -9.676784e-03 -2.500000e-02 -2.065669e-02
     vertex -9.676784e-03  2.500000e-02 -2.065669e-02
   endloop
 endfacet
 facet normal -9.199794e-01 -2.778896e-15  3.919666e-01
   outer loop
     vertex -9.969744e-03  2.500000e-02 -2.166810e-02
     vertex -9.969744e-03 -2.500000e-02 -2.166810e-02
     vertex -9.761860e-03 -2.500000e-02 -2.118018e-02
   endloop
 endfacet
 facet normal -9.199794e-01 -2.715047e-15  3.919666e-01
   outer loop
     vertex -9.969744e-03  2.500000e-02 -2.166810e-02
     vertex -9.761860e-03 -2.500000e-02 -2.118018e-02
     vertex -9.761860e-03  2.500000e-02 -2.118018e-02
   endloop
 endfacet
 facet normal  7.994428e-01  1.702893e-15 -6.007423e-01
   outer loop
     vertex  1.028835e-02  2.500000e-02 -1.904411e-02
     vertex  9.969744e-03 -2.500000e-02 -1.946810e-02
     vertex  9.969744e-03  2.500000e-02 -1.946810e-02
   endloop
 endfacet
 facet normal  7.994428e-01  1.647006e-15 -6.007423e-01
   outer loop
     vertex  1.028835e-02  2.500000e-02 -1.904411e-02
     vertex  1.028835e-02 -2.500000e-02 -1.904411e-02
     vertex  9.969744e-03 -2.500000e-02 -1.946810e-02
   endloop
 endfacet
 facet normal  6.324454e-01  4.732579e-16 -7.746050e-01
   outer loop
     vertex  1.069918e-02  2.500000e-02 -1.870869e-02
     vertex  1.069918e-02 -2.500000e-02 -1.870869e-02
     vertex  1.028835e-02 -2.500000e-02 -1.904411e-02
   endloop
 endfacet
 facet normal  6.324454e-01  4.511769e-16 -7.746050e-01
   outer loop
     vertex  1.069918e-02  2.500000e-02 -1.870869e-02
     vertex  1.028835e-02 -2.500000e-02 -1.904411e-02
     vertex  1.028835e-02  2.500000e-02 -1.904411e-02
   endloop
 endfacet
 facet normal  4.286926e-01 -7.408570e-16 -9.034504e-01
   outer loop
     vertex  1.117833e-02  2.500000e-02 -1.848132e-02
     vertex  1.117833e-02 -2.500000e-02 -1.848132e-02
     vertex  1.069918e-02 -2.500000e-02 -1.870869e-02
   endloop
 endfacet
 facet normal  4.286926e-01 -7.556215e-16 -9.034504e-01
   outer loop
     vertex  1.117833e-02  2.500000e-02 -1.848132e-02
     vertex  1.069918e-02 -2.500000e-02 -1.870869e-02
     vertex  1.069918e-02  2.500000e-02 -1.870869e-02
   endloop
 endfacet
 facet normal  2.000257e-01 -1.858932e-15 -9.797907e-01
   outer loop
     vertex  1.169797e-02  2.500000e-02 -1.837524e-02
     vertex  1.169797e-02 -2.500000e-02 -1.837524e-02
     vertex  1.117833e-02 -2.500000e-02 -1.848132e-02
   endloop
 endfacet
 facet normal  2.000257e-01 -1.933722e-15 -9.797907e-01
   outer loop
     vertex  1.169797e-02  2.500000e-02 -1.837524e-02
     vertex  1.117833e-02 -2.500000e-02 -1.848132e-02
     vertex  1.117833e-02  2.500000e-02 -1.848132e-02
   endloop
 endfacet
 facet normal -4.026594e-02 -3.015868e-15 -9.991890e-01
   outer loop
     vertex  1.222790e-02  2.500000e-02 -1.839659e-02
     vertex  1.222790e-02 -2.500000e-02 -1.839659e-02
     vertex  1.169797e-02 -2.500000e-02 -1.837524e-02
   endloop
 endfacet
 facet normal -4.026594e-02 -2.946562e-15 -9.991890e-01
   outer loop
     vertex  1.222790e-02  2.500000e-02 -1.839659e-02
     vertex  1.169797e-02 -2.500000e-02 -1.837524e-02
     vertex  1.169797e-02  2.500000e-02 -1.837524e-02
   endloop
 endfacet
 facet normal -2.782175e-01 -3.948851e-15 -9.605181e-01
   outer loop
     vertex  1.273733e-02  2.500000e-02 -1.854415e-02
     vertex  1.273733e-02 -2.500000e-02 -1.854415e-02
     vertex  1.222790e-02 -2.500000e-02 -1.839659e-02
   endloop
 endfacet
 facet normal -2.782175e-01 -3.929831e-15 -9.605181e-01
   outer loop
     vertex  1.273733e-02  2.500000e-02 -1.854415e-02
     vertex  1.222790e-02 -2.500000e-02 -1.839659e-02
     vertex  1.222790e-02  2.500000e-02 -1.839659e-02
   endloop
 endfacet
 facet normal -5.000000e-01 -4.614853e-15 -8.660254e-01
   outer loop
     vertex  1.319663e-02  2.500000e-02 -1.880933e-02
     vertex  1.319663e-02 -2.500000e-02 -1.880933e-02
     vertex  1.273733e-02 -2.500000e-02 -1.854415e-02
   endloop
 endfacet
 facet normal -5.000000e-01 -4.649518e-15 -8.660254e-01
   outer loop
     vertex  1.319663e-02  2.500000e-02 -1.880933e-02
     vertex  1.273733e-02 -2.500000e-02 -1.854415e-02
     vertex  1.273733e-02  2.500000e-02 -1.854415e-02
   endloop
 endfacet
 facet normal -6.927244e-01 -5.031962e-15 -7.212024e-01
   outer loop
     vertex  1.357913e-02  2.500000e-02 -1.917672e-02
     vertex  1.357913e-02 -2.500000e-02 -1.917672e-02
     vertex  1.319663e-02 -2.500000e-02 -1.880933e-02
   endloop
 endfacet
 facet normal -6.927244e-01 -5.031820e-15 -7.212024e-01
   outer loop
     vertex  1.357913e-02  2.500000e-02 -1.917672e-02
     vertex  1.319663e-02 -2.500000e-02 -1.880933e-02
     vertex  1.319663e-02  2.500000e-02 -1.880933e-02
   endloop
 endfacet
 facet normal -8.451901e-01 -5.185954e-15 -5.344658e-01
   outer loop
     vertex  1.386259e-02  2.500000e-02 -1.962498e-02
     vertex  1.386259e-02 -2.500000e-02 -1.962498e-02
     vertex  1.357913e-02 -2.500000e-02 -1.917672e-02
   endloop
 endfacet
 facet normal -8.451901e-01 -5.156593e-15 -5.344658e-01
   outer loop
     vertex  1.386259e-02  2.500000e-02 -1.962498e-02
     vertex  1.357913e-02 -2.500000e-02 -1.917672e-02
     vertex  1.357913e-02  2.500000e-02 -1.917672e-02
   endloop
 endfacet
 facet normal -9.485364e-01 -4.828006e-15 -3.166680e-01
   outer loop
     vertex  1.403054e-02  2.500000e-02 -2.012805e-02
     vertex  1.403054e-02 -2.500000e-02 -2.012805e-02
     vertex  1.386259e-02 -2.500000e-02 -1.962498e-02
   endloop
 endfacet
 facet normal -9.485364e-01 -5.014851e-15 -3.166680e-01
   outer loop
     vertex  1.403054e-02  2.500000e-02 -2.012805e-02
     vertex  1.386259e-02 -2.500000e-02 -1.962498e-02
     vertex  1.386259e-02  2.500000e-02 -1.962498e-02
   endloop
 endfacet
 facet normal -9.967573e-01 -4.476921e-15 -8.046657e-02
   outer loop
     vertex  1.407322e-02  2.500000e-02 -2.065669e-02
     vertex  1.407322e-02 -2.500000e-02 -2.065669e-02
     vertex  1.403054e-02 -2.500000e-02 -2.012805e-02
   endloop
 endfacet
 facet normal -9.967573e-01 -4.373147e-15 -8.046657e-02
   outer loop
     vertex  1.407322e-02  2.500000e-02 -2.065669e-02
     vertex  1.403054e-02 -2.500000e-02 -2.012805e-02
     vertex  1.403054e-02  2.500000e-02 -2.012805e-02
   endloop
 endfacet
 facet normal -9.870503e-01 -3.755796e-15  1.604113e-01
   outer loop
     vertex  1.398814e-02  2.500000e-02 -2.118018e-02
     vertex  1.398814e-02 -2.500000e-02 -2.118018e-02
     vertex  1.407322e-02 -2.500000e-02 -2.065669e-02
   endloop
 endfacet
 facet normal -9.870503e-01 -3.766878e-15  1.604113e-01
   outer loop
     vertex  1.398814e-02  2.500000e-02 -2.118018e-02
     vertex  1.407322e-02 -2.500000e-02 -2.065669e-02
     vertex  1.407322e-02  2.500000e-02 -2.065669e-02
   endloop
 endfacet
 facet normal -9.199794e-01 -2.778896e-15  3.919666e-01
   outer loop
     vertex  1.378026e-02  2.500000e-02 -2.166810e-02
     vertex  1.378026e-02 -2.500000e-02 -2.166810e-02
     vertex  1.398814e-02 -2.500000e-02 -2.118018e-02
   endloop
 endfacet
 facet normal -9.199794e-01 -2.810872e-15  3.919666e-01
   outer loop
     vertex  1.378026e-02  2.500000e-02 -2.166810e-02
     vertex  1.398814e-02 -2.500000e-02 -2.118018e-02
     vertex  1.398814e-02  2.500000e-02 -2.118018e-02
   endloop
 endfacet
 facet normal  7.994428e-01  1.701895e-15 -6.007423e-01
   outer loop
     vertex  2.216335e-02  2.500000e-02  1.523994e-03
     vertex  2.184474e-02 -2.500000e-02  1.100000e-03
     vertex  2.184474e-02  2.500000e-02  1.100000e-03
   endloop
 endfacet
 facet normal  7.994428e-01  1.648689e-15 -6.007423e-01
   outer loop
     vertex  2.216335e-02  2.500000e-02  1.523994e-03
     vertex  2.216335e-02 -2.500000e-02  1.523994e-03
     vertex  2.184474e-02 -2.500000e-02  1.100000e-03
   endloop
 endfacet
 facet normal  6.324454e-01  4.835494e-16 -7.746050e-01
   outer loop
     vertex  2.257418e-02  2.500000e-02  1.859418e-03
     vertex  2.257418e-02 -2.500000e-02  1.859418e-03
     vertex  2.216335e-02 -2.500000e-02  1.523994e-03
   endloop
 endfacet
 facet normal  6.324454e-01  4.391987e-16 -7.746050e-01
   outer loop
     vertex  2.257418e-02  2.500000e-02  1.859418e-03
     vertex  2.216335e-02 -2.500000e-02  1.523994e-03
     vertex  2.216335e-02  2.500000e-02  1.523994e-03
   endloop
 endfacet
 facet normal  4.286926e-01 -7.651647e-16 -9.034504e-01
   outer loop
     vertex  2.305333e-02  2.500000e-02  2.086780e-03
     vertex  2.305333e-02 -2.500000e-02  2.086780e-03
     vertex  2.257418e-02 -2.500000e-02  1.859418e-03
   endloop
 endfacet
 facet normal  4.286926e-01 -7.651042e-16 -9.034504e-01
   outer loop
     vertex  2.305333e-02  2.500000e-02  2.086780e-03
     vertex  2.257418e-02 -2.500000e-02  1.859418e-03
     vertex  2.257418e-02  2.500000e-02  1.859418e-03
   endloop
 endfacet
 facet normal  2.000257e-01 -1.983290e-15 -9.797907e-01
   outer loop
     vertex  2.357297e-02  2.500000e-02  2.192866e-03
     vertex  2.357297e-02 -2.500000e-02  2.192866e-03
     vertex  2.305333e-02 -2.500000e-02  2.086780e-03
   endloop
 endfacet
 facet normal  2.000257e-01 -1.969407e-15 -9.797907e-01
   outer loop
     vertex  2.357297e-02  2.500000e-02  2.192866e-03
     vertex  2.305333e-02 -2.500000e-02  2.086780e-03
     vertex  2.305333e-02  2.500000e-02  2.086780e-03
   endloop
 endfacet
 facet normal -4.026594e-02 -3.061995e-15 -9.991890e-01
   outer loop
     vertex  2.410290e-02  2.500000e-02  2.171511e-03
     vertex  2.410290e-02 -2.500000e-02  2.171511e-03
     vertex  2.357297e-02 -2.500000e-02  2.192866e-03
   endloop
 endfacet
 facet normal -4.026594e-02 -3.056424e-15 -9.991890e-01
   outer loop
     vertex  2.410290e-02  2.500000e-02  2.171511e-03
     vertex  2.357297e-02 -2.500000e-02  2.192866e-03
     vertex  2.357297e-02  2.500000e-02  2.192866e-03
   endloop
 endfacet
 facet normal -2.782175e-01 -3.990507e-15 -9.605181e-01
   outer loop
     vertex  2.461233e-02  2.500000e-02  2.023955e-03
     vertex  2.461233e-02 -2.500000e-02  2.023955e-03
     vertex  2.410290e-02 -2.500000e-02  2.171511e-03
   endloop
 endfacet
 facet normal -2.782175e-01 -3.990720e-15 -9.605181e-01
   outer loop
     vertex  2.461233e-02  2.500000e-02  2.023955e-03
     vertex  2.410290e-02 -2.500000e-02  2.171511e-03
     vertex  2.410290e-02  2.500000e-02  2.171511e-03
   endloop
 endfacet
 facet normal -5.000000e-01 -4.687105e-15 -8.660254e-01
   outer loop
     vertex  2.507163e-02  2.500000e-02  1.758774e-03
     vertex  2.507163e-02 -2.500000e-02  1.758774e-03
     vertex  2.461233e-02 -2.500000e-02  2.023955e-03
   endloop
 endfacet
 facet normal -5.000000e-01 -4.687448e-15 -8.660254e-01
   outer loop
     vertex  2.507163e-02  2.500000e-02  1.758774e-03
     vertex  2.461233e-02 -2.500000e-02  2.023955e-03
     vertex  2.461233e-02  2.500000e-02  2.023955e-03
   endloop
 endfacet
 facet normal -6.927244e-01 -5.066367e-15 -7.212024e-01
   outer loop
     vertex  2.545413e-02  2.500000e-02  1.391380e-03
     vertex  2.545413e-02 -2.500000e-02  1.391380e-03
     vertex  2.507163e-02 -2.500000e-02  1.758774e-03
   endloop
 endfacet
 facet normal -6.927244e-01 -5.111675e-15 -7.212024e-01
   outer loop
     vertex  2.545413e-02  2.500000e-02  1.391380e-03
     vertex  2.507163e-02 -2.500000e-02  1.758774e-03
     vertex  2.507163e-02  2.500000e-02  1.758774e-03
   endloop
 endfacet
 facet normal -8.451901e-01 -5.180969e-15 -5.344658e-01
   outer loop
     vertex  2.573759e-02  2.500000e-02  9.431236e-04
     vertex  2.573759e-02 -2.500000e-02  9.431236e-04
     vertex  2.545413e-02 -2.500000e-02  1.391380e-03
   endloop
 endfacet
 facet normal -8.451901e-01 -5.181547e-15 -5.344658e-01
   outer loop
     vertex  2.573759e-02  2.500000e-02  9.431236e-04
     vertex  2.545413e-02 -2.500000e-02  1.391380e-03
     vertex  2.545413e-02  2.500000e-02  1.391380e-03
   endloop
 endfacet
 facet normal -9.485364e-01 -4.798238e-15 -3.166680e-01
   outer loop
     vertex  2.590554e-02  2.500000e-02  4.400565e-04
     vertex  2.590554e-02 -2.500000e-02  4.400565e-04
     vertex  2.573759e-02 -2.500000e-02  9.431236e-04
   endloop
 endfacet
 facet normal -9.485364e-01 -4.995886e-15 -3.166680e-01
   outer loop
     vertex  2.590554e-02  2.500000e-02  4.400565e-04
     vertex  2.573759e-02 -2.500000e-02  9.431236e-04
     vertex  2.573759e-02  2.500000e-02  9.431236e-04
   endloop
 endfacet
 facet normal -9.967573e-01 -4.451543e-15 -8.046657e-02
   outer loop
     vertex  2.594822e-02  2.500000e-02 -8.858507e-05
     vertex  2.594822e-02 -2.500000e-02 -8.858507e-05
     vertex  2.590554e-02 -2.500000e-02  4.400565e-04
   endloop
 endfacet
 facet normal -9.967573e-01 -4.313131e-15 -8.046657e-02
   outer loop
     vertex  2.594822e-02  2.500000e-02 -8.858507e-05
     vertex  2.590554e-02 -2.500000e-02  4.400565e-04
     vertex  2.590554e-02  2.500000e-02  4.400565e-04
   endloop
 endfacet
 facet normal -9.870503e-01 -3.919718e-15  1.604113e-01
   outer loop
     vertex  2.586314e-02  2.500000e-02 -6.120784e-04
     vertex  2.586314e-02 -2.500000e-02 -6.120784e-04
     vertex  2.594822e-02 -2.500000e-02 -8.858507e-05
   endloop
 endfacet
 facet normal -9.870503e-01 -3.714224e-15  1.604113e-01
   outer loop
     vertex  2.586314e-02  2.500000e-02 -6.120784e-04
     vertex  2.594822e-02 -2.500000e-02 -8.858507e-05
     vertex  2.594822e-02  2.500000e-02 -8.858507e-05
   endloop
 endfacet
 facet normal -9.199794e-01 -2.951707e-15  3.919666e-01
   outer loop
     vertex  2.565526e-02  2.500000e-02 -1.100000e-03
     vertex  2.565526e-02 -2.500000e-02 -1.100000e-03
     vertex  2.586314e-02 -2.500000e-02 -6.120784e-04
   endloop
 endfacet
 facet normal -9.199794e-01 -2.952613e-15  3.919666e-01
   outer loop
     vertex  2.565526e-02  2.500000e-02 -1.100000e-03
     vertex  2.586314e-02 -2.500000e-02 -6.120784e-04
     vertex  2.586314e-02  2.500000e-02 -6.120784e-04
   endloop
 endfacet
 facet normal  7.994428e-01  1.674944e-15 -6.007423e-01
   outer loop
     vertex  1.028835e-02  2.500000e-02  2.209210e-02
     vertex  9.969744e-03 -2.500000e-02  2.166810e-02
     vertex  9.969744e-03  2.500000e-02  2.166810e-02
   endloop
 endfacet
 facet normal  7.994428e-01  1.619270e-15 -6.007423e-01
   outer loop
     vertex  1.028835e-02  2.500000e-02  2.209210e-02
     vertex  1.028835e-02 -2.500000e-02  2.209210e-02
     vertex  9.969744e-03 -2.500000e-02  2.166810e-02
   endloop
 endfacet
 facet normal  6.324454e-01  4.952002e-16 -7.746050e-01
   outer loop
     vertex  1.069918e-02  2.500000e-02  2.242752e-02
     vertex  1.069918e-02 -2.500000e-02  2.242752e-02
     vertex  1.028835e-02 -2.500000e-02  2.209210e-02
   endloop
 endfacet
 facet normal  6.324454e-01  4.292170e-16 -7.746050e-01
   outer loop
     vertex  1.069918e-02  2.500000e-02  2.242752e-02
     vertex  1.028835e-02 -2.500000e-02  2.209210e-02
     vertex  1.028835e-02  2.500000e-02  2.209210e-02
   endloop
 endfacet
 facet normal  4.286926e-01 -7.557303e-16 -9.034504e-01
   outer loop
     vertex  1.117833e-02  2.500000e-02  2.265488e-02
     vertex  1.117833e-02 -2.500000e-02  2.265488e-02
     vertex  1.069918e-02 -2.500000e-02  2.242752e-02
   endloop
 endfacet
 facet normal  4.286926e-01 -7.406488e-16 -9.034504e-01
   outer loop
     vertex  1.117833e-02  2.500000e-02  2.265488e-02
     vertex  1.069918e-02 -2.500000e-02  2.242752e-02
     vertex  1.069918e-02  2.500000e-02  2.242752e-02
   endloop
 endfacet
 facet normal  2.000257e-01 -1.872812e-15 -9.797907e-01
   outer loop
     vertex  1.169797e-02  2.500000e-02  2.276097e-02
     vertex  1.169797e-02 -2.500000e-02  2.276097e-02
     vertex  1.117833e-02 -2.500000e-02  2.265488e-02
   endloop
 endfacet
 facet normal  2.000257e-01 -1.940709e-15 -9.797907e-01
   outer loop
     vertex  1.169797e-02  2.500000e-02  2.276097e-02
     vertex  1.117833e-02 -2.500000e-02  2.265488e-02
     vertex  1.117833e-02  2.500000e-02  2.265488e-02
   endloop
 endfacet
 facet normal -4.026594e-02 -3.007486e-15 -9.991890e-01
   outer loop
     vertex  1.222790e-02  2.500000e-02  2.273961e-02
     vertex  1.222790e-02 -2.500000e-02  2.273961e-02
     vertex  1.169797e-02 -2.500000e-02  2.276097e-02
   endloop
 endfacet
 facet normal -4.026594e-02 -2.943755e-15 -9.991890e-01
   outer loop
     vertex  1.222790e-02  2.500000e-02  2.273961e-02
     vertex  1.169797e-02 -2.500000e-02  2.276097e-02
     vertex  1.169797e-02  2.500000e-02  2.276097e-02
   endloop
 endfacet
 facet normal -2.782175e-01 -3.910241e-15 -9.605181e-01
   outer loop
     vertex  1.273733e-02  2.500000e-02  2.259206e-02
     vertex  1.273733e-02 -2.500000e-02  2.259206e-02
     vertex  1.222790e-02 -2.500000e-02  2.273961e-02
   endloop
 endfacet
 facet normal -2.782175e-01 -3.871437e-15 -9.605181e-01
   outer loop
     vertex  1.273733e-02  2.500000e-02  2.259206e-02
     vertex  1.222790e-02 -2.500000e-02  2.273961e-02
     vertex  1.222790e-02  2.500000e-02  2.273961e-02
   endloop
 endfacet
 facet normal -5.000000e-01 -4.649548e-15 -8.660254e-01
   outer loop
     vertex  1.319663e-02  2.500000e-02  2.232688e-02
     vertex  1.319663e-02 -2.500000e-02  2.232688e-02
     vertex  1.273733e-02 -2.500000e-02  2.259206e-02
   endloop
 endfacet
 facet normal -5.000000e-01 -4.579645e-15 -8.660254e-01
   outer loop
     vertex  1.319663e-02  2.500000e-02  2.232688e-02
     vertex  1.273733e-02 -2.500000e-02  2.259206e-02
     vertex  1.273733e-02  2.500000e-02  2.259206e-02
   endloop
 endfacet
 facet normal -6.927244e-01 -4.983894e-15 -7.212024e-01
   outer loop
     vertex  1.357913e-02  2.500000e-02  2.195948e-02
     vertex  1.357913e-02 -2.500000e-02  2.195948e-02
     vertex  1.319663e-02 -2.500000e-02  2.232688e-02
   endloop
 endfacet
 facet normal -6.927244e-01 -5.079733e-15 -7.212024e-01
   outer loop
     vertex  1.357913e-02  2.500000e-02  2.195948e-02
     vertex  1.319663e-02 -2.500000e-02  2.232688e-02
     vertex  1.319663e-02  2.500000e-02  2.232688e-02
   endloop
 endfacet
 facet normal -8.451901e-01 -5.127308e-15 -5.344658e-01
   outer loop
     vertex  1.386259e-02  2.500000e-02  2.151123e-02
     vertex  1.386259e-02 -2.500000e-02  2.151123e-02
     vertex  1.357913e-02 -2.500000e-02  2.195948e-02
   endloop
 endfacet
 facet normal -8.451901e-01 -5.097700e-15 -5.344658e-01
   outer loop
     vertex  1.386259e-02  2.500000e-02  2.151123e-02
     vertex  1.357913e-02 -2.500000e-02  2.195948e-02
     vertex  1.357913e-02  2.500000e-02  2.195948e-02
   endloop
 endfacet
 facet normal -9.485364e-01 -4.795098e-15 -3.166680e-01
   outer loop
     vertex  1.403054e-02  2.500000e-02  2.100816e-02
     vertex  1.403054e-02 -2.500000e-02  2.100816e-02
     vertex  1.386259e-02 -2.500000e-02  2.151123e-02
   endloop
 endfacet
 facet normal -9.485364e-01 -4.948971e-15 -3.166680e-01
   outer loop
     vertex  1.403054e-02  2.500000e-02  2.100816e-02
     vertex  1.386259e-02 -2.500000e-02  2.151123e-02
     vertex  1.386259e-02  2.500000e-02  2.151123e-02
   endloop
 endfacet
 facet normal -9.967573e-01 -4.511503e-15 -8.046657e-02
   outer loop
     vertex  1.407322e-02  2.500000e-02  2.047952e-02
     vertex  1.407322e-02 -2.500000e-02  2.047952e-02
     vertex  1.403054e-02 -2.500000e-02  2.100816e-02
   endloop
 endfacet
 facet normal -9.967573e-01 -4.338585e-15 -8.046657e-02
   outer loop
     vertex  1.407322e-02  2.500000e-02  2.047952e-02
     vertex  1.403054e-02 -2.500000e-02  2.100816e-02
     vertex  1.403054e-02  2.500000e-02  2.100816e-02
   endloop
 endfacet
 facet normal -9.870503e-01 -3.687306e-15  1.604113e-01
   outer loop
     vertex  1.398814e-02  2.500000e-02  1.995602e-02
     vertex  1.398814e-02 -2.500000e-02  1.995602e-02
     vertex  1.407322e-02 -2.500000e-02  2.047952e-02
   endloop
 endfacet
 facet normal -9.870503e-01 -3.801066e-15  1.604113e-01
   outer loop
     vertex  1.398814e-02  2.500000e-02  1.995602e-02
     vertex  1.407322e-02 -2.500000e-02  2.047952e-02
     vertex  1.407322e-02  2.500000e-02  2.047952e-02
   endloop
 endfacet
 facet normal -9.199794e-01 -2.810814e-15  3.919666e-01
   outer loop
     vertex  1.378026e-02  2.500000e-02  1.946810e-02
     vertex  1.378026e-02 -2.500000e-02  1.946810e-02
     vertex  1.398814e-02 -2.500000e-02  1.995602e-02
   endloop
 endfacet
 facet normal -9.199794e-01 -2.746989e-15  3.919666e-01
   outer loop
     vertex  1.378026e-02  2.500000e-02  1.946810e-02
     vertex  1.398814e-02 -2.500000e-02  1.995602e-02
     vertex  1.398814e-02  2.500000e-02  1.995602e-02
   endloop
 endfacet
 facet normal  7.994428e-01  1.674944e-15 -6.007423e-01
   outer loop
     vertex -1.346165e-02  2.500000e-02  2.209210e-02
     vertex -1.378026e-02 -2.500000e-02  2.166810e-02
     vertex -1.378026e-02  2.500000e-02  2.166810e-02
   endloop
 endfacet
 facet normal  7.994428e-01  1.757951e-15 -6.007423e-01
   outer loop
     vertex -1.346165e-02  2.500000e-02  2.209210e-02
     vertex -1.346165e-02 -2.500000e-02  2.209210e-02
     vertex -1.378026e-02 -2.500000e-02  2.166810e-02
   endloop
 endfacet
 facet normal  6.324454e-01  4.732579e-16 -7.746050e-01
   outer loop
     vertex -1.305082e-02  2.500000e-02  2.242752e-02
     vertex -1.305082e-02 -2.500000e-02  2.242752e-02
     vertex -1.346165e-02 -2.500000e-02  2.209210e-02
   endloop
 endfacet
 facet normal  6.324454e-01  5.390166e-16 -7.746050e-01
   outer loop
     vertex -1.305082e-02  2.500000e-02  2.242752e-02
     vertex -1.346165e-02 -2.500000e-02  2.209210e-02
     vertex -1.346165e-02  2.500000e-02  2.209210e-02
   endloop
 endfacet
 facet normal  4.286926e-01 -7.376606e-16 -9.034504e-01
   outer loop
     vertex -1.257167e-02  2.500000e-02  2.265488e-02
     vertex -1.257167e-02 -2.500000e-02  2.265488e-02
     vertex -1.305082e-02 -2.500000e-02  2.242752e-02
   endloop
 endfacet
 facet normal  4.286926e-01 -7.556215e-16 -9.034504e-01
   outer loop
     vertex -1.257167e-02  2.500000e-02  2.265488e-02
     vertex -1.305082e-02 -2.500000e-02  2.242752e-02
     vertex -1.305082e-02  2.500000e-02  2.242752e-02
   endloop
 endfacet
 facet normal  2.000257e-01 -1.933858e-15 -9.797907e-01
   outer loop
     vertex -1.205203e-02  2.500000e-02  2.276097e-02
     vertex -1.205203e-02 -2.500000e-02  2.276097e-02
     vertex -1.257167e-02 -2.500000e-02  2.265488e-02
   endloop
 endfacet
 facet normal  2.000257e-01 -1.893795e-15 -9.797907e-01
   outer loop
     vertex -1.205203e-02  2.500000e-02  2.276097e-02
     vertex -1.257167e-02 -2.500000e-02  2.265488e-02
     vertex -1.257167e-02  2.500000e-02  2.265488e-02
   endloop
 endfacet
 facet normal -4.026594e-02 -3.017265e-15 -9.991890e-01
   outer loop
     vertex -1.152210e-02  2.500000e-02  2.273961e-02
     vertex -1.152210e-02 -2.500000e-02  2.273961e-02
     vertex -1.205203e-02 -2.500000e-02  2.276097e-02
   endloop
 endfacet
 facet normal -4.026594e-02 -3.014438e-15 -9.991890e-01
   outer loop
     vertex -1.152210e-02  2.500000e-02  2.273961e-02
     vertex -1.205203e-02 -2.500000e-02  2.276097e-02
     vertex -1.205203e-02  2.500000e-02  2.276097e-02
   endloop
 endfacet
 facet normal -2.782175e-01 -3.853244e-15 -9.605181e-01
   outer loop
     vertex -1.101267e-02  2.500000e-02  2.259206e-02
     vertex -1.101267e-02 -2.500000e-02  2.259206e-02
     vertex -1.152210e-02 -2.500000e-02  2.273961e-02
   endloop
 endfacet
 facet normal -2.782175e-01 -3.939313e-15 -9.605181e-01
   outer loop
     vertex -1.101267e-02  2.500000e-02  2.259206e-02
     vertex -1.152210e-02 -2.500000e-02  2.273961e-02
     vertex -1.152210e-02  2.500000e-02  2.273961e-02
   endloop
 endfacet
 facet normal -5.000000e-01 -4.545464e-15 -8.660254e-01
   outer loop
     vertex -1.055337e-02  2.500000e-02  2.232688e-02
     vertex -1.055337e-02 -2.500000e-02  2.232688e-02
     vertex -1.101267e-02 -2.500000e-02  2.259206e-02
   endloop
 endfacet
 facet normal -5.000000e-01 -4.537722e-15 -8.660254e-01
   outer loop
     vertex -1.055337e-02  2.500000e-02  2.232688e-02
     vertex -1.101267e-02 -2.500000e-02  2.259206e-02
     vertex -1.101267e-02  2.500000e-02  2.259206e-02
   endloop
 endfacet
 facet normal -6.927244e-01 -5.005952e-15 -7.212024e-01
   outer loop
     vertex -1.017087e-02  2.500000e-02  2.195948e-02
     vertex -1.017087e-02 -2.500000e-02  2.195948e-02
     vertex -1.055337e-02 -2.500000e-02  2.232688e-02
   endloop
 endfacet
 facet normal -6.927244e-01 -4.935995e-15 -7.212024e-01
   outer loop
     vertex -1.017087e-02  2.500000e-02  2.195948e-02
     vertex -1.055337e-02 -2.500000e-02  2.232688e-02
     vertex -1.055337e-02  2.500000e-02  2.232688e-02
   endloop
 endfacet
 facet normal -8.451901e-01 -5.156631e-15 -5.344658e-01
   outer loop
     vertex -9.887409e-03  2.500000e-02  2.151123e-02
     vertex -9.887409e-03 -2.500000e-02  2.151123e-02
     vertex -1.017087e-02 -2.500000e-02  2.195948e-02
   endloop
 endfacet
 facet normal -8.451901e-01 -5.148607e-15 -5.344658e-01
   outer loop
     vertex -9.887409e-03  2.500000e-02  2.151123e-02
     vertex -1.017087e-02 -2.500000e-02  2.195948e-02
     vertex -1.017087e-02  2.500000e-02  2.195948e-02
   endloop
 endfacet
 facet normal -9.485364e-01 -4.948707e-15 -3.166680e-01
   outer loop
     vertex -9.719461e-03  2.500000e-02  2.100816e-02
     vertex -9.719461e-03 -2.500000e-02  2.100816e-02
     vertex -9.887409e-03 -2.500000e-02  2.151123e-02
   endloop
 endfacet
 facet normal -9.485364e-01 -4.981911e-15 -3.166680e-01
   outer loop
     vertex -9.719461e-03  2.500000e-02  2.100816e-02
     vertex -9.887409e-03 -2.500000e-02  2.151123e-02
     vertex -9.887409e-03  2.500000e-02  2.151123e-02
   endloop
 endfacet
 facet normal -9.967573e-01 -4.586251e-15 -8.046657e-02
   outer loop
     vertex -9.676784e-03  2.500000e-02  2.047952e-02
     vertex -9.676784e-03 -2.500000e-02  2.047952e-02
     vertex -9.719461e-03 -2.500000e-02  2.100816e-02
   endloop
 endfacet
 facet normal -9.967573e-01 -4.482572e-15 -8.046657e-02
   outer loop
     vertex -9.676784e-03  2.500000e-02  2.047952e-02
     vertex -9.719461e-03 -2.500000e-02  2.100816e-02
     vertex -9.719461e-03  2.500000e-02  2.100816e-02
   endloop
 endfacet
 facet normal -9.870503e-01 -3.653061e-15  1.604113e-01
   outer loop
     vertex -9.761860e-03  2.500000e-02  1.995602e-02
     vertex -9.761860e-03 -2.500000e-02  1.995602e-02
     vertex -9.676784e-03 -2.500000e-02  2.047952e-02
   endloop
 endfacet
 facet normal -9.870503e-01 -3.858461e-15  1.604113e-01
   outer loop
     vertex -9.761860e-03  2.500000e-02  1.995602e-02
     vertex -9.676784e-03 -2.500000e-02  2.047952e-02
     vertex -9.676784e-03  2.500000e-02  2.047952e-02
   endloop
 endfacet
 facet normal -9.199794e-01 -2.810814e-15  3.919666e-01
   outer loop
     vertex -9.969744e-03  2.500000e-02  1.946810e-02
     vertex -9.969744e-03 -2.500000e-02  1.946810e-02
     vertex -9.761860e-03 -2.500000e-02  1.995602e-02
   endloop
 endfacet
 facet normal -9.199794e-01 -2.715047e-15  3.919666e-01
   outer loop
     vertex -9.969744e-03  2.500000e-02  1.946810e-02
     vertex -9.761860e-03 -2.500000e-02  1.995602e-02
     vertex -9.761860e-03  2.500000e-02  1.995602e-02
   endloop
 endfacet
 facet normal  7.994428e-01  1.701895e-15 -6.007423e-01
   outer loop
     vertex -2.533665e-02  2.500000e-02  1.523994e-03
     vertex -2.565526e-02 -2.500000e-02  1.100000e-03
     vertex -2.565526e-02  2.500000e-02  1.100000e-03
   endloop
 endfacet
 facet normal  7.994428e-01  1.648689e-15 -6.007423e-01
   outer loop
     vertex -2.533665e-02  2.500000e-02  1.523994e-03
     vertex -2.533665e-02 -2.500000e-02  1.523994e-03
     vertex -2.565526e-02 -2.500000e-02  1.100000e-03
   endloop
 endfacet
 facet normal  6.324454e-01  2.641259e-16 -7.746050e-01
   outer loop
     vertex -2.492582e-02  2.500000e-02  1.859418e-03
     vertex -2.492582e-02 -2.500000e-02  1.859418e-03
     vertex -2.533665e-02 -2.500000e-02  1.523994e-03
   endloop
 endfacet
 facet normal  6.324454e-01  4.391987e-16 -7.746050e-01
   outer loop
     vertex -2.492582e-02  2.500000e-02  1.859418e-03
     vertex -2.533665e-02 -2.500000e-02  1.523994e-03
     vertex -2.533665e-02  2.500000e-02  1.523994e-03
   endloop
 endfacet
 facet normal  4.286926e-01 -8.919870e-16 -9.034504e-01
   outer loop
     vertex -2.444667e-02  2.500000e-02  2.086780e-03
     vertex -2.444667e-02 -2.500000e-02  2.086780e-03
     vertex -2.492582e-02 -2.500000e-02  1.859418e-03
   endloop
 endfacet
 facet normal  4.286926e-01 -9.138329e-16 -9.034504e-01
   outer loop
     vertex -2.444667e-02  2.500000e-02  2.086780e-03
     vertex -2.492582e-02 -2.500000e-02  1.859418e-03
     vertex -2.492582e-02  2.500000e-02  1.859418e-03
   endloop
 endfacet
 facet normal  2.000257e-01 -2.005668e-15 -9.797907e-01
   outer loop
     vertex -2.392703e-02  2.500000e-02  2.192866e-03
     vertex -2.392703e-02 -2.500000e-02  2.192866e-03
     vertex -2.444667e-02 -2.500000e-02  2.086780e-03
   endloop
 endfacet
 facet normal  2.000257e-01 -2.033540e-15 -9.797907e-01
   outer loop
     vertex -2.392703e-02  2.500000e-02  2.192866e-03
     vertex -2.444667e-02 -2.500000e-02  2.086780e-03
     vertex -2.444667e-02  2.500000e-02  2.086780e-03
   endloop
 endfacet
 facet normal -4.026594e-02 -3.067867e-15 -9.991890e-01
   outer loop
     vertex -2.339710e-02  2.500000e-02  2.171511e-03
     vertex -2.339710e-02 -2.500000e-02  2.171511e-03
     vertex -2.392703e-02 -2.500000e-02  2.192866e-03
   endloop
 endfacet
 facet normal -4.026594e-02 -3.062288e-15 -9.991890e-01
   outer loop
     vertex -2.339710e-02  2.500000e-02  2.171511e-03
     vertex -2.392703e-02 -2.500000e-02  2.192866e-03
     vertex -2.392703e-02  2.500000e-02  2.192866e-03
   endloop
 endfacet
 facet normal -2.782175e-01 -3.960228e-15 -9.605181e-01
   outer loop
     vertex -2.288767e-02  2.500000e-02  2.023955e-03
     vertex -2.288767e-02 -2.500000e-02  2.023955e-03
     vertex -2.339710e-02 -2.500000e-02  2.171511e-03
   endloop
 endfacet
 facet normal -2.782175e-01 -3.979740e-15 -9.605181e-01
   outer loop
     vertex -2.288767e-02  2.500000e-02  2.023955e-03
     vertex -2.339710e-02 -2.500000e-02  2.171511e-03
     vertex -2.339710e-02  2.500000e-02  2.171511e-03
   endloop
 endfacet
 facet normal -5.000000e-01 -4.478939e-15 -8.660254e-01
   outer loop
     vertex -2.242837e-02  2.500000e-02  1.758774e-03
     vertex -2.242837e-02 -2.500000e-02  1.758774e-03
     vertex -2.288767e-02 -2.500000e-02  2.023955e-03
   endloop
 endfacet
 facet normal -5.000000e-01 -4.624563e-15 -8.660254e-01
   outer loop
     vertex -2.242837e-02  2.500000e-02  1.758774e-03
     vertex -2.288767e-02 -2.500000e-02  2.023955e-03
     vertex -2.288767e-02  2.500000e-02  2.023955e-03
   endloop
 endfacet
 facet normal -6.927244e-01 -4.919037e-15 -7.212024e-01
   outer loop
     vertex -2.204587e-02  2.500000e-02  1.391380e-03
     vertex -2.204587e-02 -2.500000e-02  1.391380e-03
     vertex -2.242837e-02 -2.500000e-02  1.758774e-03
   endloop
 endfacet
 facet normal -6.927244e-01 -4.823201e-15 -7.212024e-01
   outer loop
     vertex -2.204587e-02  2.500000e-02  1.391380e-03
     vertex -2.242837e-02 -2.500000e-02  1.758774e-03
     vertex -2.242837e-02  2.500000e-02  1.758774e-03
   endloop
 endfacet
 facet normal -8.451901e-01 -5.062516e-15 -5.344658e-01
   outer loop
     vertex -2.176241e-02  2.500000e-02  9.431236e-04
     vertex -2.176241e-02 -2.500000e-02  9.431236e-04
     vertex -2.204587e-02 -2.500000e-02  1.391380e-03
   endloop
 endfacet
 facet normal -8.451901e-01 -5.003871e-15 -5.344658e-01
   outer loop
     vertex -2.176241e-02  2.500000e-02  9.431236e-04
     vertex -2.204587e-02 -2.500000e-02  1.391380e-03
     vertex -2.204587e-02  2.500000e-02  1.391380e-03
   endloop
 endfacet
 facet normal -9.485364e-01 -4.930218e-15 -3.166680e-01
   outer loop
     vertex -2.159446e-02  2.500000e-02  4.400565e-04
     vertex -2.159446e-02 -2.500000e-02  4.400565e-04
     vertex -2.176241e-02 -2.500000e-02  9.431236e-04
   endloop
 endfacet
 facet normal -9.485364e-01 -4.863627e-15 -3.166680e-01
   outer loop
     vertex -2.159446e-02  2.500000e-02  4.400565e-04
     vertex -2.176241e-02 -2.500000e-02  9.431236e-04
     vertex -2.176241e-02  2.500000e-02  9.431236e-04
   endloop
 endfacet
 facet normal -9.967573e-01 -4.382358e-15 -8.046657e-02
   outer loop
     vertex -2.155178e-02  2.500000e-02 -8.858507e-05
     vertex -2.155178e-02 -2.500000e-02 -8.858507e-05
     vertex -2.159446e-02 -2.500000e-02  4.400565e-04
   endloop
 endfacet
 facet normal -9.967573e-01 -4.451504e-15 -8.046657e-02
   outer loop
     vertex -2.155178e-02  2.500000e-02 -8.858507e-05
     vertex -2.159446e-02 -2.500000e-02  4.400565e-04
     vertex -2.159446e-02  2.500000e-02  4.400565e-04
   endloop
 endfacet
 facet normal -9.870503e-01 -3.646104e-15  1.604113e-01
   outer loop
     vertex -2.163686e-02  2.500000e-02 -6.120784e-04
     vertex -2.163686e-02 -2.500000e-02 -6.120784e-04
     vertex -2.155178e-02 -2.500000e-02 -8.858507e-05
   endloop
 endfacet
 facet normal -9.870503e-01 -3.645599e-15  1.604113e-01
   outer loop
     vertex -2.163686e-02  2.500000e-02 -6.120784e-04
     vertex -2.155178e-02 -2.500000e-02 -8.858507e-05
     vertex -2.155178e-02  2.500000e-02 -8.858507e-05
   endloop
 endfacet
 facet normal -9.199794e-01 -2.760197e-15  3.919666e-01
   outer loop
     vertex -2.184474e-02  2.500000e-02 -1.100000e-03
     vertex -2.184474e-02 -2.500000e-02 -1.100000e-03
     vertex -2.163686e-02 -2.500000e-02 -6.120784e-04
   endloop
 endfacet
 facet normal -9.199794e-01 -2.698078e-15  3.919666e-01
   outer loop
     vertex -2.184474e-02  2.500000e-02 -1.100000e-03
     vertex -2.163686e-02 -2.500000e-02 -6.120784e-04
     vertex -2.163686e-02  2.500000e-02 -6.120784e-04
   endloop
 endfacet
 facet normal -2.713830e-15  1.000000e+00 -5.094595e-15
   outer loop
     vertex  1.205203e-02  2.500000e-02 -2.276097e-02
     vertex  1.493298e-02  2.500000e-02 -2.361461e-02
     vertex  8.847704e-03  2.500000e-02 -2.650211e-02
   endloop
 endfacet
 facet normal -4.912587e-16  1.000000e+00  2.406344e-15
   outer loop
     vertex  1.205203e-02  2.500000e-02 -2.276097e-02
     vertex  1.257167e-02  2.500000e-02 -2.265488e-02
     vertex  1.493298e-02  2.500000e-02 -2.361461e-02
   endloop
 endfacet
 facet normal -7.914086e-16  1.000000e+00  1.667858e-15
   outer loop
     vertex  1.305082e-02  2.500000e-02 -2.242752e-02
     vertex  1.493298e-02  2.500000e-02 -2.361461e-02
     vertex  1.257167e-02  2.500000e-02 -2.265488e-02
   endloop
 endfacet
 facet normal -1.294608e-14  1.000000e+00  3.669427e-15
   outer loop
     vertex  1.152210e-02  2.500000e-02 -2.273961e-02
     vertex  1.205203e-02  2.500000e-02 -2.276097e-02
     vertex  8.847704e-03  2.500000e-02 -2.650211e-02
   endloop
 endfacet
 facet normal -4.720536e-15  1.000000e+00 -4.561840e-15
   outer loop
     vertex  1.346165e-02  2.500000e-02 -2.209210e-02
     vertex  1.493298e-02  2.500000e-02 -2.361461e-02
     vertex  1.305082e-02  2.500000e-02 -2.242752e-02
   endloop
 endfacet
 facet normal -1.328948e-15  1.000000e+00 -4.588061e-15
   outer loop
     vertex  1.101267e-02  2.500000e-02 -2.259206e-02
     vertex  1.152210e-02  2.500000e-02 -2.273961e-02
     vertex  8.847704e-03  2.500000e-02 -2.650211e-02
   endloop
 endfacet
 facet normal -4.763433e-15  1.000000e+00 -4.603294e-15
   outer loop
     vertex  1.378026e-02  2.500000e-02 -2.166810e-02
     vertex  1.493298e-02  2.500000e-02 -2.361461e-02
     vertex  1.346165e-02  2.500000e-02 -2.209210e-02
   endloop
 endfacet
 facet normal -1.377694e-14  1.000000e+00  2.304310e-15
   outer loop
     vertex  1.055337e-02  2.500000e-02 -2.232688e-02
     vertex  1.101267e-02  2.500000e-02 -2.259206e-02
     vertex  8.847704e-03  2.500000e-02 -2.650211e-02
   endloop
 endfacet
 facet normal -5.232726e-15  1.000000e+00 -4.881209e-15
   outer loop
     vertex  1.398814e-02  2.500000e-02 -2.118018e-02
     vertex  1.493298e-02  2.500000e-02 -2.361461e-02
     vertex  1.378026e-02  2.500000e-02 -2.166810e-02
   endloop
 endfacet
 facet normal  1.073580e-14  1.000000e+00 -7.709623e-15
   outer loop
     vertex  1.017087e-02  2.500000e-02 -2.195948e-02
     vertex  1.055337e-02  2.500000e-02 -2.232688e-02
     vertex  8.847704e-03  2.500000e-02 -2.650211e-02
   endloop
 endfacet
 facet normal  5.176469e-15  1.000000e+00 -8.412581e-16
   outer loop
     vertex  1.407322e-02  2.500000e-02 -2.065669e-02
     vertex  1.493298e-02  2.500000e-02 -2.361461e-02
     vertex  1.398814e-02  2.500000e-02 -2.118018e-02
   endloop
 endfacet
 facet normal -4.363763e-15  1.000000e+00 -3.614253e-15
   outer loop
     vertex  1.407322e-02  2.500000e-02 -2.065669e-02
     vertex  2.015040e-02  2.500000e-02 -1.935472e-02
     vertex  1.493298e-02  2.500000e-02 -2.361461e-02
   endloop
 endfacet
 facet normal -4.601348e-15  1.000000e+00 -3.212386e-15
   outer loop
     vertex  9.887409e-03  2.500000e-02 -2.151123e-02
     vertex  8.847704e-03  2.500000e-02 -2.650211e-02
     vertex  2.248236e-03  2.500000e-02 -2.784940e-02
   endloop
 endfacet
 facet normal -4.961376e-15  1.000000e+00 -3.137384e-15
   outer loop
     vertex  9.887409e-03  2.500000e-02 -2.151123e-02
     vertex  1.017087e-02  2.500000e-02 -2.195948e-02
     vertex  8.847704e-03  2.500000e-02 -2.650211e-02
   endloop
 endfacet
 facet normal -3.668588e-15  1.000000e+00 -6.859106e-15
   outer loop
     vertex  1.403054e-02  2.500000e-02 -2.012805e-02
     vertex  2.015040e-02  2.500000e-02 -1.935472e-02
     vertex  1.407322e-02  2.500000e-02 -2.065669e-02
   endloop
 endfacet
 facet normal -1.017132e-14  1.000000e+00  3.500903e-15
   outer loop
     vertex  9.719461e-03  2.500000e-02 -2.100816e-02
     vertex  9.887409e-03  2.500000e-02 -2.151123e-02
     vertex  2.248236e-03  2.500000e-02 -2.784940e-02
   endloop
 endfacet
 facet normal -4.351746e-15  1.000000e+00 -1.452826e-15
   outer loop
     vertex  1.386259e-02  2.500000e-02 -1.962498e-02
     vertex  2.015040e-02  2.500000e-02 -1.935472e-02
     vertex  1.403054e-02  2.500000e-02 -2.012805e-02
   endloop
 endfacet
 facet normal  1.030153e-14  1.000000e+00 -1.885722e-14
   outer loop
     vertex  9.676784e-03  2.500000e-02 -2.047952e-02
     vertex  9.719461e-03  2.500000e-02 -2.100816e-02
     vertex  2.248236e-03  2.500000e-02 -2.784940e-02
   endloop
 endfacet
 facet normal -4.297388e-15  1.000000e+00 -2.717504e-15
   outer loop
     vertex  1.357913e-02  2.500000e-02 -1.917672e-02
     vertex  2.015040e-02  2.500000e-02 -1.935472e-02
     vertex  1.386259e-02  2.500000e-02 -1.962498e-02
   endloop
 endfacet
 facet normal -4.137899e-14  1.000000e+00  3.323470e-14
   outer loop
     vertex  9.761860e-03  2.500000e-02 -1.995602e-02
     vertex  9.676784e-03  2.500000e-02 -2.047952e-02
     vertex  2.248236e-03  2.500000e-02 -2.784940e-02
   endloop
 endfacet
 facet normal -4.083134e-15  1.000000e+00  5.192397e-15
   outer loop
     vertex  1.319663e-02  2.500000e-02 -1.880933e-02
     vertex  2.015040e-02  2.500000e-02 -1.935472e-02
     vertex  1.357913e-02  2.500000e-02 -1.917672e-02
   endloop
 endfacet
 facet normal -3.222051e-15  1.000000e+00 -5.580755e-15
   outer loop
     vertex  2.419675e-02  2.500000e-02 -1.397000e-02
     vertex  1.319663e-02  2.500000e-02 -1.880933e-02
     vertex  1.273733e-02  2.500000e-02 -1.854415e-02
   endloop
 endfacet
 facet normal -4.669951e-15  1.000000e+00 -2.289581e-15
   outer loop
     vertex  2.419675e-02  2.500000e-02 -1.397000e-02
     vertex  2.015040e-02  2.500000e-02 -1.935472e-02
     vertex  1.319663e-02  2.500000e-02 -1.880933e-02
   endloop
 endfacet
 facet normal -1.269587e-14  1.000000e+00 -3.219746e-15
   outer loop
     vertex -1.169797e-02  2.500000e-02 -2.276097e-02
     vertex -1.117833e-02  2.500000e-02 -2.265488e-02
     vertex -1.095155e-02  2.500000e-02 -2.570423e-02
   endloop
 endfacet
 facet normal -5.950993e-15  1.000000e+00 -2.718121e-15
   outer loop
     vertex -1.069918e-02  2.500000e-02 -2.242752e-02
     vertex -1.095155e-02  2.500000e-02 -2.570423e-02
     vertex -1.117833e-02  2.500000e-02 -2.265488e-02
   endloop
 endfacet
 facet normal  1.322915e-14  1.000000e+00  3.354988e-15
   outer loop
     vertex -1.222790e-02  2.500000e-02 -2.273961e-02
     vertex -1.169797e-02  2.500000e-02 -2.276097e-02
     vertex -1.095155e-02  2.500000e-02 -2.570423e-02
   endloop
 endfacet
 facet normal -4.092626e-15  1.000000e+00 -1.169586e-15
   outer loop
     vertex -1.028835e-02  2.500000e-02 -2.209210e-02
     vertex -4.481891e-03  2.500000e-02 -2.757818e-02
     vertex -1.095155e-02  2.500000e-02 -2.570423e-02
   endloop
 endfacet
 facet normal  1.177942e-14  1.000000e+00 -4.083718e-15
   outer loop
     vertex -1.028835e-02  2.500000e-02 -2.209210e-02
     vertex -1.095155e-02  2.500000e-02 -2.570423e-02
     vertex -1.069918e-02  2.500000e-02 -2.242752e-02
   endloop
 endfacet
 facet normal -7.745452e-16  1.000000e+00 -2.674040e-15
   outer loop
     vertex -1.273733e-02  2.500000e-02 -2.259206e-02
     vertex -1.222790e-02  2.500000e-02 -2.273961e-02
     vertex -1.095155e-02  2.500000e-02 -2.570423e-02
   endloop
 endfacet
 facet normal -1.531088e-14  1.000000e+00 -1.304296e-14
   outer loop
     vertex -9.969744e-03  2.500000e-02 -2.166810e-02
     vertex -4.481891e-03  2.500000e-02 -2.757818e-02
     vertex -1.028835e-02  2.500000e-02 -2.209210e-02
   endloop
 endfacet
 facet normal -8.667222e-16  1.000000e+00  3.692758e-16
   outer loop
     vertex -9.761860e-03  2.500000e-02 -2.118018e-02
     vertex -4.481891e-03  2.500000e-02 -2.757818e-02
     vertex -9.969744e-03  2.500000e-02 -2.166810e-02
   endloop
 endfacet
 facet normal -1.097970e-15  1.000000e+00  1.784376e-16
   outer loop
     vertex -9.676784e-03  2.500000e-02 -2.065669e-02
     vertex -4.481891e-03  2.500000e-02 -2.757818e-02
     vertex -9.761860e-03  2.500000e-02 -2.118018e-02
   endloop
 endfacet
 facet normal -6.372157e-15  1.000000e+00 -5.885982e-15
   outer loop
     vertex -1.678474e-02  2.500000e-02 -2.233643e-02
     vertex -1.273733e-02  2.500000e-02 -2.259206e-02
     vertex -1.095155e-02  2.500000e-02 -2.570423e-02
   endloop
 endfacet
 facet normal -3.953989e-15  1.000000e+00  3.240148e-14
   outer loop
     vertex -1.678474e-02  2.500000e-02 -2.233643e-02
     vertex -1.319663e-02  2.500000e-02 -2.232688e-02
     vertex -1.273733e-02  2.500000e-02 -2.259206e-02
   endloop
 endfacet
 facet normal -3.806881e-15  1.000000e+00 -2.285016e-14
   outer loop
     vertex -1.678474e-02  2.500000e-02 -2.233643e-02
     vertex -1.357913e-02  2.500000e-02 -2.195948e-02
     vertex -1.319663e-02  2.500000e-02 -2.232688e-02
   endloop
 endfacet
 facet normal -6.891516e-15  1.000000e+00  3.381945e-15
   outer loop
     vertex -1.386259e-02  2.500000e-02 -2.151123e-02
     vertex -1.357913e-02  2.500000e-02 -2.195948e-02
     vertex -1.678474e-02  2.500000e-02 -2.233643e-02
   endloop
 endfacet
 facet normal -4.076016e-15  1.000000e+00 -2.273629e-15
   outer loop
     vertex -9.719461e-03  2.500000e-02 -2.012805e-02
     vertex  9.761860e-03  2.500000e-02 -1.995602e-02
     vertex  2.248236e-03  2.500000e-02 -2.784940e-02
   endloop
 endfacet
 facet normal -4.225009e-15  1.000000e+00 -2.504562e-15
   outer loop
     vertex -9.719461e-03  2.500000e-02 -2.012805e-02
     vertex  2.248236e-03  2.500000e-02 -2.784940e-02
     vertex -4.481891e-03  2.500000e-02 -2.757818e-02
   endloop
 endfacet
 facet normal -1.129483e-14  1.000000e+00 -7.474760e-15
   outer loop
     vertex -9.719461e-03  2.500000e-02 -2.012805e-02
     vertex -4.481891e-03  2.500000e-02 -2.757818e-02
     vertex -9.676784e-03  2.500000e-02 -2.065669e-02
   endloop
 endfacet
 facet normal -5.425009e-15  1.000000e+00 -1.811134e-15
   outer loop
     vertex -1.403054e-02  2.500000e-02 -2.100816e-02
     vertex -1.386259e-02  2.500000e-02 -2.151123e-02
     vertex -1.678474e-02  2.500000e-02 -2.233643e-02
   endloop
 endfacet
 facet normal -4.023334e-15  1.000000e+00 -8.239775e-15
   outer loop
     vertex -9.887409e-03  2.500000e-02 -1.962498e-02
     vertex  9.761860e-03  2.500000e-02 -1.995602e-02
     vertex -9.719461e-03  2.500000e-02 -2.012805e-02
   endloop
 endfacet
 facet normal -3.015928e-15  1.000000e+00 -6.806418e-15
   outer loop
     vertex -1.407322e-02  2.500000e-02 -2.047952e-02
     vertex -1.403054e-02  2.500000e-02 -2.100816e-02
     vertex -1.678474e-02  2.500000e-02 -2.233643e-02
   endloop
 endfacet
 facet normal -1.374558e-14  1.000000e+00  8.861364e-15
   outer loop
     vertex -1.398814e-02  2.500000e-02 -1.995602e-02
     vertex -1.407322e-02  2.500000e-02 -2.047952e-02
     vertex -1.678474e-02  2.500000e-02 -2.233643e-02
   endloop
 endfacet
 facet normal -4.296216e-15  1.000000e+00 -5.280218e-15
   outer loop
     vertex -2.164246e-02  2.500000e-02 -1.767052e-02
     vertex -1.378026e-02  2.500000e-02 -1.946810e-02
     vertex -1.398814e-02  2.500000e-02 -1.995602e-02
   endloop
 endfacet
 facet normal -3.624215e-15  1.000000e+00 -3.029634e-15
   outer loop
     vertex -2.164246e-02  2.500000e-02 -1.767052e-02
     vertex -1.398814e-02  2.500000e-02 -1.995602e-02
     vertex -1.678474e-02  2.500000e-02 -2.233643e-02
   endloop
 endfacet
 facet normal -4.232642e-15  1.000000e+00 -5.002158e-15
   outer loop
     vertex -2.164246e-02  2.500000e-02 -1.767052e-02
     vertex -1.346165e-02  2.500000e-02 -1.904411e-02
     vertex -1.378026e-02  2.500000e-02 -1.946810e-02
   endloop
 endfacet
 facet normal -4.254540e-15  1.000000e+00 -5.132582e-15
   outer loop
     vertex -2.164246e-02  2.500000e-02 -1.767052e-02
     vertex -1.305082e-02  2.500000e-02 -1.870869e-02
     vertex -1.346165e-02  2.500000e-02 -1.904411e-02
   endloop
 endfacet
 facet normal -2.896700e-15  1.000000e+00  6.104665e-15
   outer loop
     vertex -2.164246e-02  2.500000e-02 -1.767052e-02
     vertex -1.257167e-02  2.500000e-02 -1.848132e-02
     vertex -1.305082e-02  2.500000e-02 -1.870869e-02
   endloop
 endfacet
 facet normal  2.294221e-16  1.000000e+00 -1.123784e-15
   outer loop
     vertex  2.392703e-02  2.500000e-02 -2.192866e-03
     vertex  2.444667e-02  2.500000e-02 -2.086780e-03
     vertex  2.683688e-02  2.500000e-02 -7.773396e-03
   endloop
 endfacet
 facet normal -2.823270e-15  1.000000e+00 -2.672272e-15
   outer loop
     vertex  2.492582e-02  2.500000e-02 -1.859418e-03
     vertex  2.791734e-02  2.500000e-02 -1.125030e-03
     vertex  2.683688e-02  2.500000e-02 -7.773396e-03
   endloop
 endfacet
 facet normal -5.554034e-15  1.000000e+00 -3.554695e-15
   outer loop
     vertex  2.492582e-02  2.500000e-02 -1.859418e-03
     vertex  2.683688e-02  2.500000e-02 -7.773396e-03
     vertex  2.444667e-02  2.500000e-02 -2.086780e-03
   endloop
 endfacet
 facet normal -1.342618e-14  1.000000e+00 -8.244210e-15
   outer loop
     vertex  2.339710e-02  2.500000e-02 -2.171511e-03
     vertex  2.392703e-02  2.500000e-02 -2.192866e-03
     vertex  2.683688e-02  2.500000e-02 -7.773396e-03
   endloop
 endfacet
 facet normal -4.975178e-15  1.000000e+00  6.093487e-15
   outer loop
     vertex  2.533665e-02  2.500000e-02 -1.523994e-03
     vertex  2.791734e-02  2.500000e-02 -1.125030e-03
     vertex  2.492582e-02  2.500000e-02 -1.859418e-03
   endloop
 endfacet
 facet normal -4.024601e-15  1.000000e+00 -2.764437e-15
   outer loop
     vertex  2.288767e-02  2.500000e-02 -2.023955e-03
     vertex  2.683688e-02  2.500000e-02 -7.773396e-03
     vertex  2.419675e-02  2.500000e-02 -1.397000e-02
   endloop
 endfacet
 facet normal  0.000000e+00  1.000000e+00  0.000000e+00
   outer loop
     vertex  2.288767e-02  2.500000e-02 -2.023955e-03
     vertex  2.339710e-02  2.500000e-02 -2.171511e-03
     vertex  2.683688e-02  2.500000e-02 -7.773396e-03
   endloop
 endfacet
 facet normal -3.131979e-15  1.000000e+00 -5.829252e-15
   outer loop
     vertex  2.565526e-02  2.500000e-02 -1.100000e-03
     vertex  2.791734e-02  2.500000e-02 -1.125030e-03
     vertex  2.533665e-02  2.500000e-02 -1.523994e-03
   endloop
 endfacet
 facet normal -1.432022e-15  1.000000e+00 -2.480336e-15
   outer loop
     vertex  2.242837e-02  2.500000e-02 -1.758774e-03
     vertex  2.288767e-02  2.500000e-02 -2.023955e-03
     vertex  2.419675e-02  2.500000e-02 -1.397000e-02
   endloop
 endfacet
 facet normal -4.294169e-15  1.000000e+00 -2.894821e-15
   outer loop
     vertex  2.242837e-02  2.500000e-02 -1.758774e-03
     vertex  2.419675e-02  2.500000e-02 -1.397000e-02
     vertex  1.273733e-02  2.500000e-02 -1.854415e-02
   endloop
 endfacet
 facet normal -3.131395e-15  1.000000e+00 -5.776502e-15
   outer loop
     vertex  2.586314e-02  2.500000e-02 -6.120784e-04
     vertex  2.791734e-02  2.500000e-02 -1.125030e-03
     vertex  2.565526e-02  2.500000e-02 -1.100000e-03
   endloop
 endfacet
 facet normal -1.285464e-14  1.000000e+00 -6.705926e-15
   outer loop
     vertex  3.666174e-03  2.500000e-02 -6.350000e-03
     vertex  1.028835e-02  2.500000e-02 -1.904411e-02
     vertex  9.969744e-03  2.500000e-02 -1.946810e-02
   endloop
 endfacet
 facet normal -5.922552e-15  1.000000e+00 -3.089638e-15
   outer loop
     vertex  3.666174e-03  2.500000e-02 -6.350000e-03
     vertex  1.069918e-02  2.500000e-02 -1.870869e-02
     vertex  1.028835e-02  2.500000e-02 -1.904411e-02
   endloop
 endfacet
 facet normal  5.596369e-15  1.000000e+00  3.465475e-15
   outer loop
     vertex  3.666174e-03  2.500000e-02 -6.350000e-03
     vertex  1.117833e-02  2.500000e-02 -1.848132e-02
     vertex  1.069918e-02  2.500000e-02 -1.870869e-02
   endloop
 endfacet
 facet normal -2.370912e-14  1.000000e+00 -1.468155e-14
   outer loop
     vertex  3.666174e-03  2.500000e-02 -6.350000e-03
     vertex  1.169797e-02  2.500000e-02 -1.837524e-02
     vertex  1.117833e-02  2.500000e-02 -1.848132e-02
   endloop
 endfacet
 facet normal  6.775861e-15  1.000000e+00  5.679733e-15
   outer loop
     vertex  3.666174e-03  2.500000e-02 -6.350000e-03
     vertex  1.222790e-02  2.500000e-02 -1.839659e-02
     vertex  1.169797e-02  2.500000e-02 -1.837524e-02
   endloop
 endfacet
 facet normal -1.510325e-14  1.000000e+00 -7.786437e-15
   outer loop
     vertex  3.666174e-03  2.500000e-02 -6.350000e-03
     vertex  9.969744e-03  2.500000e-02 -1.946810e-02
     vertex  9.761860e-03  2.500000e-02 -1.995602e-02
   endloop
 endfacet
 facet normal -1.164469e-15  1.000000e+00 -4.020212e-15
   outer loop
     vertex  2.204587e-02  2.500000e-02 -1.391380e-03
     vertex  1.273733e-02  2.500000e-02 -1.854415e-02
     vertex  1.222790e-02  2.500000e-02 -1.839659e-02
   endloop
 endfacet
 facet normal -2.082487e-14  1.000000e+00  6.649183e-15
   outer loop
     vertex  2.204587e-02  2.500000e-02 -1.391380e-03
     vertex  2.242837e-02  2.500000e-02 -1.758774e-03
     vertex  1.273733e-02  2.500000e-02 -1.854415e-02
   endloop
 endfacet
 facet normal -3.213486e-15  1.000000e+00 -6.105248e-15
   outer loop
     vertex  2.594822e-02  2.500000e-02 -8.858507e-05
     vertex  2.791734e-02  2.500000e-02 -1.125030e-03
     vertex  2.586314e-02  2.500000e-02 -6.120784e-04
   endloop
 endfacet
 facet normal  0.000000e+00  1.000000e+00  0.000000e+00
   outer loop
     vertex  2.590554e-02  2.500000e-02  4.400565e-04
     vertex  2.791734e-02  2.500000e-02 -1.125030e-03
     vertex  2.594822e-02  2.500000e-02 -8.858507e-05
   endloop
 endfacet
 facet normal  7.247547e-15  1.000000e+00  9.316176e-15
   outer loop
     vertex  2.573759e-02  2.500000e-02  9.431236e-04
     vertex  2.791734e-02  2.500000e-02 -1.125030e-03
     vertex  2.590554e-02  2.500000e-02  4.400565e-04
   endloop
 endfacet
 facet normal -3.785360e-15  1.000000e+00 -2.715867e-15
   outer loop
     vertex -3.666174e-03  2.500000e-02 -6.350000e-03
     vertex  3.666174e-03  2.500000e-02 -6.350000e-03
     vertex  9.761860e-03  2.500000e-02 -1.995602e-02
   endloop
 endfacet
 facet normal -3.932719e-15  1.000000e+00 -2.861298e-15
   outer loop
     vertex -3.666174e-03  2.500000e-02 -6.350000e-03
     vertex  9.761860e-03  2.500000e-02 -1.995602e-02
     vertex -9.887409e-03  2.500000e-02 -1.962498e-02
   endloop
 endfacet
 facet normal -2.374869e-16  1.000000e+00 -5.893177e-15
   outer loop
     vertex -3.666174e-03  2.500000e-02 -6.350000e-03
     vertex -1.152210e-02  2.500000e-02 -1.839659e-02
     vertex -1.205203e-02  2.500000e-02 -1.837524e-02
   endloop
 endfacet
 facet normal -1.473506e-15  1.000000e+00 -5.087134e-15
   outer loop
     vertex -3.666174e-03  2.500000e-02 -6.350000e-03
     vertex -1.101267e-02  2.500000e-02 -1.854415e-02
     vertex -1.152210e-02  2.500000e-02 -1.839659e-02
   endloop
 endfacet
 facet normal -2.559364e-15  1.000000e+00 -4.432948e-15
   outer loop
     vertex -3.666174e-03  2.500000e-02 -6.350000e-03
     vertex -1.055337e-02  2.500000e-02 -1.880933e-02
     vertex -1.101267e-02  2.500000e-02 -1.854415e-02
   endloop
 endfacet
 facet normal -1.551836e-14  1.000000e+00  2.730450e-15
   outer loop
     vertex -3.666174e-03  2.500000e-02 -6.350000e-03
     vertex -1.017087e-02  2.500000e-02 -1.917672e-02
     vertex -1.055337e-02  2.500000e-02 -1.880933e-02
   endloop
 endfacet
 facet normal -1.130259e-14  1.000000e+00  5.925472e-16
   outer loop
     vertex -3.666174e-03  2.500000e-02 -6.350000e-03
     vertex -9.887409e-03  2.500000e-02 -1.962498e-02
     vertex -1.017087e-02  2.500000e-02 -1.917672e-02
   endloop
 endfacet
 facet normal -3.706342e-15  1.000000e+00 -2.953188e-15
   outer loop
     vertex -2.524241e-02  2.500000e-02 -1.197767e-02
     vertex -1.257167e-02  2.500000e-02 -1.848132e-02
     vertex -2.164246e-02  2.500000e-02 -1.767052e-02
   endloop
 endfacet
 facet normal -3.774660e-15  1.000000e+00 -2.513217e-15
   outer loop
     vertex  7.332348e-03  2.500000e-02 -9.800232e-17
     vertex  2.204587e-02  2.500000e-02 -1.391380e-03
     vertex  1.222790e-02  2.500000e-02 -1.839659e-02
   endloop
 endfacet
 facet normal -3.501248e-15  1.000000e+00 -1.373455e-14
   outer loop
     vertex  7.332348e-03  2.500000e-02 -9.800232e-17
     vertex  2.216335e-02  2.500000e-02  1.523994e-03
     vertex  2.184474e-02  2.500000e-02  1.100000e-03
   endloop
 endfacet
 facet normal -4.540432e-15  1.000000e+00 -1.061107e-14
   outer loop
     vertex  7.332348e-03  2.500000e-02 -9.800232e-17
     vertex  2.176241e-02  2.500000e-02 -9.431236e-04
     vertex  2.204587e-02  2.500000e-02 -1.391380e-03
   endloop
 endfacet
 facet normal -3.932722e-15  1.000000e+00 -1.312935e-15
   outer loop
     vertex  7.332348e-03  2.500000e-02 -9.800232e-17
     vertex  2.159446e-02  2.500000e-02 -4.400565e-04
     vertex  2.176241e-02  2.500000e-02 -9.431236e-04
   endloop
 endfacet
 facet normal -4.104935e-15  1.000000e+00 -6.894332e-15
   outer loop
     vertex  7.332348e-03  2.500000e-02 -9.800232e-17
     vertex  2.155178e-02  2.500000e-02  8.858507e-05
     vertex  2.159446e-02  2.500000e-02 -4.400565e-04
   endloop
 endfacet
 facet normal -4.069429e-15  1.000000e+00 -1.259363e-14
   outer loop
     vertex  7.332348e-03  2.500000e-02 -9.800232e-17
     vertex  2.163686e-02  2.500000e-02  6.120784e-04
     vertex  2.155178e-02  2.500000e-02  8.858507e-05
   endloop
 endfacet
 facet normal -4.693874e-15  1.000000e+00  1.999873e-15
   outer loop
     vertex  7.332348e-03  2.500000e-02 -9.800232e-17
     vertex  2.184474e-02  2.500000e-02  1.100000e-03
     vertex  2.163686e-02  2.500000e-02  6.120784e-04
   endloop
 endfacet
 facet normal -5.336730e-15  1.000000e+00 -2.928903e-15
   outer loop
     vertex  7.332348e-03  2.500000e-02 -9.800232e-17
     vertex  1.222790e-02  2.500000e-02 -1.839659e-02
     vertex  3.666174e-03  2.500000e-02 -6.350000e-03
   endloop
 endfacet
 facet normal -4.378607e-15  1.000000e+00 -2.937315e-15
   outer loop
     vertex  2.737535e-02  2.500000e-02  5.588718e-03
     vertex  2.791734e-02  2.500000e-02 -1.125030e-03
     vertex  2.573759e-02  2.500000e-02  9.431236e-04
   endloop
 endfacet
 facet normal  5.988551e-15  1.000000e+00 -1.385716e-14
   outer loop
     vertex  2.737535e-02  2.500000e-02  5.588718e-03
     vertex  2.410290e-02  2.500000e-02  2.171511e-03
     vertex  2.357297e-02  2.500000e-02  2.192866e-03
   endloop
 endfacet
 facet normal -7.173425e-15  1.000000e+00 -1.252757e-15
   outer loop
     vertex  2.737535e-02  2.500000e-02  5.588718e-03
     vertex  2.461233e-02  2.500000e-02  2.023955e-03
     vertex  2.410290e-02  2.500000e-02  2.171511e-03
   endloop
 endfacet
 facet normal  7.719473e-15  1.000000e+00 -1.279614e-14
   outer loop
     vertex  2.737535e-02  2.500000e-02  5.588718e-03
     vertex  2.507163e-02  2.500000e-02  1.758774e-03
     vertex  2.461233e-02  2.500000e-02  2.023955e-03
   endloop
 endfacet
 facet normal -3.370839e-14  1.000000e+00  1.212279e-14
   outer loop
     vertex  2.737535e-02  2.500000e-02  5.588718e-03
     vertex  2.545413e-02  2.500000e-02  1.391380e-03
     vertex  2.507163e-02  2.500000e-02  1.758774e-03
   endloop
 endfacet
 facet normal  1.116740e-14  1.000000e+00 -8.417913e-15
   outer loop
     vertex  2.737535e-02  2.500000e-02  5.588718e-03
     vertex  2.573759e-02  2.500000e-02  9.431236e-04
     vertex  2.545413e-02  2.500000e-02  1.391380e-03
   endloop
 endfacet
 facet normal -3.470067e-15  1.000000e+00 -2.244556e-15
   outer loop
     vertex -2.357297e-02  2.500000e-02 -2.192866e-03
     vertex -2.524241e-02  2.500000e-02 -1.197767e-02
     vertex -2.737535e-02  2.500000e-02 -5.588718e-03
   endloop
 endfacet
 facet normal -1.323509e-14  1.000000e+00 -5.784990e-16
   outer loop
     vertex -2.357297e-02  2.500000e-02 -2.192866e-03
     vertex -2.305333e-02  2.500000e-02 -2.086780e-03
     vertex -2.524241e-02  2.500000e-02 -1.197767e-02
   endloop
 endfacet
 facet normal -6.230660e-15  1.000000e+00 -2.128736e-15
   outer loop
     vertex -2.257418e-02  2.500000e-02 -1.859418e-03
     vertex -2.524241e-02  2.500000e-02 -1.197767e-02
     vertex -2.305333e-02  2.500000e-02 -2.086780e-03
   endloop
 endfacet
 facet normal -6.500678e-15  1.000000e+00  1.148857e-15
   outer loop
     vertex -2.410290e-02  2.500000e-02 -2.171511e-03
     vertex -2.357297e-02  2.500000e-02 -2.192866e-03
     vertex -2.737535e-02  2.500000e-02 -5.588718e-03
   endloop
 endfacet
 facet normal -4.752279e-15  1.000000e+00 -3.836469e-15
   outer loop
     vertex -2.216335e-02  2.500000e-02 -1.523994e-03
     vertex -7.332348e-03  2.500000e-02 -9.711414e-17
     vertex -3.666174e-03  2.500000e-02 -6.350000e-03
   endloop
 endfacet
 facet normal -4.511294e-15  1.000000e+00 -2.912819e-15
   outer loop
     vertex -2.216335e-02  2.500000e-02 -1.523994e-03
     vertex -3.666174e-03  2.500000e-02 -6.350000e-03
     vertex -1.205203e-02  2.500000e-02 -1.837524e-02
   endloop
 endfacet
 facet normal -3.382645e-15  1.000000e+00 -2.322545e-15
   outer loop
     vertex -2.216335e-02  2.500000e-02 -1.523994e-03
     vertex -1.257167e-02  2.500000e-02 -1.848132e-02
     vertex -2.524241e-02  2.500000e-02 -1.197767e-02
   endloop
 endfacet
 facet normal -5.910535e-15  1.000000e+00 -3.752412e-15
   outer loop
     vertex -2.216335e-02  2.500000e-02 -1.523994e-03
     vertex -1.205203e-02  2.500000e-02 -1.837524e-02
     vertex -1.257167e-02  2.500000e-02 -1.848132e-02
   endloop
 endfacet
 facet normal  1.468696e-14  1.000000e+00 -7.644808e-15
   outer loop
     vertex -2.216335e-02  2.500000e-02 -1.523994e-03
     vertex -2.524241e-02  2.500000e-02 -1.197767e-02
     vertex -2.257418e-02  2.500000e-02 -1.859418e-03
   endloop
 endfacet
 facet normal  2.017549e-14  1.000000e+00 -2.439724e-14
   outer loop
     vertex -2.461233e-02  2.500000e-02 -2.023955e-03
     vertex -2.410290e-02  2.500000e-02 -2.171511e-03
     vertex -2.737535e-02  2.500000e-02 -5.588718e-03
   endloop
 endfacet
 facet normal -2.843554e-15  1.000000e+00 -2.241155e-14
   outer loop
     vertex -2.184474e-02  2.500000e-02 -1.100000e-03
     vertex -7.332348e-03  2.500000e-02 -9.711414e-17
     vertex -2.216335e-02  2.500000e-02 -1.523994e-03
   endloop
 endfacet
 facet normal -1.393060e-14  1.000000e+00  2.038160e-15
   outer loop
     vertex -2.507163e-02  2.500000e-02 -1.758774e-03
     vertex -2.461233e-02  2.500000e-02 -2.023955e-03
     vertex -2.737535e-02  2.500000e-02 -5.588718e-03
   endloop
 endfacet
 facet normal -4.693874e-15  1.000000e+00  1.999873e-15
   outer loop
     vertex -2.163686e-02  2.500000e-02 -6.120784e-04
     vertex -7.332348e-03  2.500000e-02 -9.711414e-17
     vertex -2.184474e-02  2.500000e-02 -1.100000e-03
   endloop
 endfacet
 facet normal  2.616291e-14  1.000000e+00 -1.135685e-14
   outer loop
     vertex  2.524241e-02  2.500000e-02  1.197767e-02
     vertex  2.257418e-02  2.500000e-02  1.859418e-03
     vertex  2.216335e-02  2.500000e-02  1.523994e-03
   endloop
 endfacet
 facet normal -2.241146e-14  1.000000e+00  1.452437e-15
   outer loop
     vertex  2.524241e-02  2.500000e-02  1.197767e-02
     vertex  2.305333e-02  2.500000e-02  2.086780e-03
     vertex  2.257418e-02  2.500000e-02  1.859418e-03
   endloop
 endfacet
 facet normal  7.499933e-16  1.000000e+00 -3.673710e-15
   outer loop
     vertex  2.524241e-02  2.500000e-02  1.197767e-02
     vertex  2.357297e-02  2.500000e-02  2.192866e-03
     vertex  2.305333e-02  2.500000e-02  2.086780e-03
   endloop
 endfacet
 facet normal -3.799350e-15  1.000000e+00 -2.897525e-15
   outer loop
     vertex  2.524241e-02  2.500000e-02  1.197767e-02
     vertex  2.737535e-02  2.500000e-02  5.588718e-03
     vertex  2.357297e-02  2.500000e-02  2.192866e-03
   endloop
 endfacet
 facet normal -4.531448e-15  1.000000e+00 -3.708972e-15
   outer loop
     vertex  3.666174e-03  2.500000e-02  6.350000e-03
     vertex  2.216335e-02  2.500000e-02  1.523994e-03
     vertex  7.332348e-03  2.500000e-02 -9.800232e-17
   endloop
 endfacet
 facet normal -9.609395e-15  1.000000e+00 -5.610509e-16
   outer loop
     vertex -2.545413e-02  2.500000e-02 -1.391380e-03
     vertex -2.507163e-02  2.500000e-02 -1.758774e-03
     vertex -2.737535e-02  2.500000e-02 -5.588718e-03
   endloop
 endfacet
 facet normal -4.640571e-15  1.000000e+00  7.541662e-16
   outer loop
     vertex -2.155178e-02  2.500000e-02 -8.858507e-05
     vertex -7.332348e-03  2.500000e-02 -9.711414e-17
     vertex -2.163686e-02  2.500000e-02 -6.120784e-04
   endloop
 endfacet
 facet normal -1.875014e-14  1.000000e+00  3.622881e-15
   outer loop
     vertex -2.573759e-02  2.500000e-02 -9.431236e-04
     vertex -2.545413e-02  2.500000e-02 -1.391380e-03
     vertex -2.737535e-02  2.500000e-02 -5.588718e-03
   endloop
 endfacet
 facet normal -4.592677e-15  1.000000e+00 -6.933707e-15
   outer loop
     vertex -2.159446e-02  2.500000e-02  4.400565e-04
     vertex -7.332348e-03  2.500000e-02 -9.711414e-17
     vertex -2.155178e-02  2.500000e-02 -8.858507e-05
   endloop
 endfacet
 facet normal -4.424312e-15  1.000000e+00 -1.477052e-15
   outer loop
     vertex -2.176241e-02  2.500000e-02  9.431236e-04
     vertex -7.332348e-03  2.500000e-02 -9.711414e-17
     vertex -2.159446e-02  2.500000e-02  4.400565e-04
   endloop
 endfacet
 facet normal -3.986679e-15  1.000000e+00  5.218852e-15
   outer loop
     vertex -2.204587e-02  2.500000e-02  1.391380e-03
     vertex -7.332348e-03  2.500000e-02 -9.711414e-17
     vertex -2.176241e-02  2.500000e-02  9.431236e-04
   endloop
 endfacet
 facet normal -4.742867e-15  1.000000e+00 -1.280153e-14
   outer loop
     vertex -2.791734e-02  2.500000e-02  1.125030e-03
     vertex -2.533665e-02  2.500000e-02  1.523994e-03
     vertex -2.565526e-02  2.500000e-02  1.100000e-03
   endloop
 endfacet
 facet normal -8.291963e-15  1.000000e+00  1.015581e-14
   outer loop
     vertex -2.791734e-02  2.500000e-02  1.125030e-03
     vertex -2.492582e-02  2.500000e-02  1.859418e-03
     vertex -2.533665e-02  2.500000e-02  1.523994e-03
   endloop
 endfacet
 facet normal -7.247547e-15  1.000000e+00 -9.316176e-15
   outer loop
     vertex -2.791734e-02  2.500000e-02  1.125030e-03
     vertex -2.590554e-02  2.500000e-02 -4.400565e-04
     vertex -2.573759e-02  2.500000e-02 -9.431236e-04
   endloop
 endfacet
 facet normal -1.089561e-14  1.000000e+00 -1.400548e-14
   outer loop
     vertex -2.791734e-02  2.500000e-02  1.125030e-03
     vertex -2.594822e-02  2.500000e-02  8.858507e-05
     vertex -2.590554e-02  2.500000e-02 -4.400565e-04
   endloop
 endfacet
 facet normal  3.180803e-15  1.000000e+00  1.273805e-14
   outer loop
     vertex -2.791734e-02  2.500000e-02  1.125030e-03
     vertex -2.586314e-02  2.500000e-02  6.120784e-04
     vertex -2.594822e-02  2.500000e-02  8.858507e-05
   endloop
 endfacet
 facet normal -4.814561e-15  1.000000e+00 -1.928070e-14
   outer loop
     vertex -2.791734e-02  2.500000e-02  1.125030e-03
     vertex -2.565526e-02  2.500000e-02  1.100000e-03
     vertex -2.586314e-02  2.500000e-02  6.120784e-04
   endloop
 endfacet
 facet normal -9.312080e-16  1.000000e+00 -2.659012e-15
   outer loop
     vertex -2.791734e-02  2.500000e-02  1.125030e-03
     vertex -2.573759e-02  2.500000e-02 -9.431236e-04
     vertex -2.737535e-02  2.500000e-02 -5.588718e-03
   endloop
 endfacet
 facet normal -5.239180e-15  1.000000e+00 -2.279648e-15
   outer loop
     vertex -2.683688e-02  2.500000e-02  7.773396e-03
     vertex -2.492582e-02  2.500000e-02  1.859418e-03
     vertex -2.791734e-02  2.500000e-02  1.125030e-03
   endloop
 endfacet
 facet normal  6.519479e-15  1.000000e+00  1.520062e-15
   outer loop
     vertex -2.683688e-02  2.500000e-02  7.773396e-03
     vertex -2.444667e-02  2.500000e-02  2.086780e-03
     vertex -2.492582e-02  2.500000e-02  1.859418e-03
   endloop
 endfacet
 facet normal -1.206849e-14  1.000000e+00 -6.292862e-15
   outer loop
     vertex -2.683688e-02  2.500000e-02  7.773396e-03
     vertex -2.392703e-02  2.500000e-02  2.192866e-03
     vertex -2.444667e-02  2.500000e-02  2.086780e-03
   endloop
 endfacet
 facet normal  0.000000e+00  1.000000e+00  0.000000e+00
   outer loop
     vertex -2.683688e-02  2.500000e-02  7.773396e-03
     vertex -2.339710e-02  2.500000e-02  2.171511e-03
     vertex -2.392703e-02  2.500000e-02  2.192866e-03
   endloop
 endfacet
 facet normal  8.283929e-15  1.000000e+00  5.086663e-15
   outer loop
     vertex -2.683688e-02  2.500000e-02  7.773396e-03
     vertex -2.288767e-02  2.500000e-02  2.023955e-03
     vertex -2.339710e-02  2.500000e-02  2.171511e-03
   endloop
 endfacet
 facet normal -4.517143e-15  1.000000e+00 -3.465907e-15
   outer loop
     vertex  1.257167e-02  2.500000e-02  1.848132e-02
     vertex  2.164246e-02  2.500000e-02  1.767052e-02
     vertex  2.524241e-02  2.500000e-02  1.197767e-02
   endloop
 endfacet
 facet normal -4.006337e-15  1.000000e+00 -2.470729e-15
   outer loop
     vertex  1.257167e-02  2.500000e-02  1.848132e-02
     vertex  2.524241e-02  2.500000e-02  1.197767e-02
     vertex  2.216335e-02  2.500000e-02  1.523994e-03
   endloop
 endfacet
 facet normal -4.288914e-15  1.000000e+00 -2.779383e-15
   outer loop
     vertex  1.205203e-02  2.500000e-02  1.837524e-02
     vertex  2.216335e-02  2.500000e-02  1.523994e-03
     vertex  3.666174e-03  2.500000e-02  6.350000e-03
   endloop
 endfacet
 facet normal  3.744512e-17  1.000000e+00 -1.834183e-16
   outer loop
     vertex  1.205203e-02  2.500000e-02  1.837524e-02
     vertex  1.257167e-02  2.500000e-02  1.848132e-02
     vertex  2.216335e-02  2.500000e-02  1.523994e-03
   endloop
 endfacet
 facet normal -3.540411e-15  1.000000e+00  7.461258e-15
   outer loop
     vertex  1.305082e-02  2.500000e-02  1.870869e-02
     vertex  2.164246e-02  2.500000e-02  1.767052e-02
     vertex  1.257167e-02  2.500000e-02  1.848132e-02
   endloop
 endfacet
 facet normal -2.261780e-16  1.000000e+00 -5.612550e-15
   outer loop
     vertex  1.152210e-02  2.500000e-02  1.839659e-02
     vertex  1.205203e-02  2.500000e-02  1.837524e-02
     vertex  3.666174e-03  2.500000e-02  6.350000e-03
   endloop
 endfacet
 facet normal -6.046772e-15  1.000000e+00 -1.328094e-14
   outer loop
     vertex  1.346165e-02  2.500000e-02  1.904411e-02
     vertex  2.164246e-02  2.500000e-02  1.767052e-02
     vertex  1.305082e-02  2.500000e-02  1.870869e-02
   endloop
 endfacet
 facet normal -1.286033e-14  1.000000e+00  2.626537e-15
   outer loop
     vertex  1.101267e-02  2.500000e-02  1.854415e-02
     vertex  1.152210e-02  2.500000e-02  1.839659e-02
     vertex  3.666174e-03  2.500000e-02  6.350000e-03
   endloop
 endfacet
 facet normal -4.609224e-15  1.000000e+00 -4.719175e-15
   outer loop
     vertex  1.378026e-02  2.500000e-02  1.946810e-02
     vertex  2.164246e-02  2.500000e-02  1.767052e-02
     vertex  1.346165e-02  2.500000e-02  1.904411e-02
   endloop
 endfacet
 facet normal -2.193740e-15  1.000000e+00 -3.799669e-15
   outer loop
     vertex  1.055337e-02  2.500000e-02  1.880933e-02
     vertex  1.101267e-02  2.500000e-02  1.854415e-02
     vertex  3.666174e-03  2.500000e-02  6.350000e-03
   endloop
 endfacet
 facet normal -3.216888e-15  1.000000e+00  1.370588e-15
   outer loop
     vertex  1.398814e-02  2.500000e-02  1.995602e-02
     vertex  2.164246e-02  2.500000e-02  1.767052e-02
     vertex  1.378026e-02  2.500000e-02  1.946810e-02
   endloop
 endfacet
 facet normal -9.069480e-15  1.000000e+00  1.060421e-18
   outer loop
     vertex  1.017087e-02  2.500000e-02  1.917672e-02
     vertex  1.055337e-02  2.500000e-02  1.880933e-02
     vertex  3.666174e-03  2.500000e-02  6.350000e-03
   endloop
 endfacet
 facet normal -4.035393e-15  1.000000e+00 -2.551828e-15
   outer loop
     vertex  9.887409e-03  2.500000e-02  1.962498e-02
     vertex  1.017087e-02  2.500000e-02  1.917672e-02
     vertex  3.666174e-03  2.500000e-02  6.350000e-03
   endloop
 endfacet
 facet normal -8.289789e-15  1.000000e+00  4.129050e-15
   outer loop
     vertex  1.678474e-02  2.500000e-02  2.233643e-02
     vertex  1.403054e-02  2.500000e-02  2.100816e-02
     vertex  1.386259e-02  2.500000e-02  2.151123e-02
   endloop
 endfacet
 facet normal  3.058255e-17  1.000000e+00 -1.312343e-14
   outer loop
     vertex  1.678474e-02  2.500000e-02  2.233643e-02
     vertex  1.407322e-02  2.500000e-02  2.047952e-02
     vertex  1.403054e-02  2.500000e-02  2.100816e-02
   endloop
 endfacet
 facet normal -1.518534e-14  1.000000e+00  9.095348e-15
   outer loop
     vertex  1.678474e-02  2.500000e-02  2.233643e-02
     vertex  1.398814e-02  2.500000e-02  1.995602e-02
     vertex  1.407322e-02  2.500000e-02  2.047952e-02
   endloop
 endfacet
 facet normal -4.617502e-15  1.000000e+00 -3.320181e-15
   outer loop
     vertex  1.678474e-02  2.500000e-02  2.233643e-02
     vertex  2.164246e-02  2.500000e-02  1.767052e-02
     vertex  1.398814e-02  2.500000e-02  1.995602e-02
   endloop
 endfacet
 facet normal -2.335305e-15  1.000000e+00 -1.695651e-14
   outer loop
     vertex  1.357913e-02  2.500000e-02  2.195948e-02
     vertex  1.678474e-02  2.500000e-02  2.233643e-02
     vertex  1.386259e-02  2.500000e-02  2.151123e-02
   endloop
 endfacet
 facet normal -5.835690e-15  1.000000e+00  1.281118e-14
   outer loop
     vertex  1.319663e-02  2.500000e-02  2.232688e-02
     vertex  1.678474e-02  2.500000e-02  2.233643e-02
     vertex  1.357913e-02  2.500000e-02  2.195948e-02
   endloop
 endfacet
 facet normal -3.985475e-15  1.000000e+00 -3.341002e-15
   outer loop
     vertex -2.419675e-02  2.500000e-02  1.397000e-02
     vertex -2.288767e-02  2.500000e-02  2.023955e-03
     vertex -2.683688e-02  2.500000e-02  7.773396e-03
   endloop
 endfacet
 facet normal -1.790028e-15  1.000000e+00 -3.100420e-15
   outer loop
     vertex -2.419675e-02  2.500000e-02  1.397000e-02
     vertex -2.242837e-02  2.500000e-02  1.758774e-03
     vertex -2.288767e-02  2.500000e-02  2.023955e-03
   endloop
 endfacet
 facet normal -6.030946e-15  1.000000e+00 -3.162599e-15
   outer loop
     vertex -1.169797e-02  2.500000e-02  1.837524e-02
     vertex -1.117833e-02  2.500000e-02  1.848132e-02
     vertex -3.666174e-03  2.500000e-02  6.350000e-03
   endloop
 endfacet
 facet normal -5.806141e-15  1.000000e+00 -3.023392e-15
   outer loop
     vertex -1.069918e-02  2.500000e-02  1.870869e-02
     vertex -3.666174e-03  2.500000e-02  6.350000e-03
     vertex -1.117833e-02  2.500000e-02  1.848132e-02
   endloop
 endfacet
 facet normal  6.763912e-15  1.000000e+00  5.383239e-15
   outer loop
     vertex -1.222790e-02  2.500000e-02  1.839659e-02
     vertex -1.169797e-02  2.500000e-02  1.837524e-02
     vertex -3.666174e-03  2.500000e-02  6.350000e-03
   endloop
 endfacet
 facet normal -5.113137e-15  1.000000e+00 -3.057994e-15
   outer loop
     vertex -1.222790e-02  2.500000e-02  1.839659e-02
     vertex -3.666174e-03  2.500000e-02  6.350000e-03
     vertex -7.332348e-03  2.500000e-02 -9.711414e-17
   endloop
 endfacet
 facet normal -4.760503e-15  1.000000e+00 -2.964154e-15
   outer loop
     vertex -1.222790e-02  2.500000e-02  1.839659e-02
     vertex -7.332348e-03  2.500000e-02 -9.711414e-17
     vertex -2.204587e-02  2.500000e-02  1.391380e-03
   endloop
 endfacet
 facet normal -5.922552e-15  1.000000e+00 -3.089638e-15
   outer loop
     vertex -1.028835e-02  2.500000e-02  1.904411e-02
     vertex -3.666174e-03  2.500000e-02  6.350000e-03
     vertex -1.069918e-02  2.500000e-02  1.870869e-02
   endloop
 endfacet
 facet normal -7.252411e-15  1.000000e+00 -1.525450e-15
   outer loop
     vertex -1.273733e-02  2.500000e-02  1.854415e-02
     vertex -1.222790e-02  2.500000e-02  1.839659e-02
     vertex -2.204587e-02  2.500000e-02  1.391380e-03
   endloop
 endfacet
 facet normal -9.410695e-15  1.000000e+00 -3.541824e-16
   outer loop
     vertex -1.273733e-02  2.500000e-02  1.854415e-02
     vertex -2.204587e-02  2.500000e-02  1.391380e-03
     vertex -2.242837e-02  2.500000e-02  1.758774e-03
   endloop
 endfacet
 facet normal -4.079746e-15  1.000000e+00 -3.432008e-15
   outer loop
     vertex -1.273733e-02  2.500000e-02  1.854415e-02
     vertex -2.242837e-02  2.500000e-02  1.758774e-03
     vertex -2.419675e-02  2.500000e-02  1.397000e-02
   endloop
 endfacet
 facet normal -1.285464e-14  1.000000e+00 -6.705926e-15
   outer loop
     vertex -9.969744e-03  2.500000e-02  1.946810e-02
     vertex -3.666174e-03  2.500000e-02  6.350000e-03
     vertex -1.028835e-02  2.500000e-02  1.904411e-02
   endloop
 endfacet
 facet normal -3.222051e-15  1.000000e+00 -5.580755e-15
   outer loop
     vertex -1.319663e-02  2.500000e-02  1.880933e-02
     vertex -1.273733e-02  2.500000e-02  1.854415e-02
     vertex -2.419675e-02  2.500000e-02  1.397000e-02
   endloop
 endfacet
 facet normal -3.785360e-15  1.000000e+00 -1.950887e-15
   outer loop
     vertex -9.761860e-03  2.500000e-02  1.995602e-02
     vertex  3.666174e-03  2.500000e-02  6.350000e-03
     vertex -3.666174e-03  2.500000e-02  6.350000e-03
   endloop
 endfacet
 facet normal  8.426814e-15  1.000000e+00  3.520335e-15
   outer loop
     vertex -9.761860e-03  2.500000e-02  1.995602e-02
     vertex -3.666174e-03  2.500000e-02  6.350000e-03
     vertex -9.969744e-03  2.500000e-02  1.946810e-02
   endloop
 endfacet
 facet normal -4.261620e-15  1.000000e+00 -1.422738e-15
   outer loop
     vertex -9.761860e-03  2.500000e-02  1.995602e-02
     vertex  9.719461e-03  2.500000e-02  2.012805e-02
     vertex  9.887409e-03  2.500000e-02  1.962498e-02
   endloop
 endfacet
 facet normal -4.278721e-15  1.000000e+00 -2.437794e-15
   outer loop
     vertex -9.761860e-03  2.500000e-02  1.995602e-02
     vertex  9.887409e-03  2.500000e-02  1.962498e-02
     vertex  3.666174e-03  2.500000e-02  6.350000e-03
   endloop
 endfacet
 facet normal -7.166847e-15  1.000000e+00 -1.565653e-15
   outer loop
     vertex  1.095155e-02  2.500000e-02  2.570423e-02
     vertex  1.069918e-02  2.500000e-02  2.242752e-02
     vertex  1.028835e-02  2.500000e-02  2.209210e-02
   endloop
 endfacet
 facet normal  8.558371e-15  1.000000e+00 -2.776810e-15
   outer loop
     vertex  1.095155e-02  2.500000e-02  2.570423e-02
     vertex  1.117833e-02  2.500000e-02  2.265488e-02
     vertex  1.069918e-02  2.500000e-02  2.242752e-02
   endloop
 endfacet
 facet normal -5.890331e-15  1.000000e+00 -3.851378e-15
   outer loop
     vertex  1.095155e-02  2.500000e-02  2.570423e-02
     vertex  1.169797e-02  2.500000e-02  2.276097e-02
     vertex  1.117833e-02  2.500000e-02  2.265488e-02
   endloop
 endfacet
 facet normal  6.518589e-15  1.000000e+00 -7.044058e-16
   outer loop
     vertex  1.095155e-02  2.500000e-02  2.570423e-02
     vertex  1.222790e-02  2.500000e-02  2.273961e-02
     vertex  1.169797e-02  2.500000e-02  2.276097e-02
   endloop
 endfacet
 facet normal -8.942690e-15  1.000000e+00 -7.360968e-15
   outer loop
     vertex  1.095155e-02  2.500000e-02  2.570423e-02
     vertex  1.273733e-02  2.500000e-02  2.259206e-02
     vertex  1.222790e-02  2.500000e-02  2.273961e-02
   endloop
 endfacet
 facet normal -1.322081e-14  1.000000e+00 -9.815775e-15
   outer loop
     vertex  1.095155e-02  2.500000e-02  2.570423e-02
     vertex  1.319663e-02  2.500000e-02  2.232688e-02
     vertex  1.273733e-02  2.500000e-02  2.259206e-02
   endloop
 endfacet
 facet normal -5.788599e-15  1.000000e+00 -4.875230e-15
   outer loop
     vertex  1.095155e-02  2.500000e-02  2.570423e-02
     vertex  1.678474e-02  2.500000e-02  2.233643e-02
     vertex  1.319663e-02  2.500000e-02  2.232688e-02
   endloop
 endfacet
 facet normal -5.093392e-15  1.000000e+00 -1.327073e-15
   outer loop
     vertex -2.015040e-02  2.500000e-02  1.935472e-02
     vertex -1.319663e-02  2.500000e-02  1.880933e-02
     vertex -2.419675e-02  2.500000e-02  1.397000e-02
   endloop
 endfacet
 facet normal -4.626427e-15  1.000000e+00  4.626768e-15
   outer loop
     vertex -2.015040e-02  2.500000e-02  1.935472e-02
     vertex -1.357913e-02  2.500000e-02  1.917672e-02
     vertex -1.319663e-02  2.500000e-02  1.880933e-02
   endloop
 endfacet
 facet normal -5.047864e-15  1.000000e+00 -1.093195e-14
   outer loop
     vertex -2.015040e-02  2.500000e-02  1.935472e-02
     vertex -1.386259e-02  2.500000e-02  1.962498e-02
     vertex -1.357913e-02  2.500000e-02  1.917672e-02
   endloop
 endfacet
 facet normal -5.439683e-15  1.000000e+00 -1.816033e-15
   outer loop
     vertex -2.015040e-02  2.500000e-02  1.935472e-02
     vertex -1.403054e-02  2.500000e-02  2.012805e-02
     vertex -1.386259e-02  2.500000e-02  1.962498e-02
   endloop
 endfacet
 facet normal -5.611916e-15  1.000000e+00 -4.530407e-16
   outer loop
     vertex -2.015040e-02  2.500000e-02  1.935472e-02
     vertex -1.407322e-02  2.500000e-02  2.065669e-02
     vertex -1.403054e-02  2.500000e-02  2.012805e-02
   endloop
 endfacet
 facet normal -4.865976e-15  1.000000e+00 -1.988097e-15
   outer loop
     vertex  4.481891e-03  2.500000e-02  2.757818e-02
     vertex  1.095155e-02  2.500000e-02  2.570423e-02
     vertex  1.028835e-02  2.500000e-02  2.209210e-02
   endloop
 endfacet
 facet normal -6.268380e-15  1.000000e+00 -3.472400e-15
   outer loop
     vertex  4.481891e-03  2.500000e-02  2.757818e-02
     vertex  1.028835e-02  2.500000e-02  2.209210e-02
     vertex  9.969744e-03  2.500000e-02  2.166810e-02
   endloop
 endfacet
 facet normal -1.129483e-14  1.000000e+00 -7.474760e-15
   outer loop
     vertex  4.481891e-03  2.500000e-02  2.757818e-02
     vertex  9.676784e-03  2.500000e-02  2.065669e-02
     vertex  9.719461e-03  2.500000e-02  2.012805e-02
   endloop
 endfacet
 facet normal -1.097970e-15  1.000000e+00  1.784376e-16
   outer loop
     vertex  4.481891e-03  2.500000e-02  2.757818e-02
     vertex  9.761860e-03  2.500000e-02  2.118018e-02
     vertex  9.676784e-03  2.500000e-02  2.065669e-02
   endloop
 endfacet
 facet normal -1.223185e-14  1.000000e+00 -9.009826e-15
   outer loop
     vertex  4.481891e-03  2.500000e-02  2.757818e-02
     vertex  9.969744e-03  2.500000e-02  2.166810e-02
     vertex  9.761860e-03  2.500000e-02  2.118018e-02
   endloop
 endfacet
 facet normal -4.664636e-15  1.000000e+00 -4.874639e-15
   outer loop
     vertex -1.493298e-02  2.500000e-02  2.361461e-02
     vertex -1.407322e-02  2.500000e-02  2.065669e-02
     vertex -2.015040e-02  2.500000e-02  1.935472e-02
   endloop
 endfacet
 facet normal -4.763433e-15  1.000000e+00 -4.603294e-15
   outer loop
     vertex -1.493298e-02  2.500000e-02  2.361461e-02
     vertex -1.346165e-02  2.500000e-02  2.209210e-02
     vertex -1.378026e-02  2.500000e-02  2.166810e-02
   endloop
 endfacet
 facet normal -4.720536e-15  1.000000e+00 -4.561840e-15
   outer loop
     vertex -1.493298e-02  2.500000e-02  2.361461e-02
     vertex -1.305082e-02  2.500000e-02  2.242752e-02
     vertex -1.346165e-02  2.500000e-02  2.209210e-02
   endloop
 endfacet
 facet normal  1.160476e-14  1.000000e+00  2.132220e-14
   outer loop
     vertex -1.493298e-02  2.500000e-02  2.361461e-02
     vertex -1.257167e-02  2.500000e-02  2.265488e-02
     vertex -1.305082e-02  2.500000e-02  2.242752e-02
   endloop
 endfacet
 facet normal -1.235030e-14  1.000000e+00 -3.761663e-14
   outer loop
     vertex -1.493298e-02  2.500000e-02  2.361461e-02
     vertex -1.205203e-02  2.500000e-02  2.276097e-02
     vertex -1.257167e-02  2.500000e-02  2.265488e-02
   endloop
 endfacet
 facet normal -6.859737e-15  1.000000e+00 -5.512674e-15
   outer loop
     vertex -1.493298e-02  2.500000e-02  2.361461e-02
     vertex -1.398814e-02  2.500000e-02  2.118018e-02
     vertex -1.407322e-02  2.500000e-02  2.065669e-02
   endloop
 endfacet
 facet normal -5.232726e-15  1.000000e+00 -4.881209e-15
   outer loop
     vertex -1.493298e-02  2.500000e-02  2.361461e-02
     vertex -1.378026e-02  2.500000e-02  2.166810e-02
     vertex -1.398814e-02  2.500000e-02  2.118018e-02
   endloop
 endfacet
 facet normal -5.334784e-15  1.000000e+00 -1.781013e-15
   outer loop
     vertex -2.248236e-03  2.500000e-02  2.784940e-02
     vertex -9.719461e-03  2.500000e-02  2.100816e-02
     vertex -9.887409e-03  2.500000e-02  2.151123e-02
   endloop
 endfacet
 facet normal  1.030153e-14  1.000000e+00 -1.885722e-14
   outer loop
     vertex -2.248236e-03  2.500000e-02  2.784940e-02
     vertex -9.676784e-03  2.500000e-02  2.047952e-02
     vertex -9.719461e-03  2.500000e-02  2.100816e-02
   endloop
 endfacet
 facet normal -1.786181e-14  1.000000e+00  9.530317e-15
   outer loop
     vertex -2.248236e-03  2.500000e-02  2.784940e-02
     vertex -9.761860e-03  2.500000e-02  1.995602e-02
     vertex -9.676784e-03  2.500000e-02  2.047952e-02
   endloop
 endfacet
 facet normal -4.243874e-15  1.000000e+00 -3.432464e-15
   outer loop
     vertex -2.248236e-03  2.500000e-02  2.784940e-02
     vertex  9.719461e-03  2.500000e-02  2.012805e-02
     vertex -9.761860e-03  2.500000e-02  1.995602e-02
   endloop
 endfacet
 facet normal -3.163929e-15  1.000000e+00 -1.758605e-15
   outer loop
     vertex -2.248236e-03  2.500000e-02  2.784940e-02
     vertex  4.481891e-03  2.500000e-02  2.757818e-02
     vertex  9.719461e-03  2.500000e-02  2.012805e-02
   endloop
 endfacet
 facet normal -2.713830e-15  1.000000e+00 -5.094595e-15
   outer loop
     vertex -8.847704e-03  2.500000e-02  2.650211e-02
     vertex -1.205203e-02  2.500000e-02  2.276097e-02
     vertex -1.493298e-02  2.500000e-02  2.361461e-02
   endloop
 endfacet
 facet normal -4.052281e-15  1.000000e+00 -3.326768e-15
   outer loop
     vertex -8.847704e-03  2.500000e-02  2.650211e-02
     vertex -2.248236e-03  2.500000e-02  2.784940e-02
     vertex -9.887409e-03  2.500000e-02  2.151123e-02
   endloop
 endfacet
 facet normal -6.617539e-15  1.000000e+00 -1.751029e-15
   outer loop
     vertex -8.847704e-03  2.500000e-02  2.650211e-02
     vertex -1.152210e-02  2.500000e-02  2.273961e-02
     vertex -1.205203e-02  2.500000e-02  2.276097e-02
   endloop
 endfacet
 facet normal  4.097322e-15  1.000000e+00 -9.367183e-15
   outer loop
     vertex -8.847704e-03  2.500000e-02  2.650211e-02
     vertex -1.101267e-02  2.500000e-02  2.259206e-02
     vertex -1.152210e-02  2.500000e-02  2.273961e-02
   endloop
 endfacet
 facet normal -1.455333e-14  1.000000e+00  9.595620e-16
   outer loop
     vertex -8.847704e-03  2.500000e-02  2.650211e-02
     vertex -1.055337e-02  2.500000e-02  2.232688e-02
     vertex -1.101267e-02  2.500000e-02  2.259206e-02
   endloop
 endfacet
 facet normal  9.589360e-15  1.000000e+00 -8.903197e-15
   outer loop
     vertex -8.847704e-03  2.500000e-02  2.650211e-02
     vertex -1.017087e-02  2.500000e-02  2.195948e-02
     vertex -1.055337e-02  2.500000e-02  2.232688e-02
   endloop
 endfacet
 facet normal -2.337469e-14  1.000000e+00  6.984945e-16
   outer loop
     vertex -8.847704e-03  2.500000e-02  2.650211e-02
     vertex -9.887409e-03  2.500000e-02  2.151123e-02
     vertex -1.017087e-02  2.500000e-02  2.195948e-02
   endloop
 endfacet
 facet normal  4.306315e-15 -1.000000e+00  3.093352e-15
   outer loop
     vertex  8.847704e-03 -2.400000e-02 -2.650211e-02
     vertex  5.198636e-03 -2.400000e-02 -4.946171e-02
     vertex  3.327865e-02 -2.400000e-02 -3.695969e-02
   endloop
 endfacet
 facet normal  4.093012e-15 -1.000000e+00  3.127253e-15
   outer loop
     vertex  2.248236e-03 -2.400000e-02 -2.784940e-02
     vertex  5.198636e-03 -2.400000e-02 -4.946171e-02
     vertex  8.847704e-03 -2.400000e-02 -2.650211e-02
   endloop
 endfacet
 facet normal  4.542210e-15 -1.000000e+00  3.644449e-15
   outer loop
     vertex  1.493298e-02 -2.400000e-02 -2.361461e-02
     vertex  8.847704e-03 -2.400000e-02 -2.650211e-02
     vertex  3.327865e-02 -2.400000e-02 -3.695969e-02
   endloop
 endfacet
 facet normal  4.320496e-15 -1.000000e+00  3.496655e-15
   outer loop
     vertex -4.481891e-03 -2.400000e-02 -2.757818e-02
     vertex -2.486708e-02 -2.400000e-02 -4.307105e-02
     vertex  5.198636e-03 -2.400000e-02 -4.946171e-02
   endloop
 endfacet
 facet normal  3.214249e-15 -1.000000e+00  3.007289e-15
   outer loop
     vertex -4.481891e-03 -2.400000e-02 -2.757818e-02
     vertex  5.198636e-03 -2.400000e-02 -4.946171e-02
     vertex  2.248236e-03 -2.400000e-02 -2.784940e-02
   endloop
 endfacet
 facet normal  4.446517e-15 -1.000000e+00  3.512898e-15
   outer loop
     vertex  2.015040e-02 -2.400000e-02 -1.935472e-02
     vertex  1.493298e-02 -2.400000e-02 -2.361461e-02
     vertex  3.327865e-02 -2.400000e-02 -3.695969e-02
   endloop
 endfacet
 facet normal  5.031831e-15 -1.000000e+00  2.560695e-15
   outer loop
     vertex -1.095155e-02 -2.400000e-02 -2.570423e-02
     vertex -2.486708e-02 -2.400000e-02 -4.307105e-02
     vertex -4.481891e-03 -2.400000e-02 -2.757818e-02
   endloop
 endfacet
 facet normal  4.387921e-15 -1.000000e+00  2.940720e-15
   outer loop
     vertex  2.419675e-02 -2.400000e-02 -1.397000e-02
     vertex  3.327865e-02 -2.400000e-02 -3.695969e-02
     vertex  4.864735e-02 -2.400000e-02 -1.034031e-02
   endloop
 endfacet
 facet normal  2.880861e-15 -1.000000e+00  2.345368e-15
   outer loop
     vertex  2.419675e-02 -2.400000e-02 -1.397000e-02
     vertex  2.015040e-02 -2.400000e-02 -1.935472e-02
     vertex  3.327865e-02 -2.400000e-02 -3.695969e-02
   endloop
 endfacet
 facet normal  4.635602e-15 -1.000000e+00  2.878181e-15
   outer loop
     vertex -1.678474e-02 -2.400000e-02 -2.233643e-02
     vertex -2.486708e-02 -2.400000e-02 -4.307105e-02
     vertex -1.095155e-02 -2.400000e-02 -2.570423e-02
   endloop
 endfacet
 facet normal  4.174203e-15 -1.000000e+00  4.380382e-15
   outer loop
     vertex  2.683688e-02 -2.400000e-02 -7.773396e-03
     vertex  2.419675e-02 -2.400000e-02 -1.397000e-02
     vertex  4.864735e-02 -2.400000e-02 -1.034031e-02
   endloop
 endfacet
 facet normal  4.313539e-15 -1.000000e+00  3.003721e-15
   outer loop
     vertex -2.164246e-02 -2.400000e-02 -1.767052e-02
     vertex -2.486708e-02 -2.400000e-02 -4.307105e-02
     vertex -1.678474e-02 -2.400000e-02 -2.233643e-02
   endloop
 endfacet
 facet normal  3.831062e-15 -1.000000e+00  1.464790e-15
   outer loop
     vertex  2.791734e-02 -2.400000e-02 -1.125030e-03
     vertex  2.683688e-02 -2.400000e-02 -7.773396e-03
     vertex  4.864735e-02 -2.400000e-02 -1.034031e-02
   endloop
 endfacet
 facet normal  4.491666e-15 -1.000000e+00  2.981108e-15
   outer loop
     vertex -4.543442e-02 -2.400000e-02 -2.022871e-02
     vertex -2.486708e-02 -2.400000e-02 -4.307105e-02
     vertex -2.164246e-02 -2.400000e-02 -1.767052e-02
   endloop
 endfacet
 facet normal  4.444480e-15 -1.000000e+00  3.419958e-15
   outer loop
     vertex -2.524241e-02 -2.400000e-02 -1.197767e-02
     vertex -4.543442e-02 -2.400000e-02 -2.022871e-02
     vertex -2.164246e-02 -2.400000e-02 -1.767052e-02
   endloop
 endfacet
 facet normal  4.489640e-15 -1.000000e+00  2.946279e-15
   outer loop
     vertex  2.737535e-02 -2.400000e-02  5.588718e-03
     vertex  2.791734e-02 -2.400000e-02 -1.125030e-03
     vertex  4.864735e-02 -2.400000e-02 -1.034031e-02
   endloop
 endfacet
 facet normal  4.750153e-15 -1.000000e+00  2.671911e-15
   outer loop
     vertex -2.737535e-02 -2.400000e-02 -5.588718e-03
     vertex -4.543442e-02 -2.400000e-02 -2.022871e-02
     vertex -2.524241e-02 -2.400000e-02 -1.197767e-02
   endloop
 endfacet
 facet normal  4.057234e-15 -1.000000e+00  3.526658e-15
   outer loop
     vertex  4.543442e-02 -2.400000e-02  2.022871e-02
     vertex  2.524241e-02 -2.400000e-02  1.197767e-02
     vertex  2.737535e-02 -2.400000e-02  5.588718e-03
   endloop
 endfacet
 facet normal  4.507930e-15 -1.000000e+00  2.970704e-15
   outer loop
     vertex  4.543442e-02 -2.400000e-02  2.022871e-02
     vertex  2.737535e-02 -2.400000e-02  5.588718e-03
     vertex  4.864735e-02 -2.400000e-02 -1.034031e-02
   endloop
 endfacet
 facet normal  4.369296e-15 -1.000000e+00  2.762976e-15
   outer loop
     vertex  2.164246e-02 -2.400000e-02  1.767052e-02
     vertex  2.524241e-02 -2.400000e-02  1.197767e-02
     vertex  4.543442e-02 -2.400000e-02  2.022871e-02
   endloop
 endfacet
 facet normal  4.727914e-15 -1.000000e+00  3.482282e-15
   outer loop
     vertex -4.864735e-02 -2.400000e-02  1.034031e-02
     vertex -2.737535e-02 -2.400000e-02 -5.588718e-03
     vertex -2.791734e-02 -2.400000e-02  1.125030e-03
   endloop
 endfacet
 facet normal  3.831062e-15 -1.000000e+00  1.464790e-15
   outer loop
     vertex -4.864735e-02 -2.400000e-02  1.034031e-02
     vertex -2.791734e-02 -2.400000e-02  1.125030e-03
     vertex -2.683688e-02 -2.400000e-02  7.773396e-03
   endloop
 endfacet
 facet normal  4.111455e-15 -1.000000e+00  3.847222e-15
   outer loop
     vertex -4.864735e-02 -2.400000e-02  1.034031e-02
     vertex -2.683688e-02 -2.400000e-02  7.773396e-03
     vertex -2.419675e-02 -2.400000e-02  1.397000e-02
   endloop
 endfacet
 facet normal  4.423146e-15 -1.000000e+00  3.075288e-15
   outer loop
     vertex -4.864735e-02 -2.400000e-02  1.034031e-02
     vertex -4.543442e-02 -2.400000e-02 -2.022871e-02
     vertex -2.737535e-02 -2.400000e-02 -5.588718e-03
   endloop
 endfacet
 facet normal  4.502653e-15 -1.000000e+00  2.585161e-15
   outer loop
     vertex  2.486708e-02 -2.400000e-02  4.307105e-02
     vertex  4.481891e-03 -2.400000e-02  2.757818e-02
     vertex  1.095155e-02 -2.400000e-02  2.570423e-02
   endloop
 endfacet
 facet normal  4.071232e-15 -1.000000e+00  2.930846e-15
   outer loop
     vertex  2.486708e-02 -2.400000e-02  4.307105e-02
     vertex  1.095155e-02 -2.400000e-02  2.570423e-02
     vertex  1.678474e-02 -2.400000e-02  2.233643e-02
   endloop
 endfacet
 facet normal  3.676950e-15 -1.000000e+00  3.084537e-15
   outer loop
     vertex  2.486708e-02 -2.400000e-02  4.307105e-02
     vertex  1.678474e-02 -2.400000e-02  2.233643e-02
     vertex  2.164246e-02 -2.400000e-02  1.767052e-02
   endloop
 endfacet
 facet normal  4.343824e-15 -1.000000e+00  2.999877e-15
   outer loop
     vertex  2.486708e-02 -2.400000e-02  4.307105e-02
     vertex  2.164246e-02 -2.400000e-02  1.767052e-02
     vertex  4.543442e-02 -2.400000e-02  2.022871e-02
   endloop
 endfacet
 facet normal  4.566820e-15 -1.000000e+00  3.011393e-15
   outer loop
     vertex -3.327865e-02 -2.400000e-02  3.695969e-02
     vertex -2.419675e-02 -2.400000e-02  1.397000e-02
     vertex -2.015040e-02 -2.400000e-02  1.935472e-02
   endloop
 endfacet
 facet normal  4.333231e-15 -1.000000e+00  2.837203e-15
   outer loop
     vertex -3.327865e-02 -2.400000e-02  3.695969e-02
     vertex -2.015040e-02 -2.400000e-02  1.935472e-02
     vertex -1.493298e-02 -2.400000e-02  2.361461e-02
   endloop
 endfacet
 facet normal  4.691530e-15 -1.000000e+00  3.329763e-15
   outer loop
     vertex -3.327865e-02 -2.400000e-02  3.695969e-02
     vertex -1.493298e-02 -2.400000e-02  2.361461e-02
     vertex -8.847704e-03 -2.400000e-02  2.650211e-02
   endloop
 endfacet
 facet normal  4.253885e-15 -1.000000e+00  2.887770e-15
   outer loop
     vertex -3.327865e-02 -2.400000e-02  3.695969e-02
     vertex -4.864735e-02 -2.400000e-02  1.034031e-02
     vertex -2.419675e-02 -2.400000e-02  1.397000e-02
   endloop
 endfacet
 facet normal  3.645319e-15 -1.000000e+00  2.745074e-15
   outer loop
     vertex -5.198636e-03 -2.400000e-02  4.946171e-02
     vertex -8.847704e-03 -2.400000e-02  2.650211e-02
     vertex -2.248236e-03 -2.400000e-02  2.784940e-02
   endloop
 endfacet
 facet normal  4.756324e-15 -1.000000e+00  2.896743e-15
   outer loop
     vertex -5.198636e-03 -2.400000e-02  4.946171e-02
     vertex -2.248236e-03 -2.400000e-02  2.784940e-02
     vertex  4.481891e-03 -2.400000e-02  2.757818e-02
   endloop
 endfacet
 facet normal  4.389257e-15 -1.000000e+00  2.734365e-15
   outer loop
     vertex -5.198636e-03 -2.400000e-02  4.946171e-02
     vertex  4.481891e-03 -2.400000e-02  2.757818e-02
     vertex  2.486708e-02 -2.400000e-02  4.307105e-02
   endloop
 endfacet
 facet normal  4.390557e-15 -1.000000e+00  2.626630e-15
   outer loop
     vertex -5.198636e-03 -2.400000e-02  4.946171e-02
     vertex -3.327865e-02 -2.400000e-02  3.695969e-02
     vertex -8.847704e-03 -2.400000e-02  2.650211e-02
   endloop
 endfacet
 facet normal -4.028546e-15  1.000000e+00 -3.439721e-15
   outer loop
     vertex  8.847704e-03  2.400000e-02 -2.650211e-02
     vertex  3.327865e-02  2.400000e-02 -3.695969e-02
     vertex  5.198636e-03  2.400000e-02 -4.946171e-02
   endloop
 endfacet
 facet normal -4.029244e-15  1.000000e+00 -3.439610e-15
   outer loop
     vertex  2.248236e-03  2.400000e-02 -2.784940e-02
     vertex  8.847704e-03  2.400000e-02 -2.650211e-02
     vertex  5.198636e-03  2.400000e-02 -4.946171e-02
   endloop
 endfacet
 facet normal -3.507044e-15  1.000000e+00 -2.221391e-15
   outer loop
     vertex  1.493298e-02  2.400000e-02 -2.361461e-02
     vertex  3.327865e-02  2.400000e-02 -3.695969e-02
     vertex  8.847704e-03  2.400000e-02 -2.650211e-02
   endloop
 endfacet
 facet normal -4.410671e-15  1.000000e+00 -3.378004e-15
   outer loop
     vertex -4.481891e-03  2.400000e-02 -2.757818e-02
     vertex  5.198636e-03  2.400000e-02 -4.946171e-02
     vertex -2.486708e-02  2.400000e-02 -4.307105e-02
   endloop
 endfacet
 facet normal -4.782343e-15  1.000000e+00 -3.542419e-15
   outer loop
     vertex -4.481891e-03  2.400000e-02 -2.757818e-02
     vertex  2.248236e-03  2.400000e-02 -2.784940e-02
     vertex  5.198636e-03  2.400000e-02 -4.946171e-02
   endloop
 endfacet
 facet normal -4.759826e-15  1.000000e+00 -3.943608e-15
   outer loop
     vertex  2.015040e-02  2.400000e-02 -1.935472e-02
     vertex  3.327865e-02  2.400000e-02 -3.695969e-02
     vertex  1.493298e-02  2.400000e-02 -2.361461e-02
   endloop
 endfacet
 facet normal -4.255266e-15  1.000000e+00 -3.582483e-15
   outer loop
     vertex -1.095155e-02  2.400000e-02 -2.570423e-02
     vertex -4.481891e-03  2.400000e-02 -2.757818e-02
     vertex -2.486708e-02  2.400000e-02 -4.307105e-02
   endloop
 endfacet
 facet normal -3.767130e-15  1.000000e+00 -3.299134e-15
   outer loop
     vertex  2.419675e-02  2.400000e-02 -1.397000e-02
     vertex  4.864735e-02  2.400000e-02 -1.034031e-02
     vertex  3.327865e-02  2.400000e-02 -3.695969e-02
   endloop
 endfacet
 facet normal -4.040299e-15  1.000000e+00 -3.407048e-15
   outer loop
     vertex  2.419675e-02  2.400000e-02 -1.397000e-02
     vertex  3.327865e-02  2.400000e-02 -3.695969e-02
     vertex  2.015040e-02  2.400000e-02 -1.935472e-02
   endloop
 endfacet
 facet normal -4.386667e-15  1.000000e+00 -3.477195e-15
   outer loop
     vertex -1.678474e-02  2.400000e-02 -2.233643e-02
     vertex -1.095155e-02  2.400000e-02 -2.570423e-02
     vertex -2.486708e-02  2.400000e-02 -4.307105e-02
   endloop
 endfacet
 facet normal -3.834480e-15  1.000000e+00 -2.845440e-15
   outer loop
     vertex  2.683688e-02  2.400000e-02 -7.773396e-03
     vertex  4.864735e-02  2.400000e-02 -1.034031e-02
     vertex  2.419675e-02  2.400000e-02 -1.397000e-02
   endloop
 endfacet
 facet normal -4.664350e-15  1.000000e+00 -3.368954e-15
   outer loop
     vertex -2.164246e-02  2.400000e-02 -1.767052e-02
     vertex -1.678474e-02  2.400000e-02 -2.233643e-02
     vertex -2.486708e-02  2.400000e-02 -4.307105e-02
   endloop
 endfacet
 facet normal -3.735239e-15  1.000000e+00 -2.002213e-15
   outer loop
     vertex  2.791734e-02  2.400000e-02 -1.125030e-03
     vertex  4.864735e-02  2.400000e-02 -1.034031e-02
     vertex  2.683688e-02  2.400000e-02 -7.773396e-03
   endloop
 endfacet
 facet normal -4.890524e-15  1.000000e+00 -3.340241e-15
   outer loop
     vertex -4.543442e-02  2.400000e-02 -2.022871e-02
     vertex -2.164246e-02  2.400000e-02 -1.767052e-02
     vertex -2.486708e-02  2.400000e-02 -4.307105e-02
   endloop
 endfacet
 facet normal -4.915458e-15  1.000000e+00 -3.108347e-15
   outer loop
     vertex -2.524241e-02  2.400000e-02 -1.197767e-02
     vertex -2.164246e-02  2.400000e-02 -1.767052e-02
     vertex -4.543442e-02  2.400000e-02 -2.022871e-02
   endloop
 endfacet
 facet normal -4.142453e-15  1.000000e+00 -2.918251e-15
   outer loop
     vertex  2.737535e-02  2.400000e-02  5.588718e-03
     vertex  4.864735e-02  2.400000e-02 -1.034031e-02
     vertex  2.791734e-02  2.400000e-02 -1.125030e-03
   endloop
 endfacet
 facet normal -4.662020e-15  1.000000e+00 -3.728565e-15
   outer loop
     vertex -2.737535e-02  2.400000e-02 -5.588718e-03
     vertex -2.524241e-02  2.400000e-02 -1.197767e-02
     vertex -4.543442e-02  2.400000e-02 -2.022871e-02
   endloop
 endfacet
 facet normal -3.213118e-15  1.000000e+00 -4.330927e-15
   outer loop
     vertex  4.543442e-02  2.400000e-02  2.022871e-02
     vertex  2.737535e-02  2.400000e-02  5.588718e-03
     vertex  2.524241e-02  2.400000e-02  1.197767e-02
   endloop
 endfacet
 facet normal -4.246114e-15  1.000000e+00 -3.056682e-15
   outer loop
     vertex  4.543442e-02  2.400000e-02  2.022871e-02
     vertex  4.864735e-02  2.400000e-02 -1.034031e-02
     vertex  2.737535e-02  2.400000e-02  5.588718e-03
   endloop
 endfacet
 facet normal -4.157572e-15  1.000000e+00 -2.019650e-15
   outer loop
     vertex  2.164246e-02  2.400000e-02  1.767052e-02
     vertex  4.543442e-02  2.400000e-02  2.022871e-02
     vertex  2.524241e-02  2.400000e-02  1.197767e-02
   endloop
 endfacet
 facet normal -4.174203e-15  1.000000e+00 -4.380382e-15
   outer loop
     vertex -4.864735e-02  2.400000e-02  1.034031e-02
     vertex -2.419675e-02  2.400000e-02  1.397000e-02
     vertex -2.683688e-02  2.400000e-02  7.773396e-03
   endloop
 endfacet
 facet normal -3.951591e-15  1.000000e+00 -2.488902e-15
   outer loop
     vertex -4.864735e-02  2.400000e-02  1.034031e-02
     vertex -2.683688e-02  2.400000e-02  7.773396e-03
     vertex -2.791734e-02  2.400000e-02  1.125030e-03
   endloop
 endfacet
 facet normal -3.665906e-15  1.000000e+00 -1.846245e-15
   outer loop
     vertex -4.864735e-02  2.400000e-02  1.034031e-02
     vertex -2.791734e-02  2.400000e-02  1.125030e-03
     vertex -2.737535e-02  2.400000e-02 -5.588718e-03
   endloop
 endfacet
 facet normal -4.876925e-15  1.000000e+00 -3.463469e-15
   outer loop
     vertex -4.864735e-02  2.400000e-02  1.034031e-02
     vertex -2.737535e-02  2.400000e-02 -5.588718e-03
     vertex -4.543442e-02  2.400000e-02 -2.022871e-02
   endloop
 endfacet
 facet normal -3.845791e-15  1.000000e+00 -2.516744e-15
   outer loop
     vertex  2.486708e-02  2.400000e-02  4.307105e-02
     vertex  2.164246e-02  2.400000e-02  1.767052e-02
     vertex  1.678474e-02  2.400000e-02  2.233643e-02
   endloop
 endfacet
 facet normal -4.320168e-15  1.000000e+00 -2.331832e-15
   outer loop
     vertex  2.486708e-02  2.400000e-02  4.307105e-02
     vertex  1.678474e-02  2.400000e-02  2.233643e-02
     vertex  1.095155e-02  2.400000e-02  2.570423e-02
   endloop
 endfacet
 facet normal -3.973475e-15  1.000000e+00 -2.609627e-15
   outer loop
     vertex  2.486708e-02  2.400000e-02  4.307105e-02
     vertex  1.095155e-02  2.400000e-02  2.570423e-02
     vertex  4.481891e-03  2.400000e-02  2.757818e-02
   endloop
 endfacet
 facet normal -4.107698e-15  1.000000e+00 -2.483495e-15
   outer loop
     vertex  2.486708e-02  2.400000e-02  4.307105e-02
     vertex  4.543442e-02  2.400000e-02  2.022871e-02
     vertex  2.164246e-02  2.400000e-02  1.767052e-02
   endloop
 endfacet
 facet normal -3.535290e-15  1.000000e+00 -9.603228e-16
   outer loop
     vertex -3.327865e-02  2.400000e-02  3.695969e-02
     vertex -8.847704e-03  2.400000e-02  2.650211e-02
     vertex -1.493298e-02  2.400000e-02  2.361461e-02
   endloop
 endfacet
 facet normal -5.573193e-15  1.000000e+00 -3.761859e-15
   outer loop
     vertex -3.327865e-02  2.400000e-02  3.695969e-02
     vertex -1.493298e-02  2.400000e-02  2.361461e-02
     vertex -2.015040e-02  2.400000e-02  1.935472e-02
   endloop
 endfacet
 facet normal -3.706108e-15  1.000000e+00 -2.369549e-15
   outer loop
     vertex -3.327865e-02  2.400000e-02  3.695969e-02
     vertex -2.015040e-02  2.400000e-02  1.935472e-02
     vertex -2.419675e-02  2.400000e-02  1.397000e-02
   endloop
 endfacet
 facet normal -4.430245e-15  1.000000e+00 -2.655614e-15
   outer loop
     vertex -3.327865e-02  2.400000e-02  3.695969e-02
     vertex -2.419675e-02  2.400000e-02  1.397000e-02
     vertex -4.864735e-02  2.400000e-02  1.034031e-02
   endloop
 endfacet
 facet normal -4.007141e-15  1.000000e+00 -2.565330e-15
   outer loop
     vertex -5.198636e-03  2.400000e-02  4.946171e-02
     vertex  2.486708e-02  2.400000e-02  4.307105e-02
     vertex  4.481891e-03  2.400000e-02  2.757818e-02
   endloop
 endfacet
 facet normal -4.756324e-15  1.000000e+00 -2.896743e-15
   outer loop
     vertex -5.198636e-03  2.400000e-02  4.946171e-02
     vertex  4.481891e-03  2.400000e-02  2.757818e-02
     vertex -2.248236e-03  2.400000e-02  2.784940e-02
   endloop
 endfacet
 facet normal -4.156780e-15  1.000000e+00 -2.814896e-15
   outer loop
     vertex -5.198636e-03  2.400000e-02  4.946171e-02
     vertex -2.248236e-03  2.400000e-02  2.784940e-02
     vertex -8.847704e-03  2.400000e-02  2.650211e-02
   endloop
 endfacet
 facet normal -4.318155e-15  1.000000e+00 -2.789248e-15
   outer loop
     vertex -5.198636e-03  2.400000e-02  4.946171e-02
     vertex -8.847704e-03  2.400000e-02  2.650211e-02
     vertex -3.327865e-02  2.400000e-02  3.695969e-02
   endloop
 endfacet
 facet normal  7.431448e-01  5.982493e-15  6.691306e-01
   outer loop
     vertex -4.543442e-02 -2.400000e-02 -2.022871e-02
     vertex -4.543442e-02 -2.900000e-02 -2.022871e-02
     vertex -2.486708e-02 -2.900000e-02 -4.307105e-02
   endloop
 endfacet
 facet normal  7.431448e-01  5.643689e-15  6.691306e-01
   outer loop
     vertex -4.543442e-02 -2.400000e-02 -2.022871e-02
     vertex -2.486708e-02 -2.900000e-02 -4.307105e-02
     vertex -2.486708e-02 -2.400000e-02 -4.307105e-02
   endloop
 endfacet
 facet normal  2.079117e-01  3.724779e-15  9.781476e-01
   outer loop
     vertex -2.486708e-02 -2.400000e-02 -4.307105e-02
     vertex -2.486708e-02 -2.900000e-02 -4.307105e-02
     vertex  5.198636e-03 -2.900000e-02 -4.946171e-02
   endloop
 endfacet
 facet normal  2.079117e-01  3.527306e-15  9.781476e-01
   outer loop
     vertex -2.486708e-02 -2.400000e-02 -4.307105e-02
     vertex  5.198636e-03 -2.900000e-02 -4.946171e-02
     vertex  5.198636e-03 -2.400000e-02 -4.946171e-02
   endloop
 endfacet
 facet normal -4.067366e-01  7.011014e-16  9.135455e-01
   outer loop
     vertex  5.198636e-03 -2.400000e-02 -4.946171e-02
     vertex  5.198636e-03 -2.900000e-02 -4.946171e-02
     vertex  3.327865e-02 -2.900000e-02 -3.695969e-02
   endloop
 endfacet
 facet normal -4.067366e-01  7.054611e-16  9.135455e-01
   outer loop
     vertex  5.198636e-03 -2.400000e-02 -4.946171e-02
     vertex  3.327865e-02 -2.900000e-02 -3.695969e-02
     vertex  3.327865e-02 -2.400000e-02 -3.695969e-02
   endloop
 endfacet
 facet normal -8.660254e-01 -2.217776e-15  5.000000e-01
   outer loop
     vertex  4.864735e-02 -2.400000e-02 -1.034031e-02
     vertex  3.327865e-02 -2.900000e-02 -3.695969e-02
     vertex  4.864735e-02 -2.900000e-02 -1.034031e-02
   endloop
 endfacet
 facet normal -8.660254e-01 -2.469114e-15  5.000000e-01
   outer loop
     vertex  4.864735e-02 -2.400000e-02 -1.034031e-02
     vertex  3.327865e-02 -2.400000e-02 -3.695969e-02
     vertex  3.327865e-02 -2.900000e-02 -3.695969e-02
   endloop
 endfacet
 facet normal -9.945219e-01 -4.430654e-15 -1.045285e-01
   outer loop
     vertex  4.864735e-02 -2.400000e-02 -1.034031e-02
     vertex  4.864735e-02 -2.900000e-02 -1.034031e-02
     vertex  4.543442e-02 -2.900000e-02  2.022871e-02
   endloop
 endfacet
 facet normal -9.945219e-01 -5.731872e-15 -1.045285e-01
   outer loop
     vertex  4.864735e-02 -2.400000e-02 -1.034031e-02
     vertex  4.543442e-02 -2.900000e-02  2.022871e-02
     vertex  4.543442e-02 -2.400000e-02  2.022871e-02
   endloop
 endfacet
 facet normal -7.431448e-01 -5.982493e-15 -6.691306e-01
   outer loop
     vertex  4.543442e-02 -2.400000e-02  2.022871e-02
     vertex  4.543442e-02 -2.900000e-02  2.022871e-02
     vertex  2.486708e-02 -2.900000e-02  4.307105e-02
   endloop
 endfacet
 facet normal -7.431448e-01 -4.938228e-15 -6.691306e-01
   outer loop
     vertex  4.543442e-02 -2.400000e-02  2.022871e-02
     vertex  2.486708e-02 -2.900000e-02  4.307105e-02
     vertex  2.486708e-02 -2.400000e-02  4.307105e-02
   endloop
 endfacet
 facet normal -2.079117e-01 -3.580511e-15 -9.781476e-01
   outer loop
     vertex  2.486708e-02 -2.400000e-02  4.307105e-02
     vertex  2.486708e-02 -2.900000e-02  4.307105e-02
     vertex -5.198636e-03 -2.900000e-02  4.946171e-02
   endloop
 endfacet
 facet normal -2.079117e-01 -3.350940e-15 -9.781476e-01
   outer loop
     vertex  2.486708e-02 -2.400000e-02  4.307105e-02
     vertex -5.198636e-03 -2.900000e-02  4.946171e-02
     vertex -5.198636e-03 -2.400000e-02  4.946171e-02
   endloop
 endfacet
 facet normal  4.067366e-01 -9.833317e-16 -9.135455e-01
   outer loop
     vertex -5.198636e-03 -2.400000e-02  4.946171e-02
     vertex -5.198636e-03 -2.900000e-02  4.946171e-02
     vertex -3.327865e-02 -2.900000e-02  3.695969e-02
   endloop
 endfacet
 facet normal  4.067366e-01 -3.527306e-16 -9.135455e-01
   outer loop
     vertex -5.198636e-03 -2.400000e-02  4.946171e-02
     vertex -3.327865e-02 -2.900000e-02  3.695969e-02
     vertex -3.327865e-02 -2.400000e-02  3.695969e-02
   endloop
 endfacet
 facet normal  8.660254e-01  3.419628e-15 -5.000000e-01
   outer loop
     vertex -3.327865e-02 -2.900000e-02  3.695969e-02
     vertex -4.864735e-02 -2.400000e-02  1.034031e-02
     vertex -3.327865e-02 -2.400000e-02  3.695969e-02
   endloop
 endfacet
 facet normal  8.660254e-01  1.763653e-15 -5.000000e-01
   outer loop
     vertex -3.327865e-02 -2.900000e-02  3.695969e-02
     vertex -4.864735e-02 -2.900000e-02  1.034031e-02
     vertex -4.864735e-02 -2.400000e-02  1.034031e-02
   endloop
 endfacet
 facet normal  9.945219e-01  4.466920e-15  1.045285e-01
   outer loop
     vertex -4.864735e-02 -2.400000e-02  1.034031e-02
     vertex -4.864735e-02 -2.900000e-02  1.034031e-02
     vertex -4.543442e-02 -2.900000e-02 -2.022871e-02
   endloop
 endfacet
 facet normal  9.945219e-01  5.820054e-15  1.045285e-01
   outer loop
     vertex -4.864735e-02 -2.400000e-02  1.034031e-02
     vertex -4.543442e-02 -2.900000e-02 -2.022871e-02
     vertex -4.543442e-02 -2.400000e-02 -2.022871e-02
   endloop
 endfacet
 facet normal  8.241262e-01  1.537118e-15 -5.664062e-01
   outer loop
     vertex  6.022881e-02  2.900000e-02 -4.877233e-02
     vertex  6.711697e-02  2.900000e-02 -3.875000e-02
     vertex  6.711697e-02 -2.900000e-02 -3.875000e-02
   endloop
 endfacet
 facet normal  8.241262e-01  1.953958e-15 -5.664062e-01
   outer loop
     vertex  6.022881e-02  2.900000e-02 -4.877233e-02
     vertex  6.711697e-02 -2.900000e-02 -3.875000e-02
     vertex  6.022881e-02 -2.900000e-02 -4.877233e-02
   endloop
 endfacet
 facet normal  7.253744e-01  1.065313e-15 -6.883546e-01
   outer loop
     vertex  5.185762e-02  2.900000e-02 -5.759372e-02
     vertex  6.022881e-02 -2.900000e-02 -4.877233e-02
     vertex  5.185762e-02 -2.900000e-02 -5.759372e-02
   endloop
 endfacet
 facet normal  7.253744e-01  1.152839e-15 -6.883546e-01
   outer loop
     vertex  5.185762e-02  2.900000e-02 -5.759372e-02
     vertex  6.022881e-02  2.900000e-02 -4.877233e-02
     vertex  6.022881e-02 -2.900000e-02 -4.877233e-02
   endloop
 endfacet
 facet normal  6.087614e-01  6.066028e-16 -7.933533e-01
   outer loop
     vertex  4.220953e-02  2.900000e-02 -6.499697e-02
     vertex  5.185762e-02 -2.900000e-02 -5.759372e-02
     vertex  4.220953e-02 -2.900000e-02 -6.499697e-02
   endloop
 endfacet
 facet normal  6.087614e-01  2.497817e-16 -7.933533e-01
   outer loop
     vertex  4.220953e-02  2.900000e-02 -6.499697e-02
     vertex  5.185762e-02  2.900000e-02 -5.759372e-02
     vertex  5.185762e-02 -2.900000e-02 -5.759372e-02
   endloop
 endfacet
 facet normal  4.771588e-01 -4.682432e-16 -8.788171e-01
   outer loop
     vertex  3.152209e-02  2.900000e-02 -7.079977e-02
     vertex  4.220953e-02 -2.900000e-02 -6.499697e-02
     vertex  3.152209e-02 -2.900000e-02 -7.079977e-02
   endloop
 endfacet
 facet normal  4.771588e-01 -1.921398e-16 -8.788171e-01
   outer loop
     vertex  3.152209e-02  2.900000e-02 -7.079977e-02
     vertex  4.220953e-02  2.900000e-02 -6.499697e-02
     vertex  4.220953e-02 -2.900000e-02 -6.499697e-02
   endloop
 endfacet
 facet normal  3.338069e-01 -9.834513e-16 -9.426415e-01
   outer loop
     vertex  2.005848e-02  2.900000e-02 -7.485925e-02
     vertex  3.152209e-02 -2.900000e-02 -7.079977e-02
     vertex  2.005848e-02 -2.900000e-02 -7.485925e-02
   endloop
 endfacet
 facet normal  3.338069e-01 -1.268123e-15 -9.426415e-01
   outer loop
     vertex  2.005848e-02  2.900000e-02 -7.485925e-02
     vertex  3.152209e-02  2.900000e-02 -7.079977e-02
     vertex  3.152209e-02 -2.900000e-02 -7.079977e-02
   endloop
 endfacet
 facet normal  1.822355e-01 -1.792150e-15 -9.832549e-01
   outer loop
     vertex  8.100956e-03  2.900000e-02 -7.707545e-02
     vertex  2.005848e-02 -2.900000e-02 -7.485925e-02
     vertex  8.100956e-03 -2.900000e-02 -7.707545e-02
   endloop
 endfacet
 facet normal  1.822355e-01 -1.767686e-15 -9.832549e-01
   outer loop
     vertex  8.100956e-03  2.900000e-02 -7.707545e-02
     vertex  2.005848e-02  2.900000e-02 -7.485925e-02
     vertex  2.005848e-02 -2.900000e-02 -7.485925e-02
   endloop
 endfacet
 facet normal  2.617695e-02 -2.519134e-15 -9.996573e-01
   outer loop
     vertex -4.056037e-03  2.900000e-02 -7.739379e-02
     vertex  8.100956e-03 -2.900000e-02 -7.707545e-02
     vertex -4.056037e-03 -2.900000e-02 -7.739379e-02
   endloop
 endfacet
 facet normal  2.617695e-02 -2.515830e-15 -9.996573e-01
   outer loop
     vertex -4.056037e-03  2.900000e-02 -7.739379e-02
     vertex  8.100956e-03  2.900000e-02 -7.707545e-02
     vertex  8.100956e-03 -2.900000e-02 -7.707545e-02
   endloop
 endfacet
 facet normal -1.305262e-01 -3.401058e-15 -9.914449e-01
   outer loop
     vertex -1.611316e-02  2.900000e-02 -7.580644e-02
     vertex -4.056037e-03 -2.900000e-02 -7.739379e-02
     vertex -1.611316e-02 -2.900000e-02 -7.580644e-02
   endloop
 endfacet
 facet normal -1.305262e-01 -3.165503e-15 -9.914449e-01
   outer loop
     vertex -1.611316e-02  2.900000e-02 -7.580644e-02
     vertex -4.056037e-03  2.900000e-02 -7.739379e-02
     vertex -4.056037e-03 -2.900000e-02 -7.739379e-02
   endloop
 endfacet
 facet normal -2.840153e-01 -3.959263e-15 -9.588197e-01
   outer loop
     vertex -2.777352e-02  2.900000e-02 -7.235248e-02
     vertex -1.611316e-02 -2.900000e-02 -7.580644e-02
     vertex -2.777352e-02 -2.900000e-02 -7.235248e-02
   endloop
 endfacet
 facet normal -2.840153e-01 -3.958080e-15 -9.588197e-01
   outer loop
     vertex -2.777352e-02  2.900000e-02 -7.235248e-02
     vertex -1.611316e-02  2.900000e-02 -7.580644e-02
     vertex -1.611316e-02 -2.900000e-02 -7.580644e-02
   endloop
 endfacet
 facet normal -4.305111e-01 -4.384281e-15 -9.025853e-01
   outer loop
     vertex -3.875000e-02  2.900000e-02 -6.711697e-02
     vertex -2.777352e-02 -2.900000e-02 -7.235248e-02
     vertex -3.875000e-02 -2.900000e-02 -6.711697e-02
   endloop
 endfacet
 facet normal -4.305111e-01 -4.419215e-15 -9.025853e-01
   outer loop
     vertex -3.875000e-02  2.900000e-02 -6.711697e-02
     vertex -2.777352e-02  2.900000e-02 -7.235248e-02
     vertex -2.777352e-02 -2.900000e-02 -7.235248e-02
   endloop
 endfacet
 facet normal -5.664062e-01 -4.836573e-15 -8.241262e-01
   outer loop
     vertex -4.877233e-02  2.900000e-02 -6.022881e-02
     vertex -3.875000e-02 -2.900000e-02 -6.711697e-02
     vertex -4.877233e-02 -2.900000e-02 -6.022881e-02
   endloop
 endfacet
 facet normal -5.664062e-01 -4.822709e-15 -8.241262e-01
   outer loop
     vertex -4.877233e-02  2.900000e-02 -6.022881e-02
     vertex -3.875000e-02  2.900000e-02 -6.711697e-02
     vertex -3.875000e-02 -2.900000e-02 -6.711697e-02
   endloop
 endfacet
 facet normal -6.883546e-01 -5.298902e-15 -7.253744e-01
   outer loop
     vertex -5.759372e-02  2.900000e-02 -5.185762e-02
     vertex -4.877233e-02 -2.900000e-02 -6.022881e-02
     vertex -5.759372e-02 -2.900000e-02 -5.185762e-02
   endloop
 endfacet
 facet normal -6.883546e-01 -5.053276e-15 -7.253744e-01
   outer loop
     vertex -5.759372e-02  2.900000e-02 -5.185762e-02
     vertex -4.877233e-02  2.900000e-02 -6.022881e-02
     vertex -4.877233e-02 -2.900000e-02 -6.022881e-02
   endloop
 endfacet
 facet normal -7.933533e-01 -5.237639e-15 -6.087614e-01
   outer loop
     vertex -6.499697e-02  2.900000e-02 -4.220953e-02
     vertex -5.759372e-02 -2.900000e-02 -5.185762e-02
     vertex -6.499697e-02 -2.900000e-02 -4.220953e-02
   endloop
 endfacet
 facet normal -7.933533e-01 -5.418342e-15 -6.087614e-01
   outer loop
     vertex -6.499697e-02  2.900000e-02 -4.220953e-02
     vertex -5.759372e-02  2.900000e-02 -5.185762e-02
     vertex -5.759372e-02 -2.900000e-02 -5.185762e-02
   endloop
 endfacet
 facet normal -8.788171e-01 -5.226202e-15 -4.771588e-01
   outer loop
     vertex -7.079977e-02  2.900000e-02 -3.152209e-02
     vertex -6.499697e-02  2.900000e-02 -4.220953e-02
     vertex -6.499697e-02 -2.900000e-02 -4.220953e-02
   endloop
 endfacet
 facet normal -8.788171e-01 -5.212112e-15 -4.771588e-01
   outer loop
     vertex -7.079977e-02  2.900000e-02 -3.152209e-02
     vertex -6.499697e-02 -2.900000e-02 -4.220953e-02
     vertex -7.079977e-02 -2.900000e-02 -3.152209e-02
   endloop
 endfacet
 facet normal -9.426415e-01 -5.053276e-15 -3.338069e-01
   outer loop
     vertex -7.485925e-02  2.900000e-02 -2.005848e-02
     vertex -7.079977e-02  2.900000e-02 -3.152209e-02
     vertex -7.079977e-02 -2.900000e-02 -3.152209e-02
   endloop
 endfacet
 facet normal -9.426415e-01 -4.321699e-15 -3.338069e-01
   outer loop
     vertex -7.485925e-02  2.900000e-02 -2.005848e-02
     vertex -7.079977e-02 -2.900000e-02 -3.152209e-02
     vertex -7.485925e-02 -2.900000e-02 -2.005848e-02
   endloop
 endfacet
 facet normal -9.832549e-01 -4.041329e-15 -1.822355e-01
   outer loop
     vertex -7.485925e-02  2.900000e-02 -2.005848e-02
     vertex -7.485925e-02 -2.900000e-02 -2.005848e-02
     vertex -7.707545e-02 -2.900000e-02 -8.100956e-03
   endloop
 endfacet
 facet normal -9.832549e-01 -4.987842e-15 -1.822355e-01
   outer loop
     vertex -7.707545e-02  2.900000e-02 -8.100956e-03
     vertex -7.485925e-02  2.900000e-02 -2.005848e-02
     vertex -7.707545e-02 -2.900000e-02 -8.100956e-03
   endloop
 endfacet
 facet normal -9.996573e-01 -4.619761e-15 -2.617695e-02
   outer loop
     vertex -7.739379e-02  2.900000e-02  4.056037e-03
     vertex -7.707545e-02  2.900000e-02 -8.100956e-03
     vertex -7.707545e-02 -2.900000e-02 -8.100956e-03
   endloop
 endfacet
 facet normal -9.996573e-01 -3.902987e-15 -2.617695e-02
   outer loop
     vertex -7.739379e-02  2.900000e-02  4.056037e-03
     vertex -7.707545e-02 -2.900000e-02 -8.100956e-03
     vertex -7.739379e-02 -2.900000e-02  4.056037e-03
   endloop
 endfacet
 facet normal -9.914449e-01 -3.895278e-15  1.305262e-01
   outer loop
     vertex -7.580644e-02  2.900000e-02  1.611316e-02
     vertex -7.739379e-02 -2.900000e-02  4.056037e-03
     vertex -7.580644e-02 -2.900000e-02  1.611316e-02
   endloop
 endfacet
 facet normal -9.914449e-01 -3.420088e-15  1.305262e-01
   outer loop
     vertex -7.580644e-02  2.900000e-02  1.611316e-02
     vertex -7.739379e-02  2.900000e-02  4.056037e-03
     vertex -7.739379e-02 -2.900000e-02  4.056037e-03
   endloop
 endfacet
 facet normal -9.588197e-01 -3.314411e-15  2.840153e-01
   outer loop
     vertex -7.235248e-02  2.900000e-02  2.777352e-02
     vertex -7.580644e-02  2.900000e-02  1.611316e-02
     vertex -7.580644e-02 -2.900000e-02  1.611316e-02
   endloop
 endfacet
 facet normal -9.588197e-01 -3.543476e-15  2.840153e-01
   outer loop
     vertex -7.235248e-02  2.900000e-02  2.777352e-02
     vertex -7.580644e-02 -2.900000e-02  1.611316e-02
     vertex -7.235248e-02 -2.900000e-02  2.777352e-02
   endloop
 endfacet
 facet normal -9.025853e-01 -2.219305e-15  4.305111e-01
   outer loop
     vertex -6.711697e-02  2.900000e-02  3.875000e-02
     vertex -7.235248e-02 -2.900000e-02  2.777352e-02
     vertex -6.711697e-02 -2.900000e-02  3.875000e-02
   endloop
 endfacet
 facet normal -9.025853e-01 -2.862883e-15  4.305111e-01
   outer loop
     vertex -6.711697e-02  2.900000e-02  3.875000e-02
     vertex -7.235248e-02  2.900000e-02  2.777352e-02
     vertex -7.235248e-02 -2.900000e-02  2.777352e-02
   endloop
 endfacet
 facet normal  4.221910e-15 -1.000000e+00  2.606802e-15
   outer loop
     vertex  5.198636e-03 -2.900000e-02 -4.946171e-02
     vertex  2.005848e-02 -2.900000e-02 -7.485925e-02
     vertex  3.152209e-02 -2.900000e-02 -7.079977e-02
   endloop
 endfacet
 facet normal  4.165354e-15 -1.000000e+00  2.573712e-15
   outer loop
     vertex  5.198636e-03 -2.900000e-02 -4.946171e-02
     vertex  8.100956e-03 -2.900000e-02 -7.707545e-02
     vertex  2.005848e-02 -2.900000e-02 -7.485925e-02
   endloop
 endfacet
 facet normal  4.213277e-15 -1.000000e+00  2.578749e-15
   outer loop
     vertex  5.198636e-03 -2.900000e-02 -4.946171e-02
     vertex -4.056037e-03 -2.900000e-02 -7.739379e-02
     vertex  8.100956e-03 -2.900000e-02 -7.707545e-02
   endloop
 endfacet
 facet normal  3.534373e-15 -1.000000e+00  2.803689e-15
   outer loop
     vertex  5.198636e-03 -2.900000e-02 -4.946171e-02
     vertex -1.611316e-02 -2.900000e-02 -7.580644e-02
     vertex -4.056037e-03 -2.900000e-02 -7.739379e-02
   endloop
 endfacet
 facet normal  4.688817e-15 -1.000000e+00  3.354727e-15
   outer loop
     vertex  3.327865e-02 -2.900000e-02 -3.695969e-02
     vertex  6.022881e-02 -2.900000e-02 -4.877233e-02
     vertex  6.711697e-02 -2.900000e-02 -3.875000e-02
   endloop
 endfacet
 facet normal  4.586179e-15 -1.000000e+00  3.120563e-15
   outer loop
     vertex  3.327865e-02 -2.900000e-02 -3.695969e-02
     vertex  5.185762e-02 -2.900000e-02 -5.759372e-02
     vertex  6.022881e-02 -2.900000e-02 -4.877233e-02
   endloop
 endfacet
 facet normal  4.285815e-15 -1.000000e+00  2.850113e-15
   outer loop
     vertex  3.327865e-02 -2.900000e-02 -3.695969e-02
     vertex  4.220953e-02 -2.900000e-02 -6.499697e-02
     vertex  5.185762e-02 -2.900000e-02 -5.759372e-02
   endloop
 endfacet
 facet normal  4.017590e-15 -1.000000e+00  2.764674e-15
   outer loop
     vertex  3.327865e-02 -2.900000e-02 -3.695969e-02
     vertex  3.152209e-02 -2.900000e-02 -7.079977e-02
     vertex  4.220953e-02 -2.900000e-02 -6.499697e-02
   endloop
 endfacet
 facet normal  4.336465e-15 -1.000000e+00  2.748122e-15
   outer loop
     vertex  3.327865e-02 -2.900000e-02 -3.695969e-02
     vertex  5.198636e-03 -2.900000e-02 -4.946171e-02
     vertex  3.152209e-02 -2.900000e-02 -7.079977e-02
   endloop
 endfacet
 facet normal  4.967170e-15 -1.000000e+00  2.706094e-15
   outer loop
     vertex -2.486708e-02 -2.900000e-02 -4.307105e-02
     vertex -2.777352e-02 -2.900000e-02 -7.235248e-02
     vertex -1.611316e-02 -2.900000e-02 -7.580644e-02
   endloop
 endfacet
 facet normal  4.173057e-15 -1.000000e+00  2.784917e-15
   outer loop
     vertex -2.486708e-02 -2.900000e-02 -4.307105e-02
     vertex -3.875000e-02 -2.900000e-02 -6.711697e-02
     vertex -2.777352e-02 -2.900000e-02 -7.235248e-02
   endloop
 endfacet
 facet normal  4.290586e-15 -1.000000e+00  2.717061e-15
   outer loop
     vertex -2.486708e-02 -2.900000e-02 -4.307105e-02
     vertex -4.877233e-02 -2.900000e-02 -6.022881e-02
     vertex -3.875000e-02 -2.900000e-02 -6.711697e-02
   endloop
 endfacet
 facet normal  3.722626e-15 -1.000000e+00  3.508378e-15
   outer loop
     vertex -2.486708e-02 -2.900000e-02 -4.307105e-02
     vertex -5.759372e-02 -2.900000e-02 -5.185762e-02
     vertex -4.877233e-02 -2.900000e-02 -6.022881e-02
   endloop
 endfacet
 facet normal  3.981007e-15 -1.000000e+00  2.442380e-15
   outer loop
     vertex -2.486708e-02 -2.900000e-02 -4.307105e-02
     vertex -1.611316e-02 -2.900000e-02 -7.580644e-02
     vertex  5.198636e-03 -2.900000e-02 -4.946171e-02
   endloop
 endfacet
 facet normal  3.929132e-15 -1.000000e+00  4.662236e-15
   outer loop
     vertex  4.864735e-02 -2.900000e-02 -1.034031e-02
     vertex  7.580644e-02 -2.900000e-02 -1.611316e-02
     vertex  7.739379e-02 -2.900000e-02 -4.056037e-03
   endloop
 endfacet
 facet normal  3.240096e-15 -1.000000e+00  1.420576e-15
   outer loop
     vertex  4.864735e-02 -2.900000e-02 -1.034031e-02
     vertex  7.235248e-02 -2.900000e-02 -2.777352e-02
     vertex  7.580644e-02 -2.900000e-02 -1.611316e-02
   endloop
 endfacet
 facet normal  4.378663e-15 -1.000000e+00  2.968765e-15
   outer loop
     vertex  4.864735e-02 -2.900000e-02 -1.034031e-02
     vertex  6.711697e-02 -2.900000e-02 -3.875000e-02
     vertex  7.235248e-02 -2.900000e-02 -2.777352e-02
   endloop
 endfacet
 facet normal  4.678717e-15 -1.000000e+00  3.163835e-15
   outer loop
     vertex  4.864735e-02 -2.900000e-02 -1.034031e-02
     vertex  3.327865e-02 -2.900000e-02 -3.695969e-02
     vertex  6.711697e-02 -2.900000e-02 -3.875000e-02
   endloop
 endfacet
 facet normal  4.423913e-15 -1.000000e+00  2.398940e-15
   outer loop
     vertex  7.707545e-02 -2.900000e-02  8.100956e-03
     vertex  4.864735e-02 -2.900000e-02 -1.034031e-02
     vertex  7.739379e-02 -2.900000e-02 -4.056037e-03
   endloop
 endfacet
 facet normal  4.772690e-15 -1.000000e+00  2.223818e-15
   outer loop
     vertex -4.543442e-02 -2.900000e-02 -2.022871e-02
     vertex -6.499697e-02 -2.900000e-02 -4.220953e-02
     vertex -5.759372e-02 -2.900000e-02 -5.185762e-02
   endloop
 endfacet
 facet normal  4.516195e-15 -1.000000e+00  2.452094e-15
   outer loop
     vertex -4.543442e-02 -2.900000e-02 -2.022871e-02
     vertex -7.079977e-02 -2.900000e-02 -3.152209e-02
     vertex -6.499697e-02 -2.900000e-02 -4.220953e-02
   endloop
 endfacet
 facet normal  3.986347e-15 -1.000000e+00  2.526117e-15
   outer loop
     vertex -4.543442e-02 -2.900000e-02 -2.022871e-02
     vertex -5.759372e-02 -2.900000e-02 -5.185762e-02
     vertex -2.486708e-02 -2.900000e-02 -4.307105e-02
   endloop
 endfacet
 facet normal  4.611393e-15 -1.000000e+00  2.238277e-15
   outer loop
     vertex -7.485925e-02 -2.900000e-02 -2.005848e-02
     vertex -7.079977e-02 -2.900000e-02 -3.152209e-02
     vertex -4.543442e-02 -2.900000e-02 -2.022871e-02
   endloop
 endfacet
 facet normal  4.219897e-15 -1.000000e+00  2.713439e-15
   outer loop
     vertex  4.543442e-02 -2.900000e-02  2.022871e-02
     vertex  4.864735e-02 -2.900000e-02 -1.034031e-02
     vertex  7.707545e-02 -2.900000e-02  8.100956e-03
   endloop
 endfacet
 facet normal  4.141320e-15 -1.000000e+00  2.508435e-15
   outer loop
     vertex  4.543442e-02 -2.900000e-02  2.022871e-02
     vertex  7.707545e-02 -2.900000e-02  8.100956e-03
     vertex  7.485925e-02 -2.900000e-02  2.005848e-02
   endloop
 endfacet
 facet normal  4.620183e-15 -1.000000e+00  3.757777e-15
   outer loop
     vertex -7.707545e-02 -2.900000e-02 -8.100956e-03
     vertex -7.485925e-02 -2.900000e-02 -2.005848e-02
     vertex -4.543442e-02 -2.900000e-02 -2.022871e-02
   endloop
 endfacet
 facet normal  4.140544e-15 -1.000000e+00  2.374189e-15
   outer loop
     vertex  7.079977e-02 -2.900000e-02  3.152209e-02
     vertex  4.543442e-02 -2.900000e-02  2.022871e-02
     vertex  7.485925e-02 -2.900000e-02  2.005848e-02
   endloop
 endfacet
 facet normal  4.355881e-15 -1.000000e+00  3.068219e-15
   outer loop
     vertex -4.864735e-02 -2.900000e-02  1.034031e-02
     vertex -7.707545e-02 -2.900000e-02 -8.100956e-03
     vertex -4.543442e-02 -2.900000e-02 -2.022871e-02
   endloop
 endfacet
 facet normal  4.419850e-15 -1.000000e+00  2.969607e-15
   outer loop
     vertex -7.739379e-02 -2.900000e-02  4.056037e-03
     vertex -7.707545e-02 -2.900000e-02 -8.100956e-03
     vertex -4.864735e-02 -2.900000e-02  1.034031e-02
   endloop
 endfacet
 facet normal  4.185742e-15 -1.000000e+00  2.272672e-15
   outer loop
     vertex  6.499697e-02 -2.900000e-02  4.220953e-02
     vertex  4.543442e-02 -2.900000e-02  2.022871e-02
     vertex  7.079977e-02 -2.900000e-02  3.152209e-02
   endloop
 endfacet
 facet normal  4.506786e-15 -1.000000e+00  2.571930e-15
   outer loop
     vertex -7.580644e-02 -2.900000e-02  1.611316e-02
     vertex -7.739379e-02 -2.900000e-02  4.056037e-03
     vertex -4.864735e-02 -2.900000e-02  1.034031e-02
   endloop
 endfacet
 facet normal  3.973201e-15 -1.000000e+00  2.969939e-15
   outer loop
     vertex  5.759372e-02 -2.900000e-02  5.185762e-02
     vertex  2.486708e-02 -2.900000e-02  4.307105e-02
     vertex  4.543442e-02 -2.900000e-02  2.022871e-02
   endloop
 endfacet
 facet normal  2.968131e-15 -1.000000e+00  3.356325e-15
   outer loop
     vertex  5.759372e-02 -2.900000e-02  5.185762e-02
     vertex  4.543442e-02 -2.900000e-02  2.022871e-02
     vertex  6.499697e-02 -2.900000e-02  4.220953e-02
   endloop
 endfacet
 facet normal  4.558515e-15 -1.000000e+00  2.815294e-15
   outer loop
     vertex -7.235248e-02 -2.900000e-02  2.777352e-02
     vertex -7.580644e-02 -2.900000e-02  1.611316e-02
     vertex -4.864735e-02 -2.900000e-02  1.034031e-02
   endloop
 endfacet
 facet normal  4.238931e-15 -1.000000e+00  1.980196e-15
   outer loop
     vertex  4.877233e-02 -2.900000e-02  6.022881e-02
     vertex  2.486708e-02 -2.900000e-02  4.307105e-02
     vertex  5.759372e-02 -2.900000e-02  5.185762e-02
   endloop
 endfacet
 facet normal  4.251192e-15 -1.000000e+00  2.397406e-15
   outer loop
     vertex -6.711697e-02 -2.900000e-02  3.875000e-02
     vertex -7.235248e-02 -2.900000e-02  2.777352e-02
     vertex -4.864735e-02 -2.900000e-02  1.034031e-02
   endloop
 endfacet
 facet normal  4.651952e-15 -1.000000e+00  2.657946e-15
   outer loop
     vertex -6.711697e-02 -2.900000e-02  3.875000e-02
     vertex -4.864735e-02 -2.900000e-02  1.034031e-02
     vertex -3.327865e-02 -2.900000e-02  3.695969e-02
   endloop
 endfacet
 facet normal  3.829774e-15 -1.000000e+00  2.550258e-15
   outer loop
     vertex  3.875000e-02 -2.900000e-02  6.711697e-02
     vertex  2.486708e-02 -2.900000e-02  4.307105e-02
     vertex  4.877233e-02 -2.900000e-02  6.022881e-02
   endloop
 endfacet
 facet normal  4.688817e-15 -1.000000e+00  3.354727e-15
   outer loop
     vertex -6.022881e-02 -2.900000e-02  4.877233e-02
     vertex -6.711697e-02 -2.900000e-02  3.875000e-02
     vertex -3.327865e-02 -2.900000e-02  3.695969e-02
   endloop
 endfacet
 facet normal  4.259008e-15 -1.000000e+00  2.302440e-15
   outer loop
     vertex  2.777352e-02 -2.900000e-02  7.235248e-02
     vertex  2.486708e-02 -2.900000e-02  4.307105e-02
     vertex  3.875000e-02 -2.900000e-02  6.711697e-02
   endloop
 endfacet
 facet normal  4.586179e-15 -1.000000e+00  3.120563e-15
   outer loop
     vertex -5.185762e-02 -2.900000e-02  5.759372e-02
     vertex -6.022881e-02 -2.900000e-02  4.877233e-02
     vertex -3.327865e-02 -2.900000e-02  3.695969e-02
   endloop
 endfacet
 facet normal  3.096529e-15 -1.000000e+00  2.417826e-15
   outer loop
     vertex  1.611316e-02 -2.900000e-02  7.580644e-02
     vertex  2.486708e-02 -2.900000e-02  4.307105e-02
     vertex  2.777352e-02 -2.900000e-02  7.235248e-02
   endloop
 endfacet
 facet normal  4.518178e-15 -1.000000e+00  2.797996e-15
   outer loop
     vertex  1.611316e-02 -2.900000e-02  7.580644e-02
     vertex -5.198636e-03 -2.900000e-02  4.946171e-02
     vertex  2.486708e-02 -2.900000e-02  4.307105e-02
   endloop
 endfacet
 facet normal  4.498482e-15 -1.000000e+00  3.041599e-15
   outer loop
     vertex -4.220953e-02 -2.900000e-02  6.499697e-02
     vertex -5.185762e-02 -2.900000e-02  5.759372e-02
     vertex -3.327865e-02 -2.900000e-02  3.695969e-02
   endloop
 endfacet
 facet normal  4.668606e-15 -1.000000e+00  2.676306e-15
   outer loop
     vertex  4.056037e-03 -2.900000e-02  7.739379e-02
     vertex -5.198636e-03 -2.900000e-02  4.946171e-02
     vertex  1.611316e-02 -2.900000e-02  7.580644e-02
   endloop
 endfacet
 facet normal  3.683547e-15 -1.000000e+00  2.782014e-15
   outer loop
     vertex -3.152209e-02 -2.900000e-02  7.079977e-02
     vertex -4.220953e-02 -2.900000e-02  6.499697e-02
     vertex -3.327865e-02 -2.900000e-02  3.695969e-02
   endloop
 endfacet
 facet normal  4.336465e-15 -1.000000e+00  2.748122e-15
   outer loop
     vertex -3.152209e-02 -2.900000e-02  7.079977e-02
     vertex -3.327865e-02 -2.900000e-02  3.695969e-02
     vertex -5.198636e-03 -2.900000e-02  4.946171e-02
   endloop
 endfacet
 facet normal  4.494600e-15 -1.000000e+00  2.733959e-15
   outer loop
     vertex -8.100956e-03 -2.900000e-02  7.707545e-02
     vertex -5.198636e-03 -2.900000e-02  4.946171e-02
     vertex  4.056037e-03 -2.900000e-02  7.739379e-02
   endloop
 endfacet
 facet normal  4.432542e-15 -1.000000e+00  2.866647e-15
   outer loop
     vertex -2.005848e-02 -2.900000e-02  7.485925e-02
     vertex -3.152209e-02 -2.900000e-02  7.079977e-02
     vertex -5.198636e-03 -2.900000e-02  4.946171e-02
   endloop
 endfacet
 facet normal  4.142512e-15 -1.000000e+00  2.696953e-15
   outer loop
     vertex -2.005848e-02 -2.900000e-02  7.485925e-02
     vertex -5.198636e-03 -2.900000e-02  4.946171e-02
     vertex -8.100956e-03 -2.900000e-02  7.707545e-02
   endloop
 endfacet
 facet normal  7.431448e-01  5.290959e-15  6.691306e-01
   outer loop
     vertex -4.543442e-02  2.900000e-02 -2.022871e-02
     vertex -2.486708e-02  2.400000e-02 -4.307105e-02
     vertex -2.486708e-02  2.900000e-02 -4.307105e-02
   endloop
 endfacet
 facet normal  7.431448e-01  4.951172e-15  6.691306e-01
   outer loop
     vertex -4.543442e-02  2.900000e-02 -2.022871e-02
     vertex -4.543442e-02  2.400000e-02 -2.022871e-02
     vertex -2.486708e-02  2.400000e-02 -4.307105e-02
   endloop
 endfacet
 facet normal  2.079117e-01  3.703671e-15  9.781476e-01
   outer loop
     vertex -2.486708e-02  2.900000e-02 -4.307105e-02
     vertex  5.198636e-03  2.400000e-02 -4.946171e-02
     vertex  5.198636e-03  2.900000e-02 -4.946171e-02
   endloop
 endfacet
 facet normal  2.079117e-01  3.724779e-15  9.781476e-01
   outer loop
     vertex -2.486708e-02  2.900000e-02 -4.307105e-02
     vertex -2.486708e-02  2.400000e-02 -4.307105e-02
     vertex  5.198636e-03  2.400000e-02 -4.946171e-02
   endloop
 endfacet
 facet normal -4.067366e-01  1.058192e-15  9.135455e-01
   outer loop
     vertex  5.198636e-03  2.900000e-02 -4.946171e-02
     vertex  3.327865e-02  2.400000e-02 -3.695969e-02
     vertex  3.327865e-02  2.900000e-02 -3.695969e-02
   endloop
 endfacet
 facet normal -4.067366e-01  7.011014e-16  9.135455e-01
   outer loop
     vertex  5.198636e-03  2.900000e-02 -4.946171e-02
     vertex  5.198636e-03  2.400000e-02 -4.946171e-02
     vertex  3.327865e-02  2.400000e-02 -3.695969e-02
   endloop
 endfacet
 facet normal -8.660254e-01 -2.469114e-15  5.000000e-01
   outer loop
     vertex  4.864735e-02  2.900000e-02 -1.034031e-02
     vertex  3.327865e-02  2.900000e-02 -3.695969e-02
     vertex  3.327865e-02  2.400000e-02 -3.695969e-02
   endloop
 endfacet
 facet normal -8.660254e-01 -2.044304e-15  5.000000e-01
   outer loop
     vertex  4.864735e-02  2.900000e-02 -1.034031e-02
     vertex  3.327865e-02  2.400000e-02 -3.695969e-02
     vertex  4.864735e-02  2.400000e-02 -1.034031e-02
   endloop
 endfacet
 facet normal -9.945219e-01 -5.820054e-15 -1.045285e-01
   outer loop
     vertex  4.864735e-02  2.900000e-02 -1.034031e-02
     vertex  4.543442e-02  2.400000e-02  2.022871e-02
     vertex  4.543442e-02  2.900000e-02  2.022871e-02
   endloop
 endfacet
 facet normal -9.945219e-01 -4.466920e-15 -1.045285e-01
   outer loop
     vertex  4.864735e-02  2.900000e-02 -1.034031e-02
     vertex  4.864735e-02  2.400000e-02 -1.034031e-02
     vertex  4.543442e-02  2.400000e-02  2.022871e-02
   endloop
 endfacet
 facet normal -7.431448e-01 -5.643689e-15 -6.691306e-01
   outer loop
     vertex  4.543442e-02  2.900000e-02  2.022871e-02
     vertex  2.486708e-02  2.400000e-02  4.307105e-02
     vertex  2.486708e-02  2.900000e-02  4.307105e-02
   endloop
 endfacet
 facet normal -7.431448e-01 -5.982493e-15 -6.691306e-01
   outer loop
     vertex  4.543442e-02  2.900000e-02  2.022871e-02
     vertex  4.543442e-02  2.400000e-02  2.022871e-02
     vertex  2.486708e-02  2.400000e-02  4.307105e-02
   endloop
 endfacet
 facet normal -2.079117e-01 -3.527306e-15 -9.781476e-01
   outer loop
     vertex  2.486708e-02  2.900000e-02  4.307105e-02
     vertex -5.198636e-03  2.400000e-02  4.946171e-02
     vertex -5.198636e-03  2.900000e-02  4.946171e-02
   endloop
 endfacet
 facet normal -2.079117e-01 -3.724779e-15 -9.781476e-01
   outer loop
     vertex  2.486708e-02  2.900000e-02  4.307105e-02
     vertex  2.486708e-02  2.400000e-02  4.307105e-02
     vertex -5.198636e-03  2.400000e-02  4.946171e-02
   endloop
 endfacet
 facet normal  4.067366e-01 -7.054611e-16 -9.135455e-01
   outer loop
     vertex -5.198636e-03  2.900000e-02  4.946171e-02
     vertex -3.327865e-02  2.400000e-02  3.695969e-02
     vertex -3.327865e-02  2.900000e-02  3.695969e-02
   endloop
 endfacet
 facet normal  4.067366e-01 -9.127741e-16 -9.135455e-01
   outer loop
     vertex -5.198636e-03  2.900000e-02  4.946171e-02
     vertex -5.198636e-03  2.400000e-02  4.946171e-02
     vertex -3.327865e-02  2.400000e-02  3.695969e-02
   endloop
 endfacet
 facet normal  8.660254e-01  2.217776e-15 -5.000000e-01
   outer loop
     vertex -3.327865e-02  2.400000e-02  3.695969e-02
     vertex -4.864735e-02  2.900000e-02  1.034031e-02
     vertex -3.327865e-02  2.900000e-02  3.695969e-02
   endloop
 endfacet
 facet normal  8.660254e-01  2.116383e-15 -5.000000e-01
   outer loop
     vertex -3.327865e-02  2.400000e-02  3.695969e-02
     vertex -4.864735e-02  2.400000e-02  1.034031e-02
     vertex -4.864735e-02  2.900000e-02  1.034031e-02
   endloop
 endfacet
 facet normal  9.945219e-01  4.497315e-15  1.045285e-01
   outer loop
     vertex -4.864735e-02  2.900000e-02  1.034031e-02
     vertex -4.543442e-02  2.400000e-02 -2.022871e-02
     vertex -4.543442e-02  2.900000e-02 -2.022871e-02
   endloop
 endfacet
 facet normal  9.945219e-01  4.430654e-15  1.045285e-01
   outer loop
     vertex -4.864735e-02  2.900000e-02  1.034031e-02
     vertex -4.864735e-02  2.400000e-02  1.034031e-02
     vertex -4.543442e-02  2.400000e-02 -2.022871e-02
   endloop
 endfacet
 facet normal -4.141766e-15  1.000000e+00 -2.833122e-15
   outer loop
     vertex  5.198636e-03  2.900000e-02 -4.946171e-02
     vertex  3.152209e-02  2.900000e-02 -7.079977e-02
     vertex  2.005848e-02  2.900000e-02 -7.485925e-02
   endloop
 endfacet
 facet normal -3.857909e-15  1.000000e+00 -2.667040e-15
   outer loop
     vertex  5.198636e-03  2.900000e-02 -4.946171e-02
     vertex  2.005848e-02  2.900000e-02 -7.485925e-02
     vertex  8.100956e-03  2.900000e-02 -7.707545e-02
   endloop
 endfacet
 facet normal -4.494600e-15  1.000000e+00 -2.733959e-15
   outer loop
     vertex  5.198636e-03  2.900000e-02 -4.946171e-02
     vertex  8.100956e-03  2.900000e-02 -7.707545e-02
     vertex -4.056037e-03  2.900000e-02 -7.739379e-02
   endloop
 endfacet
 facet normal -4.392882e-15  1.000000e+00 -2.767661e-15
   outer loop
     vertex  5.198636e-03  2.900000e-02 -4.946171e-02
     vertex -4.056037e-03  2.900000e-02 -7.739379e-02
     vertex -1.611316e-02  2.900000e-02 -7.580644e-02
   endloop
 endfacet
 facet normal -4.706490e-15  1.000000e+00 -3.688753e-15
   outer loop
     vertex  3.327865e-02  2.900000e-02 -3.695969e-02
     vertex  6.711697e-02  2.900000e-02 -3.875000e-02
     vertex  6.022881e-02  2.900000e-02 -4.877233e-02
   endloop
 endfacet
 facet normal -4.373513e-15  1.000000e+00 -2.929077e-15
   outer loop
     vertex  3.327865e-02  2.900000e-02 -3.695969e-02
     vertex  6.022881e-02  2.900000e-02 -4.877233e-02
     vertex  5.185762e-02  2.900000e-02 -5.759372e-02
   endloop
 endfacet
 facet normal -4.498482e-15  1.000000e+00 -3.041599e-15
   outer loop
     vertex  3.327865e-02  2.900000e-02 -3.695969e-02
     vertex  5.185762e-02  2.900000e-02 -5.759372e-02
     vertex  4.220953e-02  2.900000e-02 -6.499697e-02
   endloop
 endfacet
 facet normal -4.237072e-15  1.000000e+00 -2.958331e-15
   outer loop
     vertex  3.327865e-02  2.900000e-02 -3.695969e-02
     vertex  4.220953e-02  2.900000e-02 -6.499697e-02
     vertex  3.152209e-02  2.900000e-02 -7.079977e-02
   endloop
 endfacet
 facet normal -4.243012e-15  1.000000e+00 -2.958023e-15
   outer loop
     vertex  3.327865e-02  2.900000e-02 -3.695969e-02
     vertex  3.152209e-02  2.900000e-02 -7.079977e-02
     vertex  5.198636e-03  2.900000e-02 -4.946171e-02
   endloop
 endfacet
 facet normal -3.453762e-15  1.000000e+00 -2.619340e-15
   outer loop
     vertex -2.486708e-02  2.900000e-02 -4.307105e-02
     vertex -1.611316e-02  2.900000e-02 -7.580644e-02
     vertex -2.777352e-02  2.900000e-02 -7.235248e-02
   endloop
 endfacet
 facet normal -4.366928e-15  1.000000e+00 -2.528701e-15
   outer loop
     vertex -2.486708e-02  2.900000e-02 -4.307105e-02
     vertex -2.777352e-02  2.900000e-02 -7.235248e-02
     vertex -3.875000e-02  2.900000e-02 -6.711697e-02
   endloop
 endfacet
 facet normal -4.467424e-15  1.000000e+00 -2.470679e-15
   outer loop
     vertex -2.486708e-02  2.900000e-02 -4.307105e-02
     vertex -3.875000e-02  2.900000e-02 -6.711697e-02
     vertex -4.877233e-02  2.900000e-02 -6.022881e-02
   endloop
 endfacet
 facet normal -4.230730e-15  1.000000e+00 -2.800456e-15
   outer loop
     vertex -2.486708e-02  2.900000e-02 -4.307105e-02
     vertex -4.877233e-02  2.900000e-02 -6.022881e-02
     vertex -5.759372e-02  2.900000e-02 -5.185762e-02
   endloop
 endfacet
 facet normal -4.297363e-15  1.000000e+00 -2.844932e-15
   outer loop
     vertex -2.486708e-02  2.900000e-02 -4.307105e-02
     vertex  5.198636e-03  2.900000e-02 -4.946171e-02
     vertex -1.611316e-02  2.900000e-02 -7.580644e-02
   endloop
 endfacet
 facet normal -4.501515e-15  1.000000e+00 -3.148126e-15
   outer loop
     vertex  4.864735e-02  2.900000e-02 -1.034031e-02
     vertex  7.739379e-02  2.900000e-02 -4.056037e-03
     vertex  7.580644e-02  2.900000e-02 -1.611316e-02
   endloop
 endfacet
 facet normal -4.378838e-15  1.000000e+00 -2.570975e-15
   outer loop
     vertex  4.864735e-02  2.900000e-02 -1.034031e-02
     vertex  7.580644e-02  2.900000e-02 -1.611316e-02
     vertex  7.235248e-02  2.900000e-02 -2.777352e-02
   endloop
 endfacet
 facet normal -4.251192e-15  1.000000e+00 -2.397406e-15
   outer loop
     vertex  4.864735e-02  2.900000e-02 -1.034031e-02
     vertex  7.235248e-02  2.900000e-02 -2.777352e-02
     vertex  6.711697e-02  2.900000e-02 -3.875000e-02
   endloop
 endfacet
 facet normal -4.651952e-15  1.000000e+00 -2.657946e-15
   outer loop
     vertex  4.864735e-02  2.900000e-02 -1.034031e-02
     vertex  6.711697e-02  2.900000e-02 -3.875000e-02
     vertex  3.327865e-02  2.900000e-02 -3.695969e-02
   endloop
 endfacet
 facet normal -4.601888e-15  1.000000e+00 -2.688987e-15
   outer loop
     vertex  7.707545e-02  2.900000e-02  8.100956e-03
     vertex  7.739379e-02  2.900000e-02 -4.056037e-03
     vertex  4.864735e-02  2.900000e-02 -1.034031e-02
   endloop
 endfacet
 facet normal -3.592564e-15  1.000000e+00 -3.116270e-15
   outer loop
     vertex -4.543442e-02  2.900000e-02 -2.022871e-02
     vertex -5.759372e-02  2.900000e-02 -5.185762e-02
     vertex -6.499697e-02  2.900000e-02 -4.220953e-02
   endloop
 endfacet
 facet normal -3.952949e-15  1.000000e+00 -2.795533e-15
   outer loop
     vertex -4.543442e-02  2.900000e-02 -2.022871e-02
     vertex -6.499697e-02  2.900000e-02 -4.220953e-02
     vertex -7.079977e-02  2.900000e-02 -3.152209e-02
   endloop
 endfacet
 facet normal -4.209630e-15  1.000000e+00 -2.879048e-15
   outer loop
     vertex -4.543442e-02  2.900000e-02 -2.022871e-02
     vertex -2.486708e-02  2.900000e-02 -4.307105e-02
     vertex -5.759372e-02  2.900000e-02 -5.185762e-02
   endloop
 endfacet
 facet normal -4.140544e-15  1.000000e+00 -2.374189e-15
   outer loop
     vertex -7.485925e-02  2.900000e-02 -2.005848e-02
     vertex -4.543442e-02  2.900000e-02 -2.022871e-02
     vertex -7.079977e-02  2.900000e-02 -3.152209e-02
   endloop
 endfacet
 facet normal -4.355881e-15  1.000000e+00 -3.068219e-15
   outer loop
     vertex  4.543442e-02  2.900000e-02  2.022871e-02
     vertex  7.707545e-02  2.900000e-02  8.100956e-03
     vertex  4.864735e-02  2.900000e-02 -1.034031e-02
   endloop
 endfacet
 facet normal -4.620183e-15  1.000000e+00 -3.757777e-15
   outer loop
     vertex  4.543442e-02  2.900000e-02  2.022871e-02
     vertex  7.485925e-02  2.900000e-02  2.005848e-02
     vertex  7.707545e-02  2.900000e-02  8.100956e-03
   endloop
 endfacet
 facet normal -4.141320e-15  1.000000e+00 -2.508435e-15
   outer loop
     vertex -7.707545e-02  2.900000e-02 -8.100956e-03
     vertex -4.543442e-02  2.900000e-02 -2.022871e-02
     vertex -7.485925e-02  2.900000e-02 -2.005848e-02
   endloop
 endfacet
 facet normal -4.611393e-15  1.000000e+00 -2.238277e-15
   outer loop
     vertex  7.079977e-02  2.900000e-02  3.152209e-02
     vertex  7.485925e-02  2.900000e-02  2.005848e-02
     vertex  4.543442e-02  2.900000e-02  2.022871e-02
   endloop
 endfacet
 facet normal -4.219897e-15  1.000000e+00 -2.713439e-15
   outer loop
     vertex -4.864735e-02  2.900000e-02  1.034031e-02
     vertex -4.543442e-02  2.900000e-02 -2.022871e-02
     vertex -7.707545e-02  2.900000e-02 -8.100956e-03
   endloop
 endfacet
 facet normal -4.423913e-15  1.000000e+00 -2.398940e-15
   outer loop
     vertex -7.739379e-02  2.900000e-02  4.056037e-03
     vertex -4.864735e-02  2.900000e-02  1.034031e-02
     vertex -7.707545e-02  2.900000e-02 -8.100956e-03
   endloop
 endfacet
 facet normal -4.516195e-15  1.000000e+00 -2.452094e-15
   outer loop
     vertex  6.499697e-02  2.900000e-02  4.220953e-02
     vertex  7.079977e-02  2.900000e-02  3.152209e-02
     vertex  4.543442e-02  2.900000e-02  2.022871e-02
   endloop
 endfacet
 facet normal -4.058671e-15  1.000000e+00 -4.069680e-15
   outer loop
     vertex -7.580644e-02  2.900000e-02  1.611316e-02
     vertex -4.864735e-02  2.900000e-02  1.034031e-02
     vertex -7.739379e-02  2.900000e-02  4.056037e-03
   endloop
 endfacet
 facet normal -3.986347e-15  1.000000e+00 -2.526117e-15
   outer loop
     vertex  5.759372e-02  2.900000e-02  5.185762e-02
     vertex  4.543442e-02  2.900000e-02  2.022871e-02
     vertex  2.486708e-02  2.900000e-02  4.307105e-02
   endloop
 endfacet
 facet normal -4.772690e-15  1.000000e+00 -2.223818e-15
   outer loop
     vertex  5.759372e-02  2.900000e-02  5.185762e-02
     vertex  6.499697e-02  2.900000e-02  4.220953e-02
     vertex  4.543442e-02  2.900000e-02  2.022871e-02
   endloop
 endfacet
 facet normal -3.599450e-15  1.000000e+00 -1.909214e-15
   outer loop
     vertex -7.235248e-02  2.900000e-02  2.777352e-02
     vertex -4.864735e-02  2.900000e-02  1.034031e-02
     vertex -7.580644e-02  2.900000e-02  1.611316e-02
   endloop
 endfacet
 facet normal -3.722626e-15  1.000000e+00 -3.508378e-15
   outer loop
     vertex  4.877233e-02  2.900000e-02  6.022881e-02
     vertex  5.759372e-02  2.900000e-02  5.185762e-02
     vertex  2.486708e-02  2.900000e-02  4.307105e-02
   endloop
 endfacet
 facet normal -4.467424e-15  1.000000e+00 -2.470679e-15
   outer loop
     vertex  3.875000e-02  2.900000e-02  6.711697e-02
     vertex  4.877233e-02  2.900000e-02  6.022881e-02
     vertex  2.486708e-02  2.900000e-02  4.307105e-02
   endloop
 endfacet
 facet normal -4.378663e-15  1.000000e+00 -2.968765e-15
   outer loop
     vertex -6.711697e-02  2.900000e-02  3.875000e-02
     vertex -4.864735e-02  2.900000e-02  1.034031e-02
     vertex -7.235248e-02  2.900000e-02  2.777352e-02
   endloop
 endfacet
 facet normal -4.678717e-15  1.000000e+00 -3.163835e-15
   outer loop
     vertex -6.711697e-02  2.900000e-02  3.875000e-02
     vertex -3.327865e-02  2.900000e-02  3.695969e-02
     vertex -4.864735e-02  2.900000e-02  1.034031e-02
   endloop
 endfacet
 facet normal -4.724162e-15  1.000000e+00 -4.022779e-15
   outer loop
     vertex -6.022881e-02  2.900000e-02  4.877233e-02
     vertex -3.327865e-02  2.900000e-02  3.695969e-02
     vertex -6.711697e-02  2.900000e-02  3.875000e-02
   endloop
 endfacet
 facet normal -3.623433e-15  1.000000e+00 -2.957958e-15
   outer loop
     vertex  2.777352e-02  2.900000e-02  7.235248e-02
     vertex  3.875000e-02  2.900000e-02  6.711697e-02
     vertex  2.486708e-02  2.900000e-02  4.307105e-02
   endloop
 endfacet
 facet normal -4.712221e-15  1.000000e+00 -2.849886e-15
   outer loop
     vertex  1.611316e-02  2.900000e-02  7.580644e-02
     vertex  2.777352e-02  2.900000e-02  7.235248e-02
     vertex  2.486708e-02  2.900000e-02  4.307105e-02
   endloop
 endfacet
 facet normal -4.151128e-15  1.000000e+00 -2.699842e-15
   outer loop
     vertex  1.611316e-02  2.900000e-02  7.580644e-02
     vertex  2.486708e-02  2.900000e-02  4.307105e-02
     vertex -5.198636e-03  2.900000e-02  4.946171e-02
   endloop
 endfacet
 facet normal -3.917350e-15  1.000000e+00 -2.182062e-15
   outer loop
     vertex -5.185762e-02  2.900000e-02  5.759372e-02
     vertex -3.327865e-02  2.900000e-02  3.695969e-02
     vertex -6.022881e-02  2.900000e-02  4.877233e-02
   endloop
 endfacet
 facet normal -4.863753e-15  1.000000e+00 -3.034207e-15
   outer loop
     vertex -4.220953e-02  2.900000e-02  6.499697e-02
     vertex -3.327865e-02  2.900000e-02  3.695969e-02
     vertex -5.185762e-02  2.900000e-02  5.759372e-02
   endloop
 endfacet
 facet normal -4.361544e-15  1.000000e+00 -2.529624e-15
   outer loop
     vertex  4.056037e-03  2.900000e-02  7.739379e-02
     vertex  1.611316e-02  2.900000e-02  7.580644e-02
     vertex -5.198636e-03  2.900000e-02  4.946171e-02
   endloop
 endfacet
 facet normal -4.017590e-15  1.000000e+00 -2.764674e-15
   outer loop
     vertex -3.152209e-02  2.900000e-02  7.079977e-02
     vertex -3.327865e-02  2.900000e-02  3.695969e-02
     vertex -4.220953e-02  2.900000e-02  6.499697e-02
   endloop
 endfacet
 facet normal -4.209987e-15  1.000000e+00 -2.754687e-15
   outer loop
     vertex -3.152209e-02  2.900000e-02  7.079977e-02
     vertex -5.198636e-03  2.900000e-02  4.946171e-02
     vertex -3.327865e-02  2.900000e-02  3.695969e-02
   endloop
 endfacet
 facet normal -3.925393e-15  1.000000e+00 -2.674133e-15
   outer loop
     vertex -8.100956e-03  2.900000e-02  7.707545e-02
     vertex  4.056037e-03  2.900000e-02  7.739379e-02
     vertex -5.198636e-03  2.900000e-02  4.946171e-02
   endloop
 endfacet
 facet normal -3.971205e-15  1.000000e+00 -2.460117e-15
   outer loop
     vertex -2.005848e-02  2.900000e-02  7.485925e-02
     vertex -5.198636e-03  2.900000e-02  4.946171e-02
     vertex -3.152209e-02  2.900000e-02  7.079977e-02
   endloop
 endfacet
 facet normal -4.427116e-15  1.000000e+00 -2.726866e-15
   outer loop
     vertex -2.005848e-02  2.900000e-02  7.485925e-02
     vertex -8.100956e-03  2.900000e-02  7.707545e-02
     vertex -5.198636e-03  2.900000e-02  4.946171e-02
   endloop
 endfacet
endsolid
