{
    "task_index": {
        "min": [
            0
        ],
        "max": [
            0
        ],
        "mean": [
            0.0
        ],
        "std": [
            0.0
        ],
        "count": [
            22346
        ],
        "q01": [
            3.9999999999994206e-16
        ],
        "q10": [
            3.9999999999994166e-15
        ],
        "q50": [
            1.999999999999707e-14
        ],
        "q90": [
            3.599999999999473e-14
        ],
        "q99": [
            3.9599999999994254e-14
        ]
    },
    "observation.images.left_camera1": {
        "min": [
            [
                [
                    0.0
                ]
            ],
            [
                [
                    0.0
                ]
            ],
            [
                [
                    0.0
                ]
            ]
        ],
        "max": [
            [
                [
                    1.0
                ]
            ],
            [
                [
                    1.0
                ]
            ],
            [
                [
                    1.0
                ]
            ]
        ],
        "mean": [
            [
                [
                    0.20712990334967316
                ]
            ],
            [
                [
                    0.19069067455065364
                ]
            ],
            [
                [
                    0.1769025620506536
                ]
            ]
        ],
        "std": [
            [
                [
                    0.013491302308331933
                ]
            ],
            [
                [
                    0.01376821171829713
                ]
            ],
            [
                [
                    0.014642343882392078
                ]
            ]
        ],
        "count": [
            5000
        ],
        "q01": [
            [
                [
                    0.007818755264648867
                ]
            ],
            [
                [
                    -3.921568627450983e-13
                ]
            ],
            [
                [
                    -3.921568627450983e-13
                ]
            ]
        ],
        "q10": [
            [
                [
                    0.009513842673677397
                ]
            ],
            [
                [
                    0.001073689934220217
                ]
            ],
            [
                [
                    -3.921568627450983e-13
                ]
            ]
        ],
        "q50": [
            [
                [
                    0.20934426729151542
                ]
            ],
            [
                [
                    0.18735701180814457
                ]
            ],
            [
                [
                    0.14197671590460478
                ]
            ]
        ],
        "q90": [
            [
                [
                    0.3977261587743934
                ]
            ],
            [
                [
                    0.40267664341102893
                ]
            ],
            [
                [
                    0.4259721048485399
                ]
            ]
        ],
        "q99": [
            [
                [
                    0.6581966281754917
                ]
            ],
            [
                [
                    0.6524118647286856
                ]
            ],
            [
                [
                    0.6890298203780979
                ]
            ]
        ]
    },
    "index": {
        "min": [
            0
        ],
        "max": [
            22345
        ],
        "mean": [
            11172.5
        ],
        "std": [
            6450.734551196477
        ],
        "count": [
            22346
        ],
        "q01": [
            10953.507541329716
        ],
        "q10": [
            10993.576368976917
        ],
        "q50": [
            11172.505424729254
        ],
        "q90": [
            11351.423631023083
        ],
        "q99": [
            11391.492458670284
        ]
    },
    "timestamp": {
        "min": [
            0.0
        ],
        "max": [
            14.9
        ],
        "mean": [
            7.4320057280945155
        ],
        "std": [
            4.3004888454270285
        ],
        "count": [
            22346
        ],
        "q01": [
            0.13225710565672447
        ],
        "q10": [
            1.4678846939142014
        ],
        "q50": [
            7.432186552403118
        ],
        "q90": [
            13.396126762274818
        ],
        "q99": [
            14.731754350532304
        ]
    },
    "observation.images.left_camera2": {
        "min": [
            [
                [
                    0.0
                ]
            ],
            [
                [
                    0.0
                ]
            ],
            [
                [
                    0.0
                ]
            ]
        ],
        "max": [
            [
                [
                    1.0
                ]
            ],
            [
                [
                    0.984313725490196
                ]
            ],
            [
                [
                    1.0
                ]
            ]
        ],
        "mean": [
            [
                [
                    0.3395257554330065
                ]
            ],
            [
                [
                    0.36018821368464055
                ]
            ],
            [
                [
                    0.39234370608660124
                ]
            ]
        ],
        "std": [
            [
                [
                    0.00873740569257612
                ]
            ],
            [
                [
                    0.007334600306959421
                ]
            ],
            [
                [
                    0.008068458826843315
                ]
            ]
        ],
        "count": [
            5000
        ],
        "q01": [
            [
                [
                    0.05752351723308021
                ]
            ],
            [
                [
                    0.07635888361952546
                ]
            ],
            [
                [
                    0.06605126833157368
                ]
            ]
        ],
        "q10": [
            [
                [
                    0.1185679330748065
                ]
            ],
            [
                [
                    0.13954003040200677
                ]
            ],
            [
                [
                    0.1524023233423043
                ]
            ]
        ],
        "q50": [
            [
                [
                    0.28226964296953044
                ]
            ],
            [
                [
                    0.3208554240651796
                ]
            ],
            [
                [
                    0.3754288998826053
                ]
            ]
        ],
        "q90": [
            [
                [
                    0.7567800090593488
                ]
            ],
            [
                [
                    0.709398622894233
                ]
            ],
            [
                [
                    0.6874401344232544
                ]
            ]
        ],
        "q99": [
            [
                [
                    0.8253419670494293
                ]
            ],
            [
                [
                    0.7622814044436386
                ]
            ],
            [
                [
                    0.769184312348781
                ]
            ]
        ]
    },