DEBUG 2026-08-06 12:30:31 rt_utils.py:248 Third-party plugin import summary: imported=[] failed=[]
DEBUG 2026-08-06 12:30:31 d_metavar.py:22 Metavar for type None: None
DEBUG 2026-08-06 12:30:31 formatter.py:52 action type: None, Result: , nargs: 0, default metavar: None
DEBUG 2026-08-06 12:30:31 d_metavar.py:22 Metavar for type <class 'str'>: str
DEBUG 2026-08-06 12:30:31 formatter.py:52 action type: <class 'str'>, Result: str, nargs: None, default metavar: None
DEBUG 2026-08-06 12:30:31 _wrapper.py:168 wrapped field at policy_type has a default value of None
DEBUG 2026-08-06 12:30:31 _wrapper.py:168 wrapped field at pretrained_name_or_path has a default value of None
DEBUG 2026-08-06 12:30:31 _wrapper.py:168 wrapped field at actions_per_chunk has a default value of None
DEBUG 2026-08-06 12:30:31 _wrapper.py:168 wrapped field at task has a default value of 
DEBUG 2026-08-06 12:30:31 _wrapper.py:168 wrapped field at server_address has a default value of localhost:8080
DEBUG 2026-08-06 12:30:31 _wrapper.py:168 wrapped field at policy_device has a default value of cpu
DEBUG 2026-08-06 12:30:31 _wrapper.py:168 wrapped field at client_device has a default value of cpu
DEBUG 2026-08-06 12:30:31 _wrapper.py:168 wrapped field at chunk_size_threshold has a default value of 0.5
DEBUG 2026-08-06 12:30:31 _wrapper.py:168 wrapped field at fps has a default value of 30
DEBUG 2026-08-06 12:30:31 _wrapper.py:168 wrapped field at aggregate_fn_name has a default value of weighted_average
DEBUG 2026-08-06 12:30:31 _wrapper.py:168 wrapped field at debug_visualize_queue_size has a default value of False
DEBUG 2026-08-06 12:30:31 _wrapper.py:309 Arg options for field 'policy_type': {'required': False, 'dest': 'policy_type', 'default': None, 'help': 'Policy configuration', 'type': <class 'str'>}
DEBUG 2026-08-06 12:30:31 _wrapper.py:309 Arg options for field 'pretrained_name_or_path': {'required': False, 'dest': 'pretrained_name_or_path', 'default': None, 'type': <class 'str'>}
DEBUG 2026-08-06 12:30:31 d_metavar.py:22 Metavar for type <class 'str'>: str
DEBUG 2026-08-06 12:30:31 formatter.py:52 action type: <class 'str'>, Result: str, nargs: None, default metavar: None
DEBUG 2026-08-06 12:30:31 _wrapper.py:168 wrapped field at robot.port has a default value of None
DEBUG 2026-08-06 12:30:31 _wrapper.py:168 wrapped field at robot.disable_torque_on_disconnect has a default value of True
DEBUG 2026-08-06 12:30:31 _wrapper.py:201 wrapped field at robot.max_relative_target has a default value of None
DEBUG 2026-08-06 12:30:31 _wrapper.py:201 wrapped field at robot.cameras has a default value of {}
DEBUG 2026-08-06 12:30:31 _wrapper.py:168 wrapped field at robot.use_degrees has a default value of True
DEBUG 2026-08-06 12:30:31 _wrapper.py:201 wrapped field at robot.id has a default value of None
DEBUG 2026-08-06 12:30:31 _wrapper.py:201 wrapped field at robot.calibration_dir has a default value of None
DEBUG 2026-08-06 12:30:31 _wrapper.py:168 wrapped field at robot.port has a default value of None
DEBUG 2026-08-06 12:30:31 _wrapper.py:168 wrapped field at robot.disable_torque_on_disconnect has a default value of True
DEBUG 2026-08-06 12:30:31 _wrapper.py:201 wrapped field at robot.max_relative_target has a default value of None
DEBUG 2026-08-06 12:30:31 _wrapper.py:201 wrapped field at robot.cameras has a default value of {}
DEBUG 2026-08-06 12:30:31 _wrapper.py:168 wrapped field at robot.use_degrees has a default value of True
DEBUG 2026-08-06 12:30:31 _wrapper.py:201 wrapped field at robot.id has a default value of None
DEBUG 2026-08-06 12:30:31 _wrapper.py:201 wrapped field at robot.calibration_dir has a default value of None
DEBUG 2026-08-06 12:30:31 _wrapper.py:201 wrapped field at robot.id has a default value of None
DEBUG 2026-08-06 12:30:31 _wrapper.py:201 wrapped field at robot.calibration_dir has a default value of None
DEBUG 2026-08-06 12:30:31 _wrapper.py:168 wrapped field at robot.left_arm_config.port has a default value of None
DEBUG 2026-08-06 12:30:31 _wrapper.py:168 wrapped field at robot.left_arm_config.disable_torque_on_disconnect has a default value of True
DEBUG 2026-08-06 12:30:31 _wrapper.py:201 wrapped field at robot.left_arm_config.max_relative_target has a default value of None
DEBUG 2026-08-06 12:30:31 _wrapper.py:201 wrapped field at robot.left_arm_config.cameras has a default value of {}
DEBUG 2026-08-06 12:30:31 _wrapper.py:168 wrapped field at robot.left_arm_config.use_degrees has a default value of True
DEBUG 2026-08-06 12:30:31 _wrapper.py:168 wrapped field at robot.right_arm_config.port has a default value of None
DEBUG 2026-08-06 12:30:31 _wrapper.py:168 wrapped field at robot.right_arm_config.disable_torque_on_disconnect has a default value of True
DEBUG 2026-08-06 12:30:31 _wrapper.py:201 wrapped field at robot.right_arm_config.max_relative_target has a default value of None
DEBUG 2026-08-06 12:30:31 _wrapper.py:201 wrapped field at robot.right_arm_config.cameras has a default value of {}
DEBUG 2026-08-06 12:30:31 _wrapper.py:168 wrapped field at robot.right_arm_config.use_degrees has a default value of True
DEBUG 2026-08-06 12:30:31 _wrapper.py:201 wrapped field at robot.cameras has a default value of {}
DEBUG 2026-08-06 12:30:31 _wrapper.py:201 wrapped field at robot.id has a default value of None
DEBUG 2026-08-06 12:30:31 _wrapper.py:201 wrapped field at robot.calibration_dir has a default value of None
DEBUG 2026-08-06 12:30:31 _wrapper.py:168 wrapped field at robot.port has a default value of None
DEBUG 2026-08-06 12:30:31 _wrapper.py:168 wrapped field at robot.disable_torque_on_disconnect has a default value of True
DEBUG 2026-08-06 12:30:31 _wrapper.py:201 wrapped field at robot.max_relative_target has a default value of None
DEBUG 2026-08-06 12:30:31 _wrapper.py:201 wrapped field at robot.cameras has a default value of {}
DEBUG 2026-08-06 12:30:31 _wrapper.py:168 wrapped field at robot.use_degrees has a default value of False
DEBUG 2026-08-06 12:30:31 _wrapper.py:201 wrapped field at robot.id has a default value of None
DEBUG 2026-08-06 12:30:31 _wrapper.py:201 wrapped field at robot.calibration_dir has a default value of None
DEBUG 2026-08-06 12:30:31 _wrapper.py:168 wrapped field at robot.port has a default value of None
DEBUG 2026-08-06 12:30:31 _wrapper.py:168 wrapped field at robot.disable_torque_on_disconnect has a default value of True
DEBUG 2026-08-06 12:30:31 _wrapper.py:201 wrapped field at robot.max_relative_target has a default value of None
DEBUG 2026-08-06 12:30:31 _wrapper.py:201 wrapped field at robot.cameras has a default value of {}
DEBUG 2026-08-06 12:30:31 _wrapper.py:168 wrapped field at robot.use_degrees has a default value of False
DEBUG 2026-08-06 12:30:31 docstring.py:65 Couldn't find the attribute docstring: could not find class definition
DEBUG 2026-08-06 12:30:31 _wrapper.py:309 Arg options for field 'port': {'required': False, 'dest': 'robot.port', 'default': None, 'type': <class 'str'>}
DEBUG 2026-08-06 12:30:31 docstring.py:65 Couldn't find the attribute docstring: could not find class definition
DEBUG 2026-08-06 12:30:31 _wrapper.py:309 Arg options for field 'disable_torque_on_disconnect': {'required': False, 'dest': 'robot.disable_torque_on_disconnect', 'default': True, 'help': ' ', 'type': <class 'bool'>}
DEBUG 2026-08-06 12:30:31 docstring.py:65 Couldn't find the attribute docstring: could not find class definition
DEBUG 2026-08-06 12:30:31 _wrapper.py:309 Arg options for field 'max_relative_target': {'required': False, 'dest': 'robot.max_relative_target', 'default': None, 'type': typing.Union[float, typing.Dict[str, float], NoneType]}
DEBUG 2026-08-06 12:30:31 docstring.py:65 Couldn't find the attribute docstring: could not find class definition
DEBUG 2026-08-06 12:30:31 _wrapper.py:309 Arg options for field 'cameras': {'required': False, 'dest': 'robot.cameras', 'default': {}, 'help': ' ', 'type': typing.Dict[str, lerobot.cameras.configs.CameraConfig]}
DEBUG 2026-08-06 12:30:31 docstring.py:65 Couldn't find the attribute docstring: could not find class definition
DEBUG 2026-08-06 12:30:31 _wrapper.py:309 Arg options for field 'use_degrees': {'required': False, 'dest': 'robot.use_degrees', 'default': True, 'help': ' ', 'type': <class 'bool'>}
DEBUG 2026-08-06 12:30:31 _wrapper.py:309 Arg options for field 'id': {'required': False, 'dest': 'robot.id', 'default': None, 'help': 'Allows to distinguish between different robots of the same type', 'type': typing.Optional[str]}
DEBUG 2026-08-06 12:30:31 _wrapper.py:309 Arg options for field 'calibration_dir': {'required': False, 'dest': 'robot.calibration_dir', 'default': None, 'help': 'Directory to store calibration file', 'type': typing.Optional[pathlib.Path]}
DEBUG 2026-08-06 12:30:31 docstring.py:65 Couldn't find the attribute docstring: could not find class definition
DEBUG 2026-08-06 12:30:31 _wrapper.py:309 Arg options for field 'port': {'required': False, 'dest': 'robot.port', 'default': None, 'type': <class 'str'>}
DEBUG 2026-08-06 12:30:31 docstring.py:65 Couldn't find the attribute docstring: could not find class definition
DEBUG 2026-08-06 12:30:31 _wrapper.py:309 Arg options for field 'disable_torque_on_disconnect': {'required': False, 'dest': 'robot.disable_torque_on_disconnect', 'default': True, 'help': ' ', 'type': <class 'bool'>}
DEBUG 2026-08-06 12:30:31 docstring.py:65 Couldn't find the attribute docstring: could not find class definition
DEBUG 2026-08-06 12:30:31 _wrapper.py:309 Arg options for field 'max_relative_target': {'required': False, 'dest': 'robot.max_relative_target', 'default': None, 'type': typing.Union[float, typing.Dict[str, float], NoneType]}
DEBUG 2026-08-06 12:30:31 docstring.py:65 Couldn't find the attribute docstring: could not find class definition
DEBUG 2026-08-06 12:30:31 _wrapper.py:309 Arg options for field 'cameras': {'required': False, 'dest': 'robot.cameras', 'default': {}, 'help': ' ', 'type': typing.Dict[str, lerobot.cameras.configs.CameraConfig]}
DEBUG 2026-08-06 12:30:31 docstring.py:65 Couldn't find the attribute docstring: could not find class definition
DEBUG 2026-08-06 12:30:31 _wrapper.py:309 Arg options for field 'use_degrees': {'required': False, 'dest': 'robot.use_degrees', 'default': True, 'help': ' ', 'type': <class 'bool'>}
DEBUG 2026-08-06 12:30:31 _wrapper.py:309 Arg options for field 'id': {'required': False, 'dest': 'robot.id', 'default': None, 'help': 'Allows to distinguish between different robots of the same type', 'type': typing.Optional[str]}
DEBUG 2026-08-06 12:30:31 _wrapper.py:309 Arg options for field 'calibration_dir': {'required': False, 'dest': 'robot.calibration_dir', 'default': None, 'help': 'Directory to store calibration file', 'type': typing.Optional[pathlib.Path]}
DEBUG 2026-08-06 12:30:31 _wrapper.py:309 Arg options for field 'id': {'required': False, 'dest': 'robot.id', 'default': None, 'help': 'Allows to distinguish between different robots of the same type', 'type': typing.Optional[str]}
DEBUG 2026-08-06 12:30:31 _wrapper.py:309 Arg options for field 'calibration_dir': {'required': False, 'dest': 'robot.calibration_dir', 'default': None, 'help': 'Directory to store calibration file', 'type': typing.Optional[pathlib.Path]}
DEBUG 2026-08-06 12:30:31 d_metavar.py:22 Metavar for type <class 'str'>: str
DEBUG 2026-08-06 12:30:31 formatter.py:52 action type: <class 'str'>, Result: str, nargs: None, default metavar: None
DEBUG 2026-08-06 12:30:31 _wrapper.py:309 Arg options for field 'port': {'required': False, 'dest': 'robot.left_arm_config.port', 'default': None, 'help': 'Port to connect to the arm', 'type': <class 'str'>}
DEBUG 2026-08-06 12:30:31 _wrapper.py:309 Arg options for field 'disable_torque_on_disconnect': {'required': False, 'dest': 'robot.left_arm_config.disable_torque_on_disconnect', 'default': True, 'help': ' ', 'type': <class 'bool'>}
DEBUG 2026-08-06 12:30:31 _wrapper.py:309 Arg options for field 'max_relative_target': {'required': False, 'dest': 'robot.left_arm_config.max_relative_target', 'default': None, 'help': '`max_relative_target` limits the magnitude of the relative positional target vector for safety purposes.\nSet this to a positive scalar to have the same value for all motors, or a dictionary that maps motor\nnames to the max_relative_target value for that motor.', 'type': typing.Union[float, typing.Dict[str, float], NoneType]}
DEBUG 2026-08-06 12:30:31 _wrapper.py:309 Arg options for field 'cameras': {'required': False, 'dest': 'robot.left_arm_config.cameras', 'default': {}, 'help': 'cameras', 'type': typing.Dict[str, lerobot.cameras.configs.CameraConfig]}
DEBUG 2026-08-06 12:30:31 _wrapper.py:309 Arg options for field 'use_degrees': {'required': False, 'dest': 'robot.left_arm_config.use_degrees', 'default': True, 'help': 'Set to `True` for backward compatibility with previous policies/dataset', 'type': <class 'bool'>}
DEBUG 2026-08-06 12:30:31 d_metavar.py:22 Metavar for type <class 'str'>: str
DEBUG 2026-08-06 12:30:31 formatter.py:52 action type: <class 'str'>, Result: str, nargs: None, default metavar: None
DEBUG 2026-08-06 12:30:31 _wrapper.py:309 Arg options for field 'port': {'required': False, 'dest': 'robot.right_arm_config.port', 'default': None, 'help': 'Port to connect to the arm', 'type': <class 'str'>}
DEBUG 2026-08-06 12:30:31 _wrapper.py:309 Arg options for field 'disable_torque_on_disconnect': {'required': False, 'dest': 'robot.right_arm_config.disable_torque_on_disconnect', 'default': True, 'help': ' ', 'type': <class 'bool'>}
DEBUG 2026-08-06 12:30:31 _wrapper.py:309 Arg options for field 'max_relative_target': {'required': False, 'dest': 'robot.right_arm_config.max_relative_target', 'default': None, 'help': '`max_relative_target` limits the magnitude of the relative positional target vector for safety purposes.\nSet this to a positive scalar to have the same value for all motors, or a dictionary that maps motor\nnames to the max_relative_target value for that motor.', 'type': typing.Union[float, typing.Dict[str, float], NoneType]}
DEBUG 2026-08-06 12:30:31 _wrapper.py:309 Arg options for field 'cameras': {'required': False, 'dest': 'robot.right_arm_config.cameras', 'default': {}, 'help': 'cameras', 'type': typing.Dict[str, lerobot.cameras.configs.CameraConfig]}
DEBUG 2026-08-06 12:30:31 _wrapper.py:309 Arg options for field 'use_degrees': {'required': False, 'dest': 'robot.right_arm_config.use_degrees', 'default': True, 'help': 'Set to `True` for backward compatibility with previous policies/dataset', 'type': <class 'bool'>}
DEBUG 2026-08-06 12:30:31 _wrapper.py:309 Arg options for field 'cameras': {'required': False, 'dest': 'robot.cameras', 'default': {}, 'help': 'Top-level cameras not attached to a specific side. Keys are kept as-is in\nobservations (no `left_`/`right_` prefix). Per-arm cameras (declared on\n`{left,right}_arm_config.cameras`) are prefixed.', 'type': typing.Dict[str, lerobot.cameras.configs.CameraConfig]}
DEBUG 2026-08-06 12:30:31 _wrapper.py:309 Arg options for field 'id': {'required': False, 'dest': 'robot.id', 'default': None, 'help': 'Allows to distinguish between different robots of the same type', 'type': typing.Optional[str]}
DEBUG 2026-08-06 12:30:31 _wrapper.py:309 Arg options for field 'calibration_dir': {'required': False, 'dest': 'robot.calibration_dir', 'default': None, 'help': 'Directory to store calibration file', 'type': typing.Optional[pathlib.Path]}
DEBUG 2026-08-06 12:30:31 _wrapper.py:309 Arg options for field 'port': {'required': False, 'dest': 'robot.port', 'default': None, 'help': 'Port to connect to the arm', 'type': <class 'str'>}
DEBUG 2026-08-06 12:30:31 _wrapper.py:309 Arg options for field 'disable_torque_on_disconnect': {'required': False, 'dest': 'robot.disable_torque_on_disconnect', 'default': True, 'help': ' ', 'type': <class 'bool'>}
DEBUG 2026-08-06 12:30:31 _wrapper.py:309 Arg options for field 'max_relative_target': {'required': False, 'dest': 'robot.max_relative_target', 'default': None, 'help': '`max_relative_target` limits the magnitude of the relative positional target vector for safety purposes.\nSet this to a positive scalar to have the same value for all motors, or a dictionary that maps motor\nnames to the max_relative_target value for that motor.', 'type': typing.Union[float, typing.Dict[str, float], NoneType]}
DEBUG 2026-08-06 12:30:31 _wrapper.py:309 Arg options for field 'cameras': {'required': False, 'dest': 'robot.cameras', 'default': {}, 'help': 'cameras', 'type': typing.Dict[str, lerobot.cameras.configs.CameraConfig]}
DEBUG 2026-08-06 12:30:31 _wrapper.py:309 Arg options for field 'use_degrees': {'required': False, 'dest': 'robot.use_degrees', 'default': False, 'help': 'Set to `True` for backward compatibility with previous policies/dataset', 'type': <class 'bool'>}
DEBUG 2026-08-06 12:30:31 _wrapper.py:309 Arg options for field 'id': {'required': False, 'dest': 'robot.id', 'default': None, 'help': 'Allows to distinguish between different robots of the same type', 'type': typing.Optional[str]}
DEBUG 2026-08-06 12:30:31 _wrapper.py:309 Arg options for field 'calibration_dir': {'required': False, 'dest': 'robot.calibration_dir', 'default': None, 'help': 'Directory to store calibration file', 'type': typing.Optional[pathlib.Path]}
DEBUG 2026-08-06 12:30:31 _wrapper.py:309 Arg options for field 'port': {'required': False, 'dest': 'robot.port', 'default': None, 'help': 'Port to connect to the arm', 'type': <class 'str'>}
DEBUG 2026-08-06 12:30:31 _wrapper.py:309 Arg options for field 'disable_torque_on_disconnect': {'required': False, 'dest': 'robot.disable_torque_on_disconnect', 'default': True, 'help': ' ', 'type': <class 'bool'>}
DEBUG 2026-08-06 12:30:31 _wrapper.py:309 Arg options for field 'max_relative_target': {'required': False, 'dest': 'robot.max_relative_target', 'default': None, 'help': '`max_relative_target` limits the magnitude of the relative positional target vector for safety purposes.\nSet this to a positive scalar to have the same value for all motors, or a dictionary that maps motor\nnames to the max_relative_target value for that motor.', 'type': typing.Union[float, typing.Dict[str, float], NoneType]}
DEBUG 2026-08-06 12:30:31 _wrapper.py:309 Arg options for field 'cameras': {'required': False, 'dest': 'robot.cameras', 'default': {}, 'help': 'cameras', 'type': typing.Dict[str, lerobot.cameras.configs.CameraConfig]}
DEBUG 2026-08-06 12:30:31 _wrapper.py:309 Arg options for field 'use_degrees': {'required': False, 'dest': 'robot.use_degrees', 'default': False, 'help': 'Set to `True` for backward compatibility with previous policies/dataset', 'type': <class 'bool'>}
DEBUG 2026-08-06 12:30:31 _wrapper.py:309 Arg options for field 'actions_per_chunk': {'required': False, 'dest': 'actions_per_chunk', 'default': None, 'help': 'Policies typically output K actions at max, but we can use less to avoid wasting bandwidth (as actions\nwould be aggregated on the client side anyway, depending on the value of `chunk_size_threshold`)', 'type': <class 'int'>}
DEBUG 2026-08-06 12:30:31 _wrapper.py:309 Arg options for field 'task': {'required': False, 'dest': 'task', 'default': '', 'help': "Task instruction for the robot to execute (e.g., 'fold my tshirt')", 'type': <class 'str'>}
DEBUG 2026-08-06 12:30:31 _wrapper.py:309 Arg options for field 'server_address': {'required': False, 'dest': 'server_address', 'default': 'localhost:8080', 'help': 'Network configuration', 'type': <class 'str'>}
DEBUG 2026-08-06 12:30:31 _wrapper.py:309 Arg options for field 'policy_device': {'required': False, 'dest': 'policy_device', 'default': 'cpu', 'help': 'Device configuration', 'type': <class 'str'>}
DEBUG 2026-08-06 12:30:31 ocstring.py:253 Warning: Unable to parse attribute docstring:         default="cpu",
DEBUG 2026-08-06 12:30:31 _wrapper.py:309 Arg options for field 'client_device': {'required': False, 'dest': 'client_device', 'default': 'cpu', 'help': ' ', 'type': <class 'str'>}
DEBUG 2026-08-06 12:30:31 _wrapper.py:309 Arg options for field 'chunk_size_threshold': {'required': False, 'dest': 'chunk_size_threshold', 'default': 0.5, 'help': '\n\nControl behavior configuration', 'type': <class 'float'>}
DEBUG 2026-08-06 12:30:31 _wrapper.py:309 Arg options for field 'fps': {'required': False, 'dest': 'fps', 'default': 30, 'help': ' ', 'type': <class 'int'>}
DEBUG 2026-08-06 12:30:31 ocstring.py:253 Warning: Unable to parse attribute docstring:         default="weighted_average",
DEBUG 2026-08-06 12:30:31 _wrapper.py:309 Arg options for field 'aggregate_fn_name': {'required': False, 'dest': 'aggregate_fn_name', 'default': 'weighted_average', 'help': 'Aggregate function configuration (CLI-compatible)', 'type': <class 'str'>}
DEBUG 2026-08-06 12:30:31 ocstring.py:253 Warning: Unable to parse attribute docstring:         default=False, metadata={"help": "Visualize the action queue size"}
DEBUG 2026-08-06 12:30:31 _wrapper.py:309 Arg options for field 'debug_visualize_queue_size': {'required': False, 'dest': 'debug_visualize_queue_size', 'default': False, 'help': '\n\n\nDebug configuration', 'type': <class 'bool'>}
DEBUG 2026-08-06 12:30:31 gparsing.py:143 
POST PROCESSING

DEBUG 2026-08-06 12:30:31 gparsing.py:144 (raw) parsed args: Namespace(policy_type='act', pretrained_name_or_path='policies/batch7_step40k', actions_per_chunk='100', server_address='10.1.239.122:8080', policy_device='cuda', client_device='cpu', task='Pick up the strawberry and place it in the bin', fps='20', **{'robot.type': 'bi_so_follower', 'robot.id': 'guardian_follower', 'robot.left_arm_config.port': '/dev/guardian_left_follower', 'robot.right_arm_config.port': '/dev/guardian_right_follower', 'robot.left_arm_config.cameras': '{left_wrist: {type: opencv, index_or_path: /dev/cam_left_wrist, width: 640, height: 480, fps: 20, fourcc: MJPG}, right_wrist: {type: opencv, index_or_path: /dev/cam_right_wrist, width: 640, height: 480, fps: 20, fourcc: MJPG}, overhead: {type: opencv, index_or_path: /dev/cam_overhead, width: 640, height: 480, fps: 20, fourcc: MJPG, rotation: 180}}'})
DEBUG 2026-08-06 12:30:31 decoding.py:112 from_dict for <class 'lerobot.async_inference.configs.RobotClientConfig'>
DEBUG 2026-08-06 12:30:31 decoding.py:132 Decode name = policy_type, type = <class 'str'>
DEBUG 2026-08-06 12:30:31 decoding.py:132 Decode name = pretrained_name_or_path, type = <class 'str'>
DEBUG 2026-08-06 12:30:31 decoding.py:132 Decode name = robot, type = <class 'lerobot.robots.config.RobotConfig'>
DEBUG 2026-08-06 12:30:31 decoding.py:112 from_dict for <class 'lerobot.robots.bi_so_follower.config_bi_so_follower.BiSOFollowerConfig'>
DEBUG 2026-08-06 12:30:31 decoding.py:132 Decode name = id, type = typing.Optional[str]
DEBUG 2026-08-06 12:30:31 decoding.py:293 Decoding a Union field: typing.Optional[str]
DEBUG 2026-08-06 12:30:31 decoding.py:132 Decode name = left_arm_config, type = <class 'lerobot.robots.so_follower.config_so_follower.SOFollowerConfig'>
DEBUG 2026-08-06 12:30:31 decoding.py:112 from_dict for <class 'lerobot.robots.so_follower.config_so_follower.SOFollowerConfig'>
DEBUG 2026-08-06 12:30:31 decoding.py:132 Decode name = port, type = <class 'str'>
DEBUG 2026-08-06 12:30:31 decoding.py:132 Decode name = cameras, type = dict[str, lerobot.cameras.configs.CameraConfig]
DEBUG 2026-08-06 12:30:31 decoding.py:261 Decoding a Dict field: dict[str, lerobot.cameras.configs.CameraConfig]
DEBUG 2026-08-06 12:30:31 decoding.py:112 from_dict for <class 'lerobot.cameras.opencv.configuration_opencv.OpenCVCameraConfig'>
DEBUG 2026-08-06 12:30:31 decoding.py:132 Decode name = fps, type = typing.Optional[int]
DEBUG 2026-08-06 12:30:31 decoding.py:293 Decoding a Union field: typing.Optional[int]
DEBUG 2026-08-06 12:30:31 decoding.py:132 Decode name = width, type = typing.Optional[int]
DEBUG 2026-08-06 12:30:31 decoding.py:132 Decode name = height, type = typing.Optional[int]
DEBUG 2026-08-06 12:30:31 decoding.py:132 Decode name = index_or_path, type = typing.Union[int, pathlib.Path]
DEBUG 2026-08-06 12:30:31 decoding.py:293 Decoding a Union field: typing.Union[int, pathlib.Path]
DEBUG 2026-08-06 12:30:31 decoding.py:132 Decode name = fourcc, type = typing.Optional[str]
DEBUG 2026-08-06 12:30:31 decoding.py:112 from_dict for <class 'lerobot.cameras.opencv.configuration_opencv.OpenCVCameraConfig'>
DEBUG 2026-08-06 12:30:31 decoding.py:132 Decode name = fps, type = typing.Optional[int]
DEBUG 2026-08-06 12:30:31 decoding.py:132 Decode name = width, type = typing.Optional[int]
DEBUG 2026-08-06 12:30:31 decoding.py:132 Decode name = height, type = typing.Optional[int]
DEBUG 2026-08-06 12:30:31 decoding.py:132 Decode name = index_or_path, type = typing.Union[int, pathlib.Path]
DEBUG 2026-08-06 12:30:31 decoding.py:132 Decode name = fourcc, type = typing.Optional[str]
DEBUG 2026-08-06 12:30:31 decoding.py:112 from_dict for <class 'lerobot.cameras.opencv.configuration_opencv.OpenCVCameraConfig'>
DEBUG 2026-08-06 12:30:31 decoding.py:132 Decode name = fps, type = typing.Optional[int]
DEBUG 2026-08-06 12:30:31 decoding.py:132 Decode name = width, type = typing.Optional[int]
DEBUG 2026-08-06 12:30:31 decoding.py:132 Decode name = height, type = typing.Optional[int]
DEBUG 2026-08-06 12:30:31 decoding.py:132 Decode name = index_or_path, type = typing.Union[int, pathlib.Path]
DEBUG 2026-08-06 12:30:31 decoding.py:132 Decode name = rotation, type = <enum 'Cv2Rotation'>
DEBUG 2026-08-06 12:30:31 decoding.py:132 Decode name = fourcc, type = typing.Optional[str]
DEBUG 2026-08-06 12:30:31 decoding.py:132 Decode name = right_arm_config, type = <class 'lerobot.robots.so_follower.config_so_follower.SOFollowerConfig'>
DEBUG 2026-08-06 12:30:31 decoding.py:112 from_dict for <class 'lerobot.robots.so_follower.config_so_follower.SOFollowerConfig'>
DEBUG 2026-08-06 12:30:31 decoding.py:132 Decode name = port, type = <class 'str'>
DEBUG 2026-08-06 12:30:31 decoding.py:132 Decode name = actions_per_chunk, type = <class 'int'>
DEBUG 2026-08-06 12:30:31 decoding.py:132 Decode name = task, type = <class 'str'>
DEBUG 2026-08-06 12:30:31 decoding.py:132 Decode name = server_address, type = <class 'str'>
DEBUG 2026-08-06 12:30:31 decoding.py:132 Decode name = policy_device, type = <class 'str'>
DEBUG 2026-08-06 12:30:31 decoding.py:132 Decode name = client_device, type = <class 'str'>
DEBUG 2026-08-06 12:30:31 decoding.py:132 Decode name = fps, type = <class 'int'>
INFO 2026-08-06 12:30:31 t_client.py:486 {'actions_per_chunk': 100,
 'aggregate_fn_name': 'weighted_average',
 'chunk_size_threshold': 0.5,
 'client_device': 'cpu',
 'debug_visualize_queue_size': False,
 'fps': 20,
 'policy_device': 'cuda',
 'policy_type': 'act',
 'pretrained_name_or_path': 'policies/batch7_step40k',
 'robot': {'calibration_dir': None,
           'cameras': {},
           'id': 'guardian_follower',
           'left_arm_config': {'cameras': {'left_wrist': {'backend': <Cv2Backends.ANY: 0>,
                                                          'color_mode': <ColorMode.RGB: 'rgb'>,
                                                          'fourcc': 'MJPG',
                                                          'fps': 20,
                                                          'height': 480,
                                                          'index_or_path': PosixPath('/dev/cam_left_wrist'),
                                                          'rotation': <Cv2Rotation.NO_ROTATION: 0>,
                                                          'warmup_s': 1,
                                                          'width': 640},
                                           'overhead': {'backend': <Cv2Backends.ANY: 0>,
                                                        'color_mode': <ColorMode.RGB: 'rgb'>,
                                                        'fourcc': 'MJPG',
                                                        'fps': 20,
                                                        'height': 480,
                                                        'index_or_path': PosixPath('/dev/cam_overhead'),
                                                        'rotation': <Cv2Rotation.ROTATE_180: 180>,
                                                        'warmup_s': 1,
                                                        'width': 640},
                                           'right_wrist': {'backend': <Cv2Backends.ANY: 0>,
                                                           'color_mode': <ColorMode.RGB: 'rgb'>,
                                                           'fourcc': 'MJPG',
                                                           'fps': 20,
                                                           'height': 480,
                                                           'index_or_path': PosixPath('/dev/cam_right_wrist'),
                                                           'rotation': <Cv2Rotation.NO_ROTATION: 0>,
                                                           'warmup_s': 1,
                                                           'width': 640}},
                               'disable_torque_on_disconnect': True,
                               'max_relative_target': None,
                               'port': '/dev/guardian_left_follower',
                               'use_degrees': True},
           'right_arm_config': {'cameras': {},
                                'disable_torque_on_disconnect': True,
                                'max_relative_target': None,
                                'port': '/dev/guardian_right_follower',
                                'use_degrees': True}},
 'server_address': '10.1.239.122:8080',
 'task': 'Pick up the strawberry and place it in the bin'}
DEBUG 2026-08-06 12:30:31 decoding.py:261 Decoding a Dict field: typing.Dict[str, lerobot.motors.motors_bus.MotorCalibration]
DEBUG 2026-08-06 12:30:31 decoding.py:112 from_dict for <class 'lerobot.motors.motors_bus.MotorCalibration'>
DEBUG 2026-08-06 12:30:31 decoding.py:132 Decode name = id, type = <class 'int'>
DEBUG 2026-08-06 12:30:31 decoding.py:132 Decode name = drive_mode, type = <class 'int'>
DEBUG 2026-08-06 12:30:31 decoding.py:132 Decode name = homing_offset, type = <class 'int'>
DEBUG 2026-08-06 12:30:31 decoding.py:132 Decode name = range_min, type = <class 'int'>
DEBUG 2026-08-06 12:30:31 decoding.py:132 Decode name = range_max, type = <class 'int'>
DEBUG 2026-08-06 12:30:31 decoding.py:112 from_dict for <class 'lerobot.motors.motors_bus.MotorCalibration'>
DEBUG 2026-08-06 12:30:31 decoding.py:132 Decode name = id, type = <class 'int'>
DEBUG 2026-08-06 12:30:31 decoding.py:132 Decode name = drive_mode, type = <class 'int'>
DEBUG 2026-08-06 12:30:31 decoding.py:132 Decode name = homing_offset, type = <class 'int'>
DEBUG 2026-08-06 12:30:31 decoding.py:132 Decode name = range_min, type = <class 'int'>
DEBUG 2026-08-06 12:30:31 decoding.py:132 Decode name = range_max, type = <class 'int'>
DEBUG 2026-08-06 12:30:31 decoding.py:112 from_dict for <class 'lerobot.motors.motors_bus.MotorCalibration'>
DEBUG 2026-08-06 12:30:31 decoding.py:132 Decode name = id, type = <class 'int'>
DEBUG 2026-08-06 12:30:31 decoding.py:132 Decode name = drive_mode, type = <class 'int'>
DEBUG 2026-08-06 12:30:31 decoding.py:132 Decode name = homing_offset, type = <class 'int'>
DEBUG 2026-08-06 12:30:31 decoding.py:132 Decode name = range_min, type = <class 'int'>
DEBUG 2026-08-06 12:30:31 decoding.py:132 Decode name = range_max, type = <class 'int'>
DEBUG 2026-08-06 12:30:31 decoding.py:112 from_dict for <class 'lerobot.motors.motors_bus.MotorCalibration'>
DEBUG 2026-08-06 12:30:31 decoding.py:132 Decode name = id, type = <class 'int'>
DEBUG 2026-08-06 12:30:31 decoding.py:132 Decode name = drive_mode, type = <class 'int'>
DEBUG 2026-08-06 12:30:31 decoding.py:132 Decode name = homing_offset, type = <class 'int'>
DEBUG 2026-08-06 12:30:31 decoding.py:132 Decode name = range_min, type = <class 'int'>
DEBUG 2026-08-06 12:30:31 decoding.py:132 Decode name = range_max, type = <class 'int'>
DEBUG 2026-08-06 12:30:31 decoding.py:112 from_dict for <class 'lerobot.motors.motors_bus.MotorCalibration'>
DEBUG 2026-08-06 12:30:31 decoding.py:132 Decode name = id, type = <class 'int'>
DEBUG 2026-08-06 12:30:31 decoding.py:132 Decode name = drive_mode, type = <class 'int'>
DEBUG 2026-08-06 12:30:31 decoding.py:132 Decode name = homing_offset, type = <class 'int'>
DEBUG 2026-08-06 12:30:31 decoding.py:132 Decode name = range_min, type = <class 'int'>
DEBUG 2026-08-06 12:30:31 decoding.py:132 Decode name = range_max, type = <class 'int'>
DEBUG 2026-08-06 12:30:31 decoding.py:112 from_dict for <class 'lerobot.motors.motors_bus.MotorCalibration'>
DEBUG 2026-08-06 12:30:31 decoding.py:132 Decode name = id, type = <class 'int'>
DEBUG 2026-08-06 12:30:31 decoding.py:132 Decode name = drive_mode, type = <class 'int'>
DEBUG 2026-08-06 12:30:31 decoding.py:132 Decode name = homing_offset, type = <class 'int'>
DEBUG 2026-08-06 12:30:31 decoding.py:132 Decode name = range_min, type = <class 'int'>
DEBUG 2026-08-06 12:30:31 decoding.py:132 Decode name = range_max, type = <class 'int'>
DEBUG 2026-08-06 12:30:31 ort_utils.py:65 Detected feetech-servo-sdk version: 1.0.0
DEBUG 2026-08-06 12:30:31 ort_utils.py:65 Detected pyserial version: 3.5
DEBUG 2026-08-06 12:30:31 ort_utils.py:65 Detected deepdiff version: 8.6.2
DEBUG 2026-08-06 12:30:31 decoding.py:112 from_dict for <class 'lerobot.motors.motors_bus.MotorCalibration'>
DEBUG 2026-08-06 12:30:31 decoding.py:132 Decode name = id, type = <class 'int'>
DEBUG 2026-08-06 12:30:31 decoding.py:132 Decode name = drive_mode, type = <class 'int'>
DEBUG 2026-08-06 12:30:31 decoding.py:132 Decode name = homing_offset, type = <class 'int'>
DEBUG 2026-08-06 12:30:31 decoding.py:132 Decode name = range_min, type = <class 'int'>
DEBUG 2026-08-06 12:30:31 decoding.py:132 Decode name = range_max, type = <class 'int'>
DEBUG 2026-08-06 12:30:31 decoding.py:112 from_dict for <class 'lerobot.motors.motors_bus.MotorCalibration'>
DEBUG 2026-08-06 12:30:31 decoding.py:132 Decode name = id, type = <class 'int'>
DEBUG 2026-08-06 12:30:31 decoding.py:132 Decode name = drive_mode, type = <class 'int'>
DEBUG 2026-08-06 12:30:31 decoding.py:132 Decode name = homing_offset, type = <class 'int'>
DEBUG 2026-08-06 12:30:31 decoding.py:132 Decode name = range_min, type = <class 'int'>
DEBUG 2026-08-06 12:30:31 decoding.py:132 Decode name = range_max, type = <class 'int'>
DEBUG 2026-08-06 12:30:31 decoding.py:112 from_dict for <class 'lerobot.motors.motors_bus.MotorCalibration'>
DEBUG 2026-08-06 12:30:31 decoding.py:132 Decode name = id, type = <class 'int'>
DEBUG 2026-08-06 12:30:31 decoding.py:132 Decode name = drive_mode, type = <class 'int'>
DEBUG 2026-08-06 12:30:31 decoding.py:132 Decode name = homing_offset, type = <class 'int'>
DEBUG 2026-08-06 12:30:31 decoding.py:132 Decode name = range_min, type = <class 'int'>
DEBUG 2026-08-06 12:30:31 decoding.py:132 Decode name = range_max, type = <class 'int'>
DEBUG 2026-08-06 12:30:31 decoding.py:112 from_dict for <class 'lerobot.motors.motors_bus.MotorCalibration'>
DEBUG 2026-08-06 12:30:31 decoding.py:132 Decode name = id, type = <class 'int'>
DEBUG 2026-08-06 12:30:31 decoding.py:132 Decode name = drive_mode, type = <class 'int'>
DEBUG 2026-08-06 12:30:31 decoding.py:132 Decode name = homing_offset, type = <class 'int'>
DEBUG 2026-08-06 12:30:31 decoding.py:132 Decode name = range_min, type = <class 'int'>
DEBUG 2026-08-06 12:30:31 decoding.py:132 Decode name = range_max, type = <class 'int'>
DEBUG 2026-08-06 12:30:31 decoding.py:112 from_dict for <class 'lerobot.motors.motors_bus.MotorCalibration'>
DEBUG 2026-08-06 12:30:31 decoding.py:132 Decode name = id, type = <class 'int'>
DEBUG 2026-08-06 12:30:31 decoding.py:132 Decode name = drive_mode, type = <class 'int'>
DEBUG 2026-08-06 12:30:31 decoding.py:132 Decode name = homing_offset, type = <class 'int'>
DEBUG 2026-08-06 12:30:31 decoding.py:132 Decode name = range_min, type = <class 'int'>
DEBUG 2026-08-06 12:30:31 decoding.py:132 Decode name = range_max, type = <class 'int'>
DEBUG 2026-08-06 12:30:31 decoding.py:112 from_dict for <class 'lerobot.motors.motors_bus.MotorCalibration'>
DEBUG 2026-08-06 12:30:31 decoding.py:132 Decode name = id, type = <class 'int'>
DEBUG 2026-08-06 12:30:31 decoding.py:132 Decode name = drive_mode, type = <class 'int'>
DEBUG 2026-08-06 12:30:31 decoding.py:132 Decode name = homing_offset, type = <class 'int'>
DEBUG 2026-08-06 12:30:31 decoding.py:132 Decode name = range_min, type = <class 'int'>
DEBUG 2026-08-06 12:30:31 decoding.py:132 Decode name = range_max, type = <class 'int'>
DEBUG 2026-08-06 12:30:31 tors_bus.py:527 FeetechMotorsBus connected.
INFO 2026-08-06 12:30:33 a_opencv.py:179 OpenCVCamera(/dev/cam_left_wrist) connected.
INFO 2026-08-06 12:30:34 a_opencv.py:179 OpenCVCamera(/dev/cam_right_wrist) connected.
INFO 2026-08-06 12:30:35 a_opencv.py:179 OpenCVCamera(/dev/cam_overhead) connected.
INFO 2026-08-06 12:30:35 follower.py:109 guardian_follower_left SOFollower connected.
DEBUG 2026-08-06 12:30:35 tors_bus.py:527 FeetechMotorsBus connected.
INFO 2026-08-06 12:30:35 follower.py:109 guardian_follower_right SOFollower connected.
INFO 2026-08-06 12:30:35 t_client.py:114 Initializing client to connect to server at 10.1.239.122:8080
INFO 2026-08-06 12:30:35 t_client.py:133 Robot connected and ready
DEBUG 2026-08-06 12:30:36 t_client.py:150 Connected to policy server in 0.0393s
INFO 2026-08-06 12:30:36 t_client.py:156 Sending policy instructions to policy server
DEBUG 2026-08-06 12:30:36 t_client.py:157 Policy type: act | Pretrained name or path: policies/batch7_step40k | Device: cuda
INFO 2026-08-06 12:30:36 t_client.py:495 Starting action receiver thread...
INFO 2026-08-06 12:30:36 t_client.py:462 Control loop thread starting
INFO 2026-08-06 12:30:36 t_client.py:273 Action receiving thread starting
DEBUG 2026-08-06 12:30:36 follower.py:188 guardian_follower_left SOFollower read state: 1.7ms
DEBUG 2026-08-06 12:30:36 follower.py:196 guardian_follower_left SOFollower read left_wrist: 0.0ms
DEBUG 2026-08-06 12:30:36 follower.py:196 guardian_follower_left SOFollower read right_wrist: 0.0ms
DEBUG 2026-08-06 12:30:36 follower.py:196 guardian_follower_left SOFollower read overhead: 0.0ms
DEBUG 2026-08-06 12:30:36 follower.py:188 guardian_follower_right SOFollower read state: 1.2ms
DEBUG 2026-08-06 12:30:36 t_client.py:198 Observation serialization time: 0.001920s
DEBUG 2026-08-06 12:30:36 ort/utils.py:54 [CLIENT] Observation Buffer size 2.637557029724121 MB with
DEBUG 2026-08-06 12:30:36 ort/utils.py:69 [CLIENT] Observation Sent 2097152/2765679 bytes with state 1
DEBUG 2026-08-06 12:30:36 ort/utils.py:69 [CLIENT] Observation Sent 2765679/2765679 bytes with state 3
DEBUG 2026-08-06 12:30:36 ort/utils.py:71 [CLIENT] Observation Published 2.637557029724121 MB
DEBUG 2026-08-06 12:30:36 t_client.py:209 Sent observation #0 | 
DEBUG 2026-08-06 12:30:36 t_client.py:434 QUEUE SIZE: 0 (Must go: True)
DEBUG 2026-08-06 12:30:36 t_client.py:477 Control loop (ms): 385.62
DEBUG 2026-08-06 12:30:36 follower.py:188 guardian_follower_left SOFollower read state: 1.4ms
DEBUG 2026-08-06 12:30:36 follower.py:196 guardian_follower_left SOFollower read left_wrist: 0.0ms
DEBUG 2026-08-06 12:30:36 follower.py:196 guardian_follower_left SOFollower read right_wrist: 0.0ms
DEBUG 2026-08-06 12:30:36 follower.py:196 guardian_follower_left SOFollower read overhead: 0.0ms
DEBUG 2026-08-06 12:30:36 follower.py:188 guardian_follower_right SOFollower read state: 0.9ms
DEBUG 2026-08-06 12:30:36 t_client.py:198 Observation serialization time: 0.001262s
DEBUG 2026-08-06 12:30:36 ort/utils.py:54 [CLIENT] Observation Buffer size 2.637557029724121 MB with
DEBUG 2026-08-06 12:30:37 ort/utils.py:69 [CLIENT] Observation Sent 2097152/2765679 bytes with state 1
DEBUG 2026-08-06 12:30:37 t_client.py:292 Received actions on device: cpu
DEBUG 2026-08-06 12:30:37 t_client.py:302 Actions kept on device: cpu
DEBUG 2026-08-06 12:30:37 ort/utils.py:69 [CLIENT] Observation Sent 2765679/2765679 bytes with state 3
DEBUG 2026-08-06 12:30:37 ort/utils.py:71 [CLIENT] Observation Published 2.637557029724121 MB
DEBUG 2026-08-06 12:30:37 t_client.py:209 Sent observation #0 | 
DEBUG 2026-08-06 12:30:37 t_client.py:434 QUEUE SIZE: 0 (Must go: False)
DEBUG 2026-08-06 12:30:37 t_client.py:477 Control loop (ms): 441.13
DEBUG 2026-08-06 12:30:37 t_client.py:477 Control loop (ms): 0.63
DEBUG 2026-08-06 12:30:37 t_client.py:477 Control loop (ms): 0.69
DEBUG 2026-08-06 12:30:37 t_client.py:477 Control loop (ms): 0.55
DEBUG 2026-08-06 12:30:37 t_client.py:477 Control loop (ms): 0.36
DEBUG 2026-08-06 12:30:37 t_client.py:477 Control loop (ms): 0.37
DEBUG 2026-08-06 12:30:37 t_client.py:477 Control loop (ms): 0.39
DEBUG 2026-08-06 12:30:37 t_client.py:477 Control loop (ms): 0.46
DEBUG 2026-08-06 12:30:37 t_client.py:477 Control loop (ms): 0.36
DEBUG 2026-08-06 12:30:37 t_client.py:477 Control loop (ms): 0.39
DEBUG 2026-08-06 12:30:37 t_client.py:477 Control loop (ms): 0.38
DEBUG 2026-08-06 12:30:37 t_client.py:477 Control loop (ms): 0.27
DEBUG 2026-08-06 12:30:37 t_client.py:477 Control loop (ms): 0.44
DEBUG 2026-08-06 12:30:37 t_client.py:477 Control loop (ms): 0.28
DEBUG 2026-08-06 12:30:38 t_client.py:477 Control loop (ms): 0.50
DEBUG 2026-08-06 12:30:38 t_client.py:477 Control loop (ms): 0.40
DEBUG 2026-08-06 12:30:38 t_client.py:477 Control loop (ms): 0.30
DEBUG 2026-08-06 12:30:38 t_client.py:477 Control loop (ms): 0.40
DEBUG 2026-08-06 12:30:38 t_client.py:477 Control loop (ms): 0.35
DEBUG 2026-08-06 12:30:38 t_client.py:477 Control loop (ms): 0.36
DEBUG 2026-08-06 12:30:38 t_client.py:477 Control loop (ms): 0.34
DEBUG 2026-08-06 12:30:38 t_client.py:477 Control loop (ms): 0.46
DEBUG 2026-08-06 12:30:38 t_client.py:477 Control loop (ms): 0.36
DEBUG 2026-08-06 12:30:38 t_client.py:477 Control loop (ms): 0.36
DEBUG 2026-08-06 12:30:38 t_client.py:477 Control loop (ms): 0.34
DEBUG 2026-08-06 12:30:38 t_client.py:477 Control loop (ms): 0.43
DEBUG 2026-08-06 12:30:38 t_client.py:477 Control loop (ms): 0.37
DEBUG 2026-08-06 12:30:38 t_client.py:477 Control loop (ms): 0.35
DEBUG 2026-08-06 12:30:38 t_client.py:477 Control loop (ms): 0.31
DEBUG 2026-08-06 12:30:38 t_client.py:477 Control loop (ms): 0.27
DEBUG 2026-08-06 12:30:38 t_client.py:477 Control loop (ms): 0.35
DEBUG 2026-08-06 12:30:38 t_client.py:477 Control loop (ms): 0.34
DEBUG 2026-08-06 12:30:38 t_client.py:477 Control loop (ms): 0.30
DEBUG 2026-08-06 12:30:38 t_client.py:477 Control loop (ms): 0.28
DEBUG 2026-08-06 12:30:39 t_client.py:477 Control loop (ms): 0.37
DEBUG 2026-08-06 12:30:39 t_client.py:477 Control loop (ms): 0.40
DEBUG 2026-08-06 12:30:39 t_client.py:477 Control loop (ms): 0.35
DEBUG 2026-08-06 12:30:39 t_client.py:477 Control loop (ms): 0.35
DEBUG 2026-08-06 12:30:39 t_client.py:477 Control loop (ms): 0.38
DEBUG 2026-08-06 12:30:39 t_client.py:477 Control loop (ms): 0.38
DEBUG 2026-08-06 12:30:39 t_client.py:477 Control loop (ms): 0.22
DEBUG 2026-08-06 12:30:39 t_client.py:477 Control loop (ms): 0.46
DEBUG 2026-08-06 12:30:39 t_client.py:477 Control loop (ms): 0.42
DEBUG 2026-08-06 12:30:39 t_client.py:477 Control loop (ms): 0.41
DEBUG 2026-08-06 12:30:39 t_client.py:477 Control loop (ms): 0.33
DEBUG 2026-08-06 12:30:39 t_client.py:477 Control loop (ms): 0.38
DEBUG 2026-08-06 12:30:39 t_client.py:477 Control loop (ms): 0.28
DEBUG 2026-08-06 12:30:39 t_client.py:477 Control loop (ms): 0.24
DEBUG 2026-08-06 12:30:39 t_client.py:477 Control loop (ms): 0.35
DEBUG 2026-08-06 12:30:39 t_client.py:477 Control loop (ms): 0.41
DEBUG 2026-08-06 12:30:39 follower.py:188 guardian_follower_left SOFollower read state: 1.4ms
DEBUG 2026-08-06 12:30:39 follower.py:196 guardian_follower_left SOFollower read left_wrist: 0.0ms
DEBUG 2026-08-06 12:30:39 follower.py:196 guardian_follower_left SOFollower read right_wrist: 0.0ms
DEBUG 2026-08-06 12:30:39 follower.py:196 guardian_follower_left SOFollower read overhead: 0.0ms
DEBUG 2026-08-06 12:30:39 follower.py:188 guardian_follower_right SOFollower read state: 0.9ms
DEBUG 2026-08-06 12:30:39 t_client.py:198 Observation serialization time: 0.001664s
DEBUG 2026-08-06 12:30:39 ort/utils.py:54 [CLIENT] Observation Buffer size 2.637557029724121 MB with
DEBUG 2026-08-06 12:30:40 ort/utils.py:69 [CLIENT] Observation Sent 2097152/2765679 bytes with state 1
DEBUG 2026-08-06 12:30:40 ort/utils.py:69 [CLIENT] Observation Sent 2765679/2765679 bytes with state 3
DEBUG 2026-08-06 12:30:40 ort/utils.py:71 [CLIENT] Observation Published 2.637557029724121 MB
DEBUG 2026-08-06 12:30:40 t_client.py:209 Sent observation #49 | 
DEBUG 2026-08-06 12:30:40 t_client.py:434 QUEUE SIZE: 50 (Must go: False)
DEBUG 2026-08-06 12:30:40 t_client.py:477 Control loop (ms): 444.79
DEBUG 2026-08-06 12:30:40 follower.py:188 guardian_follower_left SOFollower read state: 1.4ms
DEBUG 2026-08-06 12:30:40 follower.py:196 guardian_follower_left SOFollower read left_wrist: 0.0ms
DEBUG 2026-08-06 12:30:40 follower.py:196 guardian_follower_left SOFollower read right_wrist: 0.0ms
DEBUG 2026-08-06 12:30:40 follower.py:196 guardian_follower_left SOFollower read overhead: 0.0ms
DEBUG 2026-08-06 12:30:40 follower.py:188 guardian_follower_right SOFollower read state: 0.9ms
DEBUG 2026-08-06 12:30:40 t_client.py:198 Observation serialization time: 0.002231s
DEBUG 2026-08-06 12:30:40 ort/utils.py:54 [CLIENT] Observation Buffer size 2.637557029724121 MB with
DEBUG 2026-08-06 12:30:40 ort/utils.py:69 [CLIENT] Observation Sent 2097152/2765679 bytes with state 1
DEBUG 2026-08-06 12:30:40 ort/utils.py:69 [CLIENT] Observation Sent 2765679/2765679 bytes with state 3
DEBUG 2026-08-06 12:30:40 ort/utils.py:71 [CLIENT] Observation Published 2.637557029724121 MB
DEBUG 2026-08-06 12:30:40 t_client.py:292 Received actions on device: cpu
DEBUG 2026-08-06 12:30:40 t_client.py:302 Actions kept on device: cpu
DEBUG 2026-08-06 12:30:40 t_client.py:209 Sent observation #50 | 
DEBUG 2026-08-06 12:30:40 t_client.py:434 QUEUE SIZE: 49 (Must go: False)
DEBUG 2026-08-06 12:30:40 t_client.py:477 Control loop (ms): 382.94
DEBUG 2026-08-06 12:30:40 t_client.py:477 Control loop (ms): 0.44
DEBUG 2026-08-06 12:30:40 t_client.py:477 Control loop (ms): 0.42
DEBUG 2026-08-06 12:30:40 t_client.py:477 Control loop (ms): 0.82
DEBUG 2026-08-06 12:30:40 t_client.py:292 Received actions on device: cpu
DEBUG 2026-08-06 12:30:40 t_client.py:302 Actions kept on device: cpu
DEBUG 2026-08-06 12:30:40 t_client.py:477 Control loop (ms): 0.33
DEBUG 2026-08-06 12:30:40 t_client.py:477 Control loop (ms): 0.35
DEBUG 2026-08-06 12:30:40 t_client.py:477 Control loop (ms): 0.32
DEBUG 2026-08-06 12:30:40 t_client.py:477 Control loop (ms): 0.38
DEBUG 2026-08-06 12:30:40 t_client.py:477 Control loop (ms): 0.32
DEBUG 2026-08-06 12:30:41 t_client.py:477 Control loop (ms): 0.32
DEBUG 2026-08-06 12:30:41 t_client.py:477 Control loop (ms): 0.30
DEBUG 2026-08-06 12:30:41 t_client.py:477 Control loop (ms): 0.23
DEBUG 2026-08-06 12:30:41 t_client.py:477 Control loop (ms): 0.33
DEBUG 2026-08-06 12:30:41 t_client.py:477 Control loop (ms): 0.30
DEBUG 2026-08-06 12:30:41 t_client.py:477 Control loop (ms): 0.34
DEBUG 2026-08-06 12:30:41 t_client.py:477 Control loop (ms): 0.32
DEBUG 2026-08-06 12:30:41 t_client.py:477 Control loop (ms): 0.29
DEBUG 2026-08-06 12:30:41 t_client.py:477 Control loop (ms): 0.32
DEBUG 2026-08-06 12:30:41 t_client.py:477 Control loop (ms): 0.30
DEBUG 2026-08-06 12:30:41 t_client.py:477 Control loop (ms): 0.29
DEBUG 2026-08-06 12:30:41 t_client.py:477 Control loop (ms): 0.28
DEBUG 2026-08-06 12:30:41 t_client.py:477 Control loop (ms): 0.30
DEBUG 2026-08-06 12:30:41 t_client.py:477 Control loop (ms): 0.29
DEBUG 2026-08-06 12:30:41 t_client.py:477 Control loop (ms): 0.29
DEBUG 2026-08-06 12:30:41 t_client.py:477 Control loop (ms): 0.32
DEBUG 2026-08-06 12:30:41 t_client.py:477 Control loop (ms): 0.29
DEBUG 2026-08-06 12:30:41 t_client.py:477 Control loop (ms): 0.28
DEBUG 2026-08-06 12:30:41 t_client.py:477 Control loop (ms): 0.32
DEBUG 2026-08-06 12:30:41 t_client.py:477 Control loop (ms): 0.32
DEBUG 2026-08-06 12:30:42 t_client.py:477 Control loop (ms): 0.34
DEBUG 2026-08-06 12:30:42 t_client.py:477 Control loop (ms): 0.31
DEBUG 2026-08-06 12:30:42 t_client.py:477 Control loop (ms): 0.30
DEBUG 2026-08-06 12:30:42 t_client.py:477 Control loop (ms): 0.34
DEBUG 2026-08-06 12:30:42 t_client.py:477 Control loop (ms): 0.32
DEBUG 2026-08-06 12:30:42 t_client.py:477 Control loop (ms): 0.30
DEBUG 2026-08-06 12:30:42 t_client.py:477 Control loop (ms): 0.34
DEBUG 2026-08-06 12:30:42 t_client.py:477 Control loop (ms): 0.49
DEBUG 2026-08-06 12:30:42 t_client.py:477 Control loop (ms): 0.32
DEBUG 2026-08-06 12:30:42 t_client.py:477 Control loop (ms): 0.38
DEBUG 2026-08-06 12:30:42 t_client.py:477 Control loop (ms): 0.36
DEBUG 2026-08-06 12:30:42 t_client.py:477 Control loop (ms): 0.42
DEBUG 2026-08-06 12:30:42 t_client.py:477 Control loop (ms): 0.42
DEBUG 2026-08-06 12:30:42 t_client.py:477 Control loop (ms): 0.30
DEBUG 2026-08-06 12:30:42 t_client.py:477 Control loop (ms): 0.41
DEBUG 2026-08-06 12:30:42 t_client.py:477 Control loop (ms): 0.40
DEBUG 2026-08-06 12:30:42 t_client.py:477 Control loop (ms): 0.51
DEBUG 2026-08-06 12:30:42 t_client.py:477 Control loop (ms): 0.32
DEBUG 2026-08-06 12:30:42 t_client.py:477 Control loop (ms): 0.38
DEBUG 2026-08-06 12:30:42 t_client.py:477 Control loop (ms): 0.35
DEBUG 2026-08-06 12:30:43 follower.py:188 guardian_follower_left SOFollower read state: 1.4ms
DEBUG 2026-08-06 12:30:43 follower.py:196 guardian_follower_left SOFollower read left_wrist: 0.0ms
DEBUG 2026-08-06 12:30:43 follower.py:196 guardian_follower_left SOFollower read right_wrist: 0.0ms
DEBUG 2026-08-06 12:30:43 follower.py:196 guardian_follower_left SOFollower read overhead: 0.0ms
DEBUG 2026-08-06 12:30:43 follower.py:188 guardian_follower_right SOFollower read state: 0.9ms
DEBUG 2026-08-06 12:30:43 t_client.py:198 Observation serialization time: 0.001693s
DEBUG 2026-08-06 12:30:43 ort/utils.py:54 [CLIENT] Observation Buffer size 2.637557029724121 MB with
DEBUG 2026-08-06 12:30:43 ort/utils.py:69 [CLIENT] Observation Sent 2097152/2765679 bytes with state 1
DEBUG 2026-08-06 12:30:43 ort/utils.py:69 [CLIENT] Observation Sent 2765679/2765679 bytes with state 3
DEBUG 2026-08-06 12:30:43 ort/utils.py:71 [CLIENT] Observation Published 2.637557029724121 MB
DEBUG 2026-08-06 12:30:43 t_client.py:209 Sent observation #99 | 
DEBUG 2026-08-06 12:30:43 t_client.py:434 QUEUE SIZE: 50 (Must go: False)
DEBUG 2026-08-06 12:30:43 t_client.py:477 Control loop (ms): 325.86
DEBUG 2026-08-06 12:30:43 follower.py:188 guardian_follower_left SOFollower read state: 1.3ms
DEBUG 2026-08-06 12:30:43 follower.py:196 guardian_follower_left SOFollower read left_wrist: 0.0ms
DEBUG 2026-08-06 12:30:43 follower.py:196 guardian_follower_left SOFollower read right_wrist: 0.0ms
DEBUG 2026-08-06 12:30:43 follower.py:196 guardian_follower_left SOFollower read overhead: 0.0ms
DEBUG 2026-08-06 12:30:43 follower.py:188 guardian_follower_right SOFollower read state: 0.9ms
DEBUG 2026-08-06 12:30:43 t_client.py:198 Observation serialization time: 0.001552s
DEBUG 2026-08-06 12:30:43 ort/utils.py:54 [CLIENT] Observation Buffer size 2.637557029724121 MB with
DEBUG 2026-08-06 12:30:43 ort/utils.py:69 [CLIENT] Observation Sent 2097152/2765679 bytes with state 1
DEBUG 2026-08-06 12:30:43 ort/utils.py:69 [CLIENT] Observation Sent 2765679/2765679 bytes with state 3
DEBUG 2026-08-06 12:30:43 ort/utils.py:71 [CLIENT] Observation Published 2.637557029724121 MB
DEBUG 2026-08-06 12:30:43 t_client.py:292 Received actions on device: cpu
DEBUG 2026-08-06 12:30:43 t_client.py:302 Actions kept on device: cpu
DEBUG 2026-08-06 12:30:43 t_client.py:209 Sent observation #100 | 
DEBUG 2026-08-06 12:30:43 t_client.py:434 QUEUE SIZE: 49 (Must go: False)
DEBUG 2026-08-06 12:30:43 t_client.py:477 Control loop (ms): 391.76
DEBUG 2026-08-06 12:30:43 t_client.py:477 Control loop (ms): 0.50
DEBUG 2026-08-06 12:30:43 t_client.py:477 Control loop (ms): 0.39
DEBUG 2026-08-06 12:30:43 t_client.py:292 Received actions on device: cpu
DEBUG 2026-08-06 12:30:43 t_client.py:302 Actions kept on device: cpu
DEBUG 2026-08-06 12:30:43 t_client.py:477 Control loop (ms): 0.33
DEBUG 2026-08-06 12:30:43 t_client.py:477 Control loop (ms): 0.27
DEBUG 2026-08-06 12:30:43 t_client.py:477 Control loop (ms): 0.22
DEBUG 2026-08-06 12:30:44 t_client.py:477 Control loop (ms): 0.24
DEBUG 2026-08-06 12:30:44 t_client.py:477 Control loop (ms): 0.26
DEBUG 2026-08-06 12:30:44 t_client.py:477 Control loop (ms): 0.45
DEBUG 2026-08-06 12:30:44 t_client.py:477 Control loop (ms): 0.42
DEBUG 2026-08-06 12:30:44 t_client.py:477 Control loop (ms): 0.36
DEBUG 2026-08-06 12:30:44 t_client.py:477 Control loop (ms): 0.33
DEBUG 2026-08-06 12:30:44 t_client.py:477 Control loop (ms): 0.33
DEBUG 2026-08-06 12:30:44 t_client.py:477 Control loop (ms): 0.43
DEBUG 2026-08-06 12:30:44 t_client.py:477 Control loop (ms): 0.35
DEBUG 2026-08-06 12:30:44 t_client.py:477 Control loop (ms): 0.38
DEBUG 2026-08-06 12:30:44 t_client.py:477 Control loop (ms): 0.35
DEBUG 2026-08-06 12:30:44 t_client.py:477 Control loop (ms): 0.41
DEBUG 2026-08-06 12:30:44 t_client.py:477 Control loop (ms): 0.41
DEBUG 2026-08-06 12:30:44 t_client.py:477 Control loop (ms): 0.39
DEBUG 2026-08-06 12:30:44 t_client.py:477 Control loop (ms): 0.41
DEBUG 2026-08-06 12:30:44 t_client.py:477 Control loop (ms): 0.28
DEBUG 2026-08-06 12:30:44 t_client.py:477 Control loop (ms): 0.44
DEBUG 2026-08-06 12:30:44 t_client.py:477 Control loop (ms): 0.36
DEBUG 2026-08-06 12:30:44 t_client.py:477 Control loop (ms): 0.43
DEBUG 2026-08-06 12:30:44 t_client.py:477 Control loop (ms): 0.40
DEBUG 2026-08-06 12:30:45 t_client.py:477 Control loop (ms): 0.37
DEBUG 2026-08-06 12:30:45 t_client.py:477 Control loop (ms): 0.39
DEBUG 2026-08-06 12:30:45 t_client.py:477 Control loop (ms): 0.41
DEBUG 2026-08-06 12:30:45 t_client.py:477 Control loop (ms): 0.25
DEBUG 2026-08-06 12:30:45 t_client.py:477 Control loop (ms): 0.28
DEBUG 2026-08-06 12:30:45 t_client.py:477 Control loop (ms): 0.40
DEBUG 2026-08-06 12:30:45 t_client.py:477 Control loop (ms): 0.37
DEBUG 2026-08-06 12:30:45 t_client.py:477 Control loop (ms): 0.41
DEBUG 2026-08-06 12:30:45 t_client.py:477 Control loop (ms): 0.44
DEBUG 2026-08-06 12:30:45 t_client.py:477 Control loop (ms): 0.31
DEBUG 2026-08-06 12:30:45 t_client.py:477 Control loop (ms): 0.36
DEBUG 2026-08-06 12:30:45 t_client.py:477 Control loop (ms): 0.21
DEBUG 2026-08-06 12:30:45 t_client.py:477 Control loop (ms): 0.49
DEBUG 2026-08-06 12:30:45 t_client.py:477 Control loop (ms): 0.32
DEBUG 2026-08-06 12:30:45 t_client.py:477 Control loop (ms): 0.38
DEBUG 2026-08-06 12:30:45 t_client.py:477 Control loop (ms): 0.30
DEBUG 2026-08-06 12:30:45 t_client.py:477 Control loop (ms): 0.31
DEBUG 2026-08-06 12:30:45 t_client.py:477 Control loop (ms): 0.35
DEBUG 2026-08-06 12:30:45 t_client.py:477 Control loop (ms): 0.40
DEBUG 2026-08-06 12:30:45 t_client.py:477 Control loop (ms): 0.35
DEBUG 2026-08-06 12:30:46 t_client.py:477 Control loop (ms): 0.33
DEBUG 2026-08-06 12:30:46 t_client.py:477 Control loop (ms): 0.42
DEBUG 2026-08-06 12:30:46 t_client.py:477 Control loop (ms): 0.43
DEBUG 2026-08-06 12:30:46 follower.py:188 guardian_follower_left SOFollower read state: 1.3ms
DEBUG 2026-08-06 12:30:46 follower.py:196 guardian_follower_left SOFollower read left_wrist: 0.0ms
DEBUG 2026-08-06 12:30:46 follower.py:196 guardian_follower_left SOFollower read right_wrist: 0.0ms
DEBUG 2026-08-06 12:30:46 follower.py:196 guardian_follower_left SOFollower read overhead: 0.0ms
DEBUG 2026-08-06 12:30:46 follower.py:188 guardian_follower_right SOFollower read state: 0.9ms
DEBUG 2026-08-06 12:30:46 t_client.py:198 Observation serialization time: 0.001617s
DEBUG 2026-08-06 12:30:46 ort/utils.py:54 [CLIENT] Observation Buffer size 2.637557029724121 MB with
DEBUG 2026-08-06 12:30:46 ort/utils.py:69 [CLIENT] Observation Sent 2097152/2765679 bytes with state 1
DEBUG 2026-08-06 12:30:46 ort/utils.py:69 [CLIENT] Observation Sent 2765679/2765679 bytes with state 3
DEBUG 2026-08-06 12:30:46 ort/utils.py:71 [CLIENT] Observation Published 2.637557029724121 MB
DEBUG 2026-08-06 12:30:46 t_client.py:209 Sent observation #149 | 
DEBUG 2026-08-06 12:30:46 t_client.py:434 QUEUE SIZE: 50 (Must go: False)
DEBUG 2026-08-06 12:30:46 t_client.py:477 Control loop (ms): 375.12
DEBUG 2026-08-06 12:30:46 follower.py:188 guardian_follower_left SOFollower read state: 1.4ms
DEBUG 2026-08-06 12:30:46 follower.py:196 guardian_follower_left SOFollower read left_wrist: 0.0ms
DEBUG 2026-08-06 12:30:46 follower.py:196 guardian_follower_left SOFollower read right_wrist: 0.0ms
DEBUG 2026-08-06 12:30:46 follower.py:196 guardian_follower_left SOFollower read overhead: 0.0ms
DEBUG 2026-08-06 12:30:46 follower.py:188 guardian_follower_right SOFollower read state: 0.9ms
DEBUG 2026-08-06 12:30:46 t_client.py:198 Observation serialization time: 0.001562s
DEBUG 2026-08-06 12:30:46 ort/utils.py:54 [CLIENT] Observation Buffer size 2.637557029724121 MB with
DEBUG 2026-08-06 12:30:46 ort/utils.py:69 [CLIENT] Observation Sent 2097152/2765679 bytes with state 1
DEBUG 2026-08-06 12:30:46 ort/utils.py:69 [CLIENT] Observation Sent 2765679/2765679 bytes with state 3
DEBUG 2026-08-06 12:30:46 ort/utils.py:71 [CLIENT] Observation Published 2.637557029724121 MB
DEBUG 2026-08-06 12:30:46 t_client.py:292 Received actions on device: cpu
DEBUG 2026-08-06 12:30:46 t_client.py:302 Actions kept on device: cpu
DEBUG 2026-08-06 12:30:46 t_client.py:209 Sent observation #150 | 
DEBUG 2026-08-06 12:30:46 t_client.py:434 QUEUE SIZE: 49 (Must go: False)
DEBUG 2026-08-06 12:30:46 t_client.py:477 Control loop (ms): 346.03
DEBUG 2026-08-06 12:30:46 t_client.py:477 Control loop (ms): 0.38
DEBUG 2026-08-06 12:30:46 t_client.py:477 Control loop (ms): 0.32
DEBUG 2026-08-06 12:30:46 t_client.py:477 Control loop (ms): 0.66
DEBUG 2026-08-06 12:30:46 t_client.py:292 Received actions on device: cpu
DEBUG 2026-08-06 12:30:46 t_client.py:302 Actions kept on device: cpu
DEBUG 2026-08-06 12:30:47 t_client.py:477 Control loop (ms): 0.42
DEBUG 2026-08-06 12:30:47 t_client.py:477 Control loop (ms): 0.24
DEBUG 2026-08-06 12:30:47 t_client.py:477 Control loop (ms): 0.44
DEBUG 2026-08-06 12:30:47 t_client.py:477 Control loop (ms): 0.34
DEBUG 2026-08-06 12:30:47 t_client.py:477 Control loop (ms): 0.37
DEBUG 2026-08-06 12:30:47 t_client.py:477 Control loop (ms): 0.32
DEBUG 2026-08-06 12:30:47 t_client.py:477 Control loop (ms): 0.40
DEBUG 2026-08-06 12:30:47 t_client.py:477 Control loop (ms): 0.40
DEBUG 2026-08-06 12:30:47 t_client.py:477 Control loop (ms): 0.37
DEBUG 2026-08-06 12:30:47 t_client.py:477 Control loop (ms): 0.26
DEBUG 2026-08-06 12:30:47 t_client.py:477 Control loop (ms): 0.25
DEBUG 2026-08-06 12:30:47 t_client.py:477 Control loop (ms): 0.40
DEBUG 2026-08-06 12:30:47 t_client.py:477 Control loop (ms): 0.44
DEBUG 2026-08-06 12:30:47 t_client.py:477 Control loop (ms): 0.33
DEBUG 2026-08-06 12:30:47 t_client.py:477 Control loop (ms): 0.27
DEBUG 2026-08-06 12:30:47 t_client.py:477 Control loop (ms): 0.25
DEBUG 2026-08-06 12:30:47 t_client.py:477 Control loop (ms): 0.29
DEBUG 2026-08-06 12:30:47 t_client.py:477 Control loop (ms): 0.23
DEBUG 2026-08-06 12:30:47 t_client.py:477 Control loop (ms): 0.29
DEBUG 2026-08-06 12:30:47 t_client.py:477 Control loop (ms): 0.25
DEBUG 2026-08-06 12:30:48 t_client.py:477 Control loop (ms): 0.28
DEBUG 2026-08-06 12:30:48 t_client.py:477 Control loop (ms): 0.19
DEBUG 2026-08-06 12:30:48 t_client.py:477 Control loop (ms): 0.47
DEBUG 2026-08-06 12:30:48 t_client.py:477 Control loop (ms): 0.27
DEBUG 2026-08-06 12:30:48 t_client.py:477 Control loop (ms): 0.29
DEBUG 2026-08-06 12:30:48 t_client.py:477 Control loop (ms): 0.25
DEBUG 2026-08-06 12:30:48 t_client.py:477 Control loop (ms): 0.32
DEBUG 2026-08-06 12:30:48 t_client.py:477 Control loop (ms): 0.21
DEBUG 2026-08-06 12:30:48 t_client.py:477 Control loop (ms): 0.25
DEBUG 2026-08-06 12:30:48 t_client.py:477 Control loop (ms): 0.30
DEBUG 2026-08-06 12:30:48 t_client.py:477 Control loop (ms): 0.35
DEBUG 2026-08-06 12:30:48 t_client.py:477 Control loop (ms): 0.22
DEBUG 2026-08-06 12:30:48 t_client.py:477 Control loop (ms): 0.39
DEBUG 2026-08-06 12:30:48 t_client.py:477 Control loop (ms): 0.43
DEBUG 2026-08-06 12:30:48 t_client.py:477 Control loop (ms): 0.37
DEBUG 2026-08-06 12:30:48 t_client.py:477 Control loop (ms): 0.26
DEBUG 2026-08-06 12:30:48 t_client.py:477 Control loop (ms): 0.25
DEBUG 2026-08-06 12:30:48 t_client.py:477 Control loop (ms): 0.31
DEBUG 2026-08-06 12:30:48 t_client.py:477 Control loop (ms): 0.34
DEBUG 2026-08-06 12:30:48 t_client.py:477 Control loop (ms): 0.29
DEBUG 2026-08-06 12:30:49 t_client.py:477 Control loop (ms): 0.27
DEBUG 2026-08-06 12:30:49 t_client.py:477 Control loop (ms): 0.37
DEBUG 2026-08-06 12:30:49 t_client.py:477 Control loop (ms): 0.39
DEBUG 2026-08-06 12:30:49 t_client.py:477 Control loop (ms): 0.43
DEBUG 2026-08-06 12:30:49 t_client.py:477 Control loop (ms): 0.45
DEBUG 2026-08-06 12:30:49 follower.py:188 guardian_follower_left SOFollower read state: 1.3ms
DEBUG 2026-08-06 12:30:49 follower.py:196 guardian_follower_left SOFollower read left_wrist: 0.0ms
DEBUG 2026-08-06 12:30:49 follower.py:196 guardian_follower_left SOFollower read right_wrist: 0.0ms
DEBUG 2026-08-06 12:30:49 follower.py:196 guardian_follower_left SOFollower read overhead: 0.0ms
DEBUG 2026-08-06 12:30:49 follower.py:188 guardian_follower_right SOFollower read state: 0.9ms
DEBUG 2026-08-06 12:30:49 t_client.py:198 Observation serialization time: 0.001666s
DEBUG 2026-08-06 12:30:49 ort/utils.py:54 [CLIENT] Observation Buffer size 2.637557029724121 MB with
DEBUG 2026-08-06 12:30:49 ort/utils.py:69 [CLIENT] Observation Sent 2097152/2765679 bytes with state 1
DEBUG 2026-08-06 12:30:49 ort/utils.py:69 [CLIENT] Observation Sent 2765679/2765679 bytes with state 3
DEBUG 2026-08-06 12:30:49 ort/utils.py:71 [CLIENT] Observation Published 2.637557029724121 MB
DEBUG 2026-08-06 12:30:49 t_client.py:209 Sent observation #199 | 
DEBUG 2026-08-06 12:30:49 t_client.py:434 QUEUE SIZE: 50 (Must go: False)
DEBUG 2026-08-06 12:30:49 t_client.py:477 Control loop (ms): 326.68
DEBUG 2026-08-06 12:30:49 follower.py:188 guardian_follower_left SOFollower read state: 1.3ms
DEBUG 2026-08-06 12:30:49 follower.py:196 guardian_follower_left SOFollower read left_wrist: 0.0ms
DEBUG 2026-08-06 12:30:49 follower.py:196 guardian_follower_left SOFollower read right_wrist: 0.0ms
DEBUG 2026-08-06 12:30:49 follower.py:196 guardian_follower_left SOFollower read overhead: 0.0ms
DEBUG 2026-08-06 12:30:49 follower.py:188 guardian_follower_right SOFollower read state: 0.9ms
DEBUG 2026-08-06 12:30:49 t_client.py:198 Observation serialization time: 0.001599s
DEBUG 2026-08-06 12:30:49 ort/utils.py:54 [CLIENT] Observation Buffer size 2.637557029724121 MB with
DEBUG 2026-08-06 12:30:49 ort/utils.py:69 [CLIENT] Observation Sent 2097152/2765679 bytes with state 1
DEBUG 2026-08-06 12:30:49 ort/utils.py:69 [CLIENT] Observation Sent 2765679/2765679 bytes with state 3
DEBUG 2026-08-06 12:30:49 ort/utils.py:71 [CLIENT] Observation Published 2.637557029724121 MB
DEBUG 2026-08-06 12:30:49 t_client.py:292 Received actions on device: cpu
DEBUG 2026-08-06 12:30:49 t_client.py:302 Actions kept on device: cpu
DEBUG 2026-08-06 12:30:49 t_client.py:209 Sent observation #200 | 
DEBUG 2026-08-06 12:30:49 t_client.py:434 QUEUE SIZE: 49 (Must go: False)
DEBUG 2026-08-06 12:30:49 t_client.py:477 Control loop (ms): 362.55
DEBUG 2026-08-06 12:30:49 t_client.py:477 Control loop (ms): 0.40
DEBUG 2026-08-06 12:30:50 t_client.py:477 Control loop (ms): 0.35
DEBUG 2026-08-06 12:30:50 t_client.py:477 Control loop (ms): 0.46
DEBUG 2026-08-06 12:30:50 t_client.py:292 Received actions on device: cpu
DEBUG 2026-08-06 12:30:50 t_client.py:302 Actions kept on device: cpu
DEBUG 2026-08-06 12:30:50 t_client.py:477 Control loop (ms): 0.40
DEBUG 2026-08-06 12:30:50 t_client.py:477 Control loop (ms): 0.33
DEBUG 2026-08-06 12:30:50 t_client.py:477 Control loop (ms): 0.29
DEBUG 2026-08-06 12:30:50 t_client.py:477 Control loop (ms): 0.24
DEBUG 2026-08-06 12:30:50 t_client.py:477 Control loop (ms): 0.22
DEBUG 2026-08-06 12:30:50 t_client.py:477 Control loop (ms): 0.26
DEBUG 2026-08-06 12:30:50 t_client.py:477 Control loop (ms): 0.35
DEBUG 2026-08-06 12:30:50 t_client.py:477 Control loop (ms): 0.32
DEBUG 2026-08-06 12:30:50 t_client.py:477 Control loop (ms): 0.24
DEBUG 2026-08-06 12:30:50 t_client.py:477 Control loop (ms): 0.30
DEBUG 2026-08-06 12:30:50 t_client.py:477 Control loop (ms): 0.31
DEBUG 2026-08-06 12:30:50 t_client.py:477 Control loop (ms): 0.30
DEBUG 2026-08-06 12:30:50 t_client.py:477 Control loop (ms): 0.37
DEBUG 2026-08-06 12:30:50 t_client.py:477 Control loop (ms): 0.28
DEBUG 2026-08-06 12:30:50 t_client.py:477 Control loop (ms): 0.32
DEBUG 2026-08-06 12:30:50 t_client.py:477 Control loop (ms): 0.26
DEBUG 2026-08-06 12:30:50 t_client.py:477 Control loop (ms): 0.42
DEBUG 2026-08-06 12:30:50 t_client.py:477 Control loop (ms): 0.27
DEBUG 2026-08-06 12:30:51 t_client.py:477 Control loop (ms): 0.45
DEBUG 2026-08-06 12:30:51 t_client.py:477 Control loop (ms): 0.29
DEBUG 2026-08-06 12:30:51 t_client.py:477 Control loop (ms): 0.37
DEBUG 2026-08-06 12:30:51 t_client.py:477 Control loop (ms): 0.44
DEBUG 2026-08-06 12:30:51 t_client.py:477 Control loop (ms): 0.37
DEBUG 2026-08-06 12:30:51 t_client.py:477 Control loop (ms): 0.34
DEBUG 2026-08-06 12:30:51 t_client.py:477 Control loop (ms): 0.23
DEBUG 2026-08-06 12:30:51 t_client.py:477 Control loop (ms): 0.26
DEBUG 2026-08-06 12:30:51 t_client.py:477 Control loop (ms): 0.29
DEBUG 2026-08-06 12:30:51 t_client.py:477 Control loop (ms): 0.23
DEBUG 2026-08-06 12:30:51 t_client.py:477 Control loop (ms): 0.28
DEBUG 2026-08-06 12:30:51 t_client.py:477 Control loop (ms): 0.27
DEBUG 2026-08-06 12:30:51 t_client.py:477 Control loop (ms): 0.25
DEBUG 2026-08-06 12:30:51 t_client.py:477 Control loop (ms): 0.36
DEBUG 2026-08-06 12:30:51 t_client.py:477 Control loop (ms): 0.28
DEBUG 2026-08-06 12:30:51 t_client.py:477 Control loop (ms): 0.35
DEBUG 2026-08-06 12:30:51 t_client.py:477 Control loop (ms): 0.20
DEBUG 2026-08-06 12:30:51 t_client.py:477 Control loop (ms): 0.34
DEBUG 2026-08-06 12:30:51 t_client.py:477 Control loop (ms): 0.26
DEBUG 2026-08-06 12:30:51 t_client.py:477 Control loop (ms): 0.35
DEBUG 2026-08-06 12:30:52 t_client.py:477 Control loop (ms): 0.26
DEBUG 2026-08-06 12:30:52 t_client.py:477 Control loop (ms): 0.38
DEBUG 2026-08-06 12:30:52 t_client.py:477 Control loop (ms): 0.26
DEBUG 2026-08-06 12:30:52 t_client.py:477 Control loop (ms): 0.42
DEBUG 2026-08-06 12:30:52 t_client.py:477 Control loop (ms): 0.28
DEBUG 2026-08-06 12:30:52 t_client.py:477 Control loop (ms): 0.31
DEBUG 2026-08-06 12:30:52 t_client.py:477 Control loop (ms): 0.26
DEBUG 2026-08-06 12:30:52 follower.py:188 guardian_follower_left SOFollower read state: 1.4ms
DEBUG 2026-08-06 12:30:52 follower.py:196 guardian_follower_left SOFollower read left_wrist: 0.0ms
DEBUG 2026-08-06 12:30:52 follower.py:196 guardian_follower_left SOFollower read right_wrist: 0.0ms
DEBUG 2026-08-06 12:30:52 follower.py:196 guardian_follower_left SOFollower read overhead: 0.0ms
DEBUG 2026-08-06 12:30:52 follower.py:188 guardian_follower_right SOFollower read state: 0.9ms
DEBUG 2026-08-06 12:30:52 t_client.py:198 Observation serialization time: 0.001710s
DEBUG 2026-08-06 12:30:52 ort/utils.py:54 [CLIENT] Observation Buffer size 2.637557029724121 MB with
DEBUG 2026-08-06 12:30:52 ort/utils.py:69 [CLIENT] Observation Sent 2097152/2765679 bytes with state 1
DEBUG 2026-08-06 12:30:52 ort/utils.py:69 [CLIENT] Observation Sent 2765679/2765679 bytes with state 3
DEBUG 2026-08-06 12:30:52 ort/utils.py:71 [CLIENT] Observation Published 2.637557029724121 MB
DEBUG 2026-08-06 12:30:52 t_client.py:209 Sent observation #249 | 
DEBUG 2026-08-06 12:30:52 t_client.py:434 QUEUE SIZE: 50 (Must go: False)
DEBUG 2026-08-06 12:30:52 t_client.py:477 Control loop (ms): 339.37
DEBUG 2026-08-06 12:30:52 follower.py:188 guardian_follower_left SOFollower read state: 1.3ms
DEBUG 2026-08-06 12:30:52 follower.py:196 guardian_follower_left SOFollower read left_wrist: 0.0ms
DEBUG 2026-08-06 12:30:52 follower.py:196 guardian_follower_left SOFollower read right_wrist: 0.0ms
DEBUG 2026-08-06 12:30:52 follower.py:196 guardian_follower_left SOFollower read overhead: 0.0ms
DEBUG 2026-08-06 12:30:52 follower.py:188 guardian_follower_right SOFollower read state: 0.9ms
DEBUG 2026-08-06 12:30:52 t_client.py:198 Observation serialization time: 0.002035s
DEBUG 2026-08-06 12:30:52 ort/utils.py:54 [CLIENT] Observation Buffer size 2.637557029724121 MB with
DEBUG 2026-08-06 12:30:52 ort/utils.py:69 [CLIENT] Observation Sent 2097152/2765679 bytes with state 1
DEBUG 2026-08-06 12:30:52 ort/utils.py:69 [CLIENT] Observation Sent 2765679/2765679 bytes with state 3
DEBUG 2026-08-06 12:30:52 ort/utils.py:71 [CLIENT] Observation Published 2.637557029724121 MB
DEBUG 2026-08-06 12:30:52 t_client.py:292 Received actions on device: cpu
DEBUG 2026-08-06 12:30:52 t_client.py:302 Actions kept on device: cpu
DEBUG 2026-08-06 12:30:53 t_client.py:209 Sent observation #250 | 
DEBUG 2026-08-06 12:30:53 t_client.py:434 QUEUE SIZE: 49 (Must go: False)
DEBUG 2026-08-06 12:30:53 t_client.py:477 Control loop (ms): 337.60
DEBUG 2026-08-06 12:30:53 t_client.py:477 Control loop (ms): 0.50
DEBUG 2026-08-06 12:30:53 t_client.py:477 Control loop (ms): 0.40
DEBUG 2026-08-06 12:30:53 t_client.py:477 Control loop (ms): 0.30
DEBUG 2026-08-06 12:30:53 t_client.py:292 Received actions on device: cpu
DEBUG 2026-08-06 12:30:53 t_client.py:302 Actions kept on device: cpu
DEBUG 2026-08-06 12:30:53 t_client.py:477 Control loop (ms): 0.29
DEBUG 2026-08-06 12:30:53 t_client.py:477 Control loop (ms): 0.54
DEBUG 2026-08-06 12:30:53 t_client.py:477 Control loop (ms): 0.38
DEBUG 2026-08-06 12:30:53 t_client.py:477 Control loop (ms): 0.49
DEBUG 2026-08-06 12:30:53 t_client.py:477 Control loop (ms): 0.43
DEBUG 2026-08-06 12:30:53 t_client.py:477 Control loop (ms): 0.49
DEBUG 2026-08-06 12:30:53 t_client.py:477 Control loop (ms): 0.44
DEBUG 2026-08-06 12:30:53 t_client.py:477 Control loop (ms): 0.41
DEBUG 2026-08-06 12:30:53 t_client.py:477 Control loop (ms): 0.41
DEBUG 2026-08-06 12:30:53 t_client.py:477 Control loop (ms): 0.43
DEBUG 2026-08-06 12:30:53 t_client.py:477 Control loop (ms): 0.42
DEBUG 2026-08-06 12:30:53 t_client.py:477 Control loop (ms): 0.41
DEBUG 2026-08-06 12:30:53 t_client.py:477 Control loop (ms): 0.34
DEBUG 2026-08-06 12:30:53 t_client.py:477 Control loop (ms): 0.27
DEBUG 2026-08-06 12:30:53 t_client.py:477 Control loop (ms): 0.44
DEBUG 2026-08-06 12:30:53 t_client.py:477 Control loop (ms): 0.39
DEBUG 2026-08-06 12:30:53 t_client.py:477 Control loop (ms): 0.38
DEBUG 2026-08-06 12:30:54 t_client.py:477 Control loop (ms): 0.40
DEBUG 2026-08-06 12:30:54 t_client.py:477 Control loop (ms): 0.32
DEBUG 2026-08-06 12:30:54 t_client.py:477 Control loop (ms): 0.39
DEBUG 2026-08-06 12:30:54 t_client.py:477 Control loop (ms): 0.43
DEBUG 2026-08-06 12:30:54 t_client.py:477 Control loop (ms): 0.39
DEBUG 2026-08-06 12:30:54 t_client.py:477 Control loop (ms): 0.38
DEBUG 2026-08-06 12:30:54 t_client.py:477 Control loop (ms): 0.33
DEBUG 2026-08-06 12:30:54 t_client.py:477 Control loop (ms): 0.39
DEBUG 2026-08-06 12:30:54 t_client.py:477 Control loop (ms): 0.35
DEBUG 2026-08-06 12:30:54 t_client.py:477 Control loop (ms): 0.42
DEBUG 2026-08-06 12:30:54 t_client.py:477 Control loop (ms): 0.38
DEBUG 2026-08-06 12:30:54 t_client.py:477 Control loop (ms): 0.36
DEBUG 2026-08-06 12:30:54 t_client.py:477 Control loop (ms): 0.33
DEBUG 2026-08-06 12:30:54 t_client.py:477 Control loop (ms): 0.42
DEBUG 2026-08-06 12:30:54 t_client.py:477 Control loop (ms): 0.36
DEBUG 2026-08-06 12:30:54 t_client.py:477 Control loop (ms): 0.39
DEBUG 2026-08-06 12:30:54 t_client.py:477 Control loop (ms): 0.30
DEBUG 2026-08-06 12:30:54 t_client.py:477 Control loop (ms): 0.35
DEBUG 2026-08-06 12:30:54 t_client.py:477 Control loop (ms): 0.41
DEBUG 2026-08-06 12:30:55 t_client.py:477 Control loop (ms): 0.40
DEBUG 2026-08-06 12:30:55 t_client.py:477 Control loop (ms): 0.40
DEBUG 2026-08-06 12:30:55 t_client.py:477 Control loop (ms): 0.38
DEBUG 2026-08-06 12:30:55 t_client.py:477 Control loop (ms): 0.45
DEBUG 2026-08-06 12:30:55 t_client.py:477 Control loop (ms): 0.44
DEBUG 2026-08-06 12:30:55 t_client.py:477 Control loop (ms): 0.36
DEBUG 2026-08-06 12:30:55 t_client.py:477 Control loop (ms): 0.40
DEBUG 2026-08-06 12:30:55 t_client.py:477 Control loop (ms): 0.34
DEBUG 2026-08-06 12:30:55 t_client.py:477 Control loop (ms): 0.45
DEBUG 2026-08-06 12:30:55 follower.py:188 guardian_follower_left SOFollower read state: 1.4ms
DEBUG 2026-08-06 12:30:55 follower.py:196 guardian_follower_left SOFollower read left_wrist: 0.0ms
DEBUG 2026-08-06 12:30:55 follower.py:196 guardian_follower_left SOFollower read right_wrist: 0.0ms
DEBUG 2026-08-06 12:30:55 follower.py:196 guardian_follower_left SOFollower read overhead: 0.0ms
DEBUG 2026-08-06 12:30:55 follower.py:188 guardian_follower_right SOFollower read state: 0.9ms
DEBUG 2026-08-06 12:30:55 t_client.py:198 Observation serialization time: 0.001698s
DEBUG 2026-08-06 12:30:55 ort/utils.py:54 [CLIENT] Observation Buffer size 2.6375579833984375 MB with
DEBUG 2026-08-06 12:30:55 ort/utils.py:69 [CLIENT] Observation Sent 2097152/2765680 bytes with state 1
DEBUG 2026-08-06 12:30:55 ort/utils.py:69 [CLIENT] Observation Sent 2765680/2765680 bytes with state 3
DEBUG 2026-08-06 12:30:55 ort/utils.py:71 [CLIENT] Observation Published 2.6375579833984375 MB
DEBUG 2026-08-06 12:30:55 t_client.py:209 Sent observation #299 | 
DEBUG 2026-08-06 12:30:55 t_client.py:434 QUEUE SIZE: 50 (Must go: False)
DEBUG 2026-08-06 12:30:55 t_client.py:477 Control loop (ms): 477.08
DEBUG 2026-08-06 12:30:55 follower.py:188 guardian_follower_left SOFollower read state: 1.4ms
DEBUG 2026-08-06 12:30:55 follower.py:196 guardian_follower_left SOFollower read left_wrist: 0.0ms
DEBUG 2026-08-06 12:30:55 follower.py:196 guardian_follower_left SOFollower read right_wrist: 0.0ms
DEBUG 2026-08-06 12:30:55 follower.py:196 guardian_follower_left SOFollower read overhead: 0.0ms
DEBUG 2026-08-06 12:30:55 follower.py:188 guardian_follower_right SOFollower read state: 0.9ms
DEBUG 2026-08-06 12:30:55 t_client.py:198 Observation serialization time: 0.001836s
DEBUG 2026-08-06 12:30:55 ort/utils.py:54 [CLIENT] Observation Buffer size 2.6375579833984375 MB with
DEBUG 2026-08-06 12:30:56 ort/utils.py:69 [CLIENT] Observation Sent 2097152/2765680 bytes with state 1
DEBUG 2026-08-06 12:30:56 ort/utils.py:69 [CLIENT] Observation Sent 2765680/2765680 bytes with state 3
DEBUG 2026-08-06 12:30:56 ort/utils.py:71 [CLIENT] Observation Published 2.6375579833984375 MB
DEBUG 2026-08-06 12:30:56 t_client.py:292 Received actions on device: cpu
DEBUG 2026-08-06 12:30:56 t_client.py:302 Actions kept on device: cpu
DEBUG 2026-08-06 12:30:56 t_client.py:209 Sent observation #300 | 
DEBUG 2026-08-06 12:30:56 t_client.py:434 QUEUE SIZE: 49 (Must go: False)
DEBUG 2026-08-06 12:30:56 t_client.py:477 Control loop (ms): 496.76
DEBUG 2026-08-06 12:30:56 t_client.py:477 Control loop (ms): 0.42
DEBUG 2026-08-06 12:30:56 t_client.py:477 Control loop (ms): 0.35
DEBUG 2026-08-06 12:30:56 t_client.py:477 Control loop (ms): 0.32
DEBUG 2026-08-06 12:30:56 t_client.py:292 Received actions on device: cpu
DEBUG 2026-08-06 12:30:56 t_client.py:302 Actions kept on device: cpu
DEBUG 2026-08-06 12:30:56 t_client.py:477 Control loop (ms): 0.43
DEBUG 2026-08-06 12:30:56 t_client.py:477 Control loop (ms): 0.32
DEBUG 2026-08-06 12:30:56 t_client.py:477 Control loop (ms): 0.27
DEBUG 2026-08-06 12:30:56 t_client.py:477 Control loop (ms): 0.37
DEBUG 2026-08-06 12:30:56 t_client.py:477 Control loop (ms): 0.33
DEBUG 2026-08-06 12:30:56 t_client.py:477 Control loop (ms): 0.32
DEBUG 2026-08-06 12:30:56 t_client.py:477 Control loop (ms): 0.39
DEBUG 2026-08-06 12:30:56 t_client.py:477 Control loop (ms): 0.29
DEBUG 2026-08-06 12:30:56 t_client.py:477 Control loop (ms): 0.27
DEBUG 2026-08-06 12:30:57 t_client.py:477 Control loop (ms): 0.29
DEBUG 2026-08-06 12:30:57 t_client.py:477 Control loop (ms): 0.30
DEBUG 2026-08-06 12:30:57 t_client.py:477 Control loop (ms): 0.40
DEBUG 2026-08-06 12:30:57 t_client.py:477 Control loop (ms): 0.29
DEBUG 2026-08-06 12:30:57 t_client.py:477 Control loop (ms): 0.43
DEBUG 2026-08-06 12:30:57 t_client.py:477 Control loop (ms): 0.36
DEBUG 2026-08-06 12:30:57 t_client.py:477 Control loop (ms): 0.35
DEBUG 2026-08-06 12:30:57 t_client.py:477 Control loop (ms): 0.32
DEBUG 2026-08-06 12:30:57 t_client.py:477 Control loop (ms): 0.37
DEBUG 2026-08-06 12:30:57 t_client.py:477 Control loop (ms): 0.27
DEBUG 2026-08-06 12:30:57 t_client.py:477 Control loop (ms): 0.38
DEBUG 2026-08-06 12:30:57 t_client.py:477 Control loop (ms): 0.24
DEBUG 2026-08-06 12:30:57 t_client.py:477 Control loop (ms): 0.37
DEBUG 2026-08-06 12:30:57 t_client.py:477 Control loop (ms): 0.26
DEBUG 2026-08-06 12:30:57 t_client.py:477 Control loop (ms): 0.39
DEBUG 2026-08-06 12:30:57 t_client.py:477 Control loop (ms): 0.24
DEBUG 2026-08-06 12:30:57 t_client.py:477 Control loop (ms): 0.36
DEBUG 2026-08-06 12:30:57 t_client.py:477 Control loop (ms): 0.21
DEBUG 2026-08-06 12:30:57 t_client.py:477 Control loop (ms): 0.43
DEBUG 2026-08-06 12:30:57 t_client.py:477 Control loop (ms): 0.37
DEBUG 2026-08-06 12:30:58 t_client.py:477 Control loop (ms): 0.27
DEBUG 2026-08-06 12:30:58 t_client.py:477 Control loop (ms): 0.32
DEBUG 2026-08-06 12:30:58 t_client.py:477 Control loop (ms): 0.47
DEBUG 2026-08-06 12:30:58 t_client.py:477 Control loop (ms): 0.40
DEBUG 2026-08-06 12:30:58 t_client.py:477 Control loop (ms): 0.35
DEBUG 2026-08-06 12:30:58 t_client.py:477 Control loop (ms): 0.40
DEBUG 2026-08-06 12:30:58 t_client.py:477 Control loop (ms): 0.40
DEBUG 2026-08-06 12:30:58 t_client.py:477 Control loop (ms): 0.41
DEBUG 2026-08-06 12:30:58 t_client.py:477 Control loop (ms): 0.24
DEBUG 2026-08-06 12:30:58 t_client.py:477 Control loop (ms): 0.28
DEBUG 2026-08-06 12:30:58 t_client.py:477 Control loop (ms): 0.22
DEBUG 2026-08-06 12:30:58 t_client.py:477 Control loop (ms): 0.40
DEBUG 2026-08-06 12:30:58 t_client.py:477 Control loop (ms): 0.32
DEBUG 2026-08-06 12:30:58 t_client.py:477 Control loop (ms): 0.36
DEBUG 2026-08-06 12:30:58 t_client.py:477 Control loop (ms): 0.38
DEBUG 2026-08-06 12:30:58 t_client.py:477 Control loop (ms): 0.40
DEBUG 2026-08-06 12:30:58 follower.py:188 guardian_follower_left SOFollower read state: 1.4ms
DEBUG 2026-08-06 12:30:58 follower.py:196 guardian_follower_left SOFollower read left_wrist: 0.0ms
DEBUG 2026-08-06 12:30:58 follower.py:196 guardian_follower_left SOFollower read right_wrist: 0.0ms
DEBUG 2026-08-06 12:30:58 follower.py:196 guardian_follower_left SOFollower read overhead: 0.0ms
DEBUG 2026-08-06 12:30:58 follower.py:188 guardian_follower_right SOFollower read state: 0.9ms
DEBUG 2026-08-06 12:30:58 t_client.py:198 Observation serialization time: 0.001630s
DEBUG 2026-08-06 12:30:58 ort/utils.py:54 [CLIENT] Observation Buffer size 2.6375579833984375 MB with
DEBUG 2026-08-06 12:30:58 ort/utils.py:69 [CLIENT] Observation Sent 2097152/2765680 bytes with state 1
DEBUG 2026-08-06 12:30:59 ort/utils.py:69 [CLIENT] Observation Sent 2765680/2765680 bytes with state 3
DEBUG 2026-08-06 12:30:59 ort/utils.py:71 [CLIENT] Observation Published 2.6375579833984375 MB
DEBUG 2026-08-06 12:30:59 t_client.py:209 Sent observation #349 | 
DEBUG 2026-08-06 12:30:59 t_client.py:434 QUEUE SIZE: 50 (Must go: False)
DEBUG 2026-08-06 12:30:59 t_client.py:477 Control loop (ms): 404.35
DEBUG 2026-08-06 12:30:59 follower.py:188 guardian_follower_left SOFollower read state: 1.3ms
DEBUG 2026-08-06 12:30:59 follower.py:196 guardian_follower_left SOFollower read left_wrist: 0.0ms
DEBUG 2026-08-06 12:30:59 follower.py:196 guardian_follower_left SOFollower read right_wrist: 0.0ms
DEBUG 2026-08-06 12:30:59 follower.py:196 guardian_follower_left SOFollower read overhead: 0.0ms
DEBUG 2026-08-06 12:30:59 follower.py:188 guardian_follower_right SOFollower read state: 0.9ms
DEBUG 2026-08-06 12:30:59 t_client.py:198 Observation serialization time: 0.001611s
DEBUG 2026-08-06 12:30:59 ort/utils.py:54 [CLIENT] Observation Buffer size 2.6375579833984375 MB with
DEBUG 2026-08-06 12:30:59 ort/utils.py:69 [CLIENT] Observation Sent 2097152/2765680 bytes with state 1
DEBUG 2026-08-06 12:30:59 ort/utils.py:69 [CLIENT] Observation Sent 2765680/2765680 bytes with state 3
DEBUG 2026-08-06 12:30:59 ort/utils.py:71 [CLIENT] Observation Published 2.6375579833984375 MB
DEBUG 2026-08-06 12:30:59 t_client.py:292 Received actions on device: cpu
DEBUG 2026-08-06 12:30:59 t_client.py:302 Actions kept on device: cpu
DEBUG 2026-08-06 12:30:59 t_client.py:209 Sent observation #350 | 
DEBUG 2026-08-06 12:30:59 t_client.py:434 QUEUE SIZE: 49 (Must go: False)
DEBUG 2026-08-06 12:30:59 t_client.py:477 Control loop (ms): 494.17
DEBUG 2026-08-06 12:30:59 t_client.py:477 Control loop (ms): 0.43
DEBUG 2026-08-06 12:30:59 t_client.py:477 Control loop (ms): 0.27
DEBUG 2026-08-06 12:30:59 t_client.py:477 Control loop (ms): 0.29
DEBUG 2026-08-06 12:30:59 t_client.py:292 Received actions on device: cpu
DEBUG 2026-08-06 12:30:59 t_client.py:302 Actions kept on device: cpu
DEBUG 2026-08-06 12:30:59 t_client.py:477 Control loop (ms): 0.27
DEBUG 2026-08-06 12:30:59 t_client.py:477 Control loop (ms): 0.43
DEBUG 2026-08-06 12:30:59 t_client.py:477 Control loop (ms): 0.38
DEBUG 2026-08-06 12:31:00 t_client.py:477 Control loop (ms): 0.42
DEBUG 2026-08-06 12:31:00 t_client.py:477 Control loop (ms): 0.39
DEBUG 2026-08-06 12:31:00 t_client.py:477 Control loop (ms): 0.24
DEBUG 2026-08-06 12:31:00 t_client.py:477 Control loop (ms): 0.40
DEBUG 2026-08-06 12:31:00 t_client.py:477 Control loop (ms): 0.44
DEBUG 2026-08-06 12:31:00 t_client.py:477 Control loop (ms): 0.49
DEBUG 2026-08-06 12:31:00 t_client.py:477 Control loop (ms): 0.35
DEBUG 2026-08-06 12:31:00 t_client.py:477 Control loop (ms): 0.28
DEBUG 2026-08-06 12:31:00 t_client.py:477 Control loop (ms): 0.31
DEBUG 2026-08-06 12:31:00 t_client.py:477 Control loop (ms): 0.32
DEBUG 2026-08-06 12:31:00 t_client.py:477 Control loop (ms): 0.35
DEBUG 2026-08-06 12:31:00 t_client.py:477 Control loop (ms): 0.26
DEBUG 2026-08-06 12:31:00 t_client.py:477 Control loop (ms): 0.45
DEBUG 2026-08-06 12:31:00 t_client.py:477 Control loop (ms): 0.38
DEBUG 2026-08-06 12:31:00 t_client.py:477 Control loop (ms): 0.44
DEBUG 2026-08-06 12:31:00 t_client.py:477 Control loop (ms): 0.37
DEBUG 2026-08-06 12:31:00 t_client.py:477 Control loop (ms): 0.35
DEBUG 2026-08-06 12:31:00 t_client.py:477 Control loop (ms): 0.35
DEBUG 2026-08-06 12:31:00 t_client.py:477 Control loop (ms): 0.38
DEBUG 2026-08-06 12:31:00 t_client.py:477 Control loop (ms): 0.25
DEBUG 2026-08-06 12:31:01 t_client.py:477 Control loop (ms): 0.42
DEBUG 2026-08-06 12:31:01 t_client.py:477 Control loop (ms): 0.24
DEBUG 2026-08-06 12:31:01 t_client.py:477 Control loop (ms): 0.42
DEBUG 2026-08-06 12:31:01 t_client.py:477 Control loop (ms): 0.27
DEBUG 2026-08-06 12:31:01 t_client.py:477 Control loop (ms): 0.46
DEBUG 2026-08-06 12:31:01 t_client.py:477 Control loop (ms): 0.43
DEBUG 2026-08-06 12:31:01 t_client.py:477 Control loop (ms): 0.44
DEBUG 2026-08-06 12:31:01 t_client.py:477 Control loop (ms): 0.44
DEBUG 2026-08-06 12:31:01 t_client.py:477 Control loop (ms): 0.32
DEBUG 2026-08-06 12:31:01 t_client.py:477 Control loop (ms): 0.48
DEBUG 2026-08-06 12:31:01 t_client.py:477 Control loop (ms): 0.42
DEBUG 2026-08-06 12:31:01 t_client.py:477 Control loop (ms): 0.48
DEBUG 2026-08-06 12:31:01 t_client.py:477 Control loop (ms): 0.25
DEBUG 2026-08-06 12:31:01 t_client.py:477 Control loop (ms): 0.35
DEBUG 2026-08-06 12:31:01 t_client.py:477 Control loop (ms): 0.44
DEBUG 2026-08-06 12:31:01 t_client.py:477 Control loop (ms): 0.42
DEBUG 2026-08-06 12:31:01 t_client.py:477 Control loop (ms): 0.32
DEBUG 2026-08-06 12:31:01 t_client.py:477 Control loop (ms): 0.36
DEBUG 2026-08-06 12:31:01 t_client.py:477 Control loop (ms): 0.32
DEBUG 2026-08-06 12:31:01 t_client.py:477 Control loop (ms): 0.36
DEBUG 2026-08-06 12:31:02 t_client.py:477 Control loop (ms): 0.35
DEBUG 2026-08-06 12:31:02 t_client.py:477 Control loop (ms): 0.33
DEBUG 2026-08-06 12:31:02 follower.py:188 guardian_follower_left SOFollower read state: 1.3ms
DEBUG 2026-08-06 12:31:02 follower.py:196 guardian_follower_left SOFollower read left_wrist: 0.0ms
DEBUG 2026-08-06 12:31:02 follower.py:196 guardian_follower_left SOFollower read right_wrist: 0.0ms
DEBUG 2026-08-06 12:31:02 follower.py:196 guardian_follower_left SOFollower read overhead: 0.0ms
DEBUG 2026-08-06 12:31:02 follower.py:188 guardian_follower_right SOFollower read state: 0.9ms
DEBUG 2026-08-06 12:31:02 t_client.py:198 Observation serialization time: 0.001556s
DEBUG 2026-08-06 12:31:02 ort/utils.py:54 [CLIENT] Observation Buffer size 2.6375579833984375 MB with
DEBUG 2026-08-06 12:31:02 ort/utils.py:69 [CLIENT] Observation Sent 2097152/2765680 bytes with state 1
DEBUG 2026-08-06 12:31:02 ort/utils.py:69 [CLIENT] Observation Sent 2765680/2765680 bytes with state 3
DEBUG 2026-08-06 12:31:02 ort/utils.py:71 [CLIENT] Observation Published 2.6375579833984375 MB
DEBUG 2026-08-06 12:31:02 t_client.py:209 Sent observation #399 | 
DEBUG 2026-08-06 12:31:02 t_client.py:434 QUEUE SIZE: 50 (Must go: False)
DEBUG 2026-08-06 12:31:02 t_client.py:477 Control loop (ms): 339.74
DEBUG 2026-08-06 12:31:02 follower.py:188 guardian_follower_left SOFollower read state: 1.4ms
DEBUG 2026-08-06 12:31:02 follower.py:196 guardian_follower_left SOFollower read left_wrist: 0.0ms
DEBUG 2026-08-06 12:31:02 follower.py:196 guardian_follower_left SOFollower read right_wrist: 0.0ms
DEBUG 2026-08-06 12:31:02 follower.py:196 guardian_follower_left SOFollower read overhead: 0.0ms
DEBUG 2026-08-06 12:31:02 follower.py:188 guardian_follower_right SOFollower read state: 0.9ms
DEBUG 2026-08-06 12:31:02 t_client.py:198 Observation serialization time: 0.002023s
DEBUG 2026-08-06 12:31:02 ort/utils.py:54 [CLIENT] Observation Buffer size 2.6375579833984375 MB with
DEBUG 2026-08-06 12:31:02 ort/utils.py:69 [CLIENT] Observation Sent 2097152/2765680 bytes with state 1
DEBUG 2026-08-06 12:31:02 ort/utils.py:69 [CLIENT] Observation Sent 2765680/2765680 bytes with state 3
DEBUG 2026-08-06 12:31:02 ort/utils.py:71 [CLIENT] Observation Published 2.6375579833984375 MB
DEBUG 2026-08-06 12:31:02 t_client.py:292 Received actions on device: cpu
DEBUG 2026-08-06 12:31:02 t_client.py:302 Actions kept on device: cpu
DEBUG 2026-08-06 12:31:02 t_client.py:209 Sent observation #400 | 
DEBUG 2026-08-06 12:31:02 t_client.py:434 QUEUE SIZE: 49 (Must go: False)
DEBUG 2026-08-06 12:31:02 t_client.py:477 Control loop (ms): 354.51
DEBUG 2026-08-06 12:31:02 t_client.py:477 Control loop (ms): 0.51
DEBUG 2026-08-06 12:31:02 t_client.py:477 Control loop (ms): 0.42
DEBUG 2026-08-06 12:31:02 t_client.py:477 Control loop (ms): 0.40
DEBUG 2026-08-06 12:31:02 t_client.py:292 Received actions on device: cpu
DEBUG 2026-08-06 12:31:02 t_client.py:302 Actions kept on device: cpu
DEBUG 2026-08-06 12:31:02 t_client.py:477 Control loop (ms): 0.53
DEBUG 2026-08-06 12:31:03 t_client.py:477 Control loop (ms): 0.45
DEBUG 2026-08-06 12:31:03 t_client.py:477 Control loop (ms): 0.48
DEBUG 2026-08-06 12:31:03 t_client.py:477 Control loop (ms): 0.39
DEBUG 2026-08-06 12:31:03 t_client.py:477 Control loop (ms): 0.42
DEBUG 2026-08-06 12:31:03 t_client.py:477 Control loop (ms): 0.40
DEBUG 2026-08-06 12:31:03 t_client.py:477 Control loop (ms): 0.45
DEBUG 2026-08-06 12:31:03 t_client.py:477 Control loop (ms): 0.35
DEBUG 2026-08-06 12:31:03 t_client.py:477 Control loop (ms): 0.44
DEBUG 2026-08-06 12:31:03 t_client.py:477 Control loop (ms): 0.37
DEBUG 2026-08-06 12:31:03 t_client.py:477 Control loop (ms): 0.44
DEBUG 2026-08-06 12:31:03 t_client.py:477 Control loop (ms): 0.38
DEBUG 2026-08-06 12:31:03 t_client.py:477 Control loop (ms): 0.45
DEBUG 2026-08-06 12:31:03 t_client.py:477 Control loop (ms): 0.40
DEBUG 2026-08-06 12:31:03 t_client.py:477 Control loop (ms): 0.56
DEBUG 2026-08-06 12:31:03 t_client.py:477 Control loop (ms): 0.57
DEBUG 2026-08-06 12:31:03 t_client.py:477 Control loop (ms): 0.50
DEBUG 2026-08-06 12:31:03 t_client.py:477 Control loop (ms): 0.45
DEBUG 2026-08-06 12:31:03 t_client.py:477 Control loop (ms): 0.35
DEBUG 2026-08-06 12:31:03 t_client.py:477 Control loop (ms): 0.42
DEBUG 2026-08-06 12:31:03 t_client.py:477 Control loop (ms): 0.28
DEBUG 2026-08-06 12:31:04 t_client.py:477 Control loop (ms): 0.40
DEBUG 2026-08-06 12:31:04 t_client.py:477 Control loop (ms): 0.34
DEBUG 2026-08-06 12:31:04 t_client.py:477 Control loop (ms): 0.41
DEBUG 2026-08-06 12:31:04 t_client.py:477 Control loop (ms): 0.35
DEBUG 2026-08-06 12:31:04 t_client.py:477 Control loop (ms): 0.42
DEBUG 2026-08-06 12:31:04 t_client.py:477 Control loop (ms): 0.40
DEBUG 2026-08-06 12:31:04 t_client.py:477 Control loop (ms): 0.43
DEBUG 2026-08-06 12:31:04 t_client.py:477 Control loop (ms): 0.37
DEBUG 2026-08-06 12:31:04 t_client.py:477 Control loop (ms): 0.31
DEBUG 2026-08-06 12:31:04 t_client.py:477 Control loop (ms): 0.28
DEBUG 2026-08-06 12:31:04 t_client.py:477 Control loop (ms): 0.23
DEBUG 2026-08-06 12:31:04 t_client.py:477 Control loop (ms): 0.41
DEBUG 2026-08-06 12:31:04 t_client.py:477 Control loop (ms): 0.34
DEBUG 2026-08-06 12:31:04 t_client.py:477 Control loop (ms): 0.33
DEBUG 2026-08-06 12:31:04 t_client.py:477 Control loop (ms): 0.29
DEBUG 2026-08-06 12:31:04 t_client.py:477 Control loop (ms): 0.36
DEBUG 2026-08-06 12:31:04 t_client.py:477 Control loop (ms): 0.39
DEBUG 2026-08-06 12:31:04 t_client.py:477 Control loop (ms): 0.38
DEBUG 2026-08-06 12:31:04 t_client.py:477 Control loop (ms): 0.31
DEBUG 2026-08-06 12:31:04 t_client.py:477 Control loop (ms): 0.31
DEBUG 2026-08-06 12:31:05 t_client.py:477 Control loop (ms): 0.42
DEBUG 2026-08-06 12:31:05 t_client.py:477 Control loop (ms): 0.37
DEBUG 2026-08-06 12:31:05 t_client.py:477 Control loop (ms): 0.30
DEBUG 2026-08-06 12:31:05 t_client.py:477 Control loop (ms): 0.47
DEBUG 2026-08-06 12:31:05 follower.py:188 guardian_follower_left SOFollower read state: 1.3ms
DEBUG 2026-08-06 12:31:05 follower.py:196 guardian_follower_left SOFollower read left_wrist: 0.0ms
DEBUG 2026-08-06 12:31:05 follower.py:196 guardian_follower_left SOFollower read right_wrist: 0.0ms
DEBUG 2026-08-06 12:31:05 follower.py:196 guardian_follower_left SOFollower read overhead: 0.0ms
DEBUG 2026-08-06 12:31:05 follower.py:188 guardian_follower_right SOFollower read state: 0.9ms
DEBUG 2026-08-06 12:31:05 t_client.py:198 Observation serialization time: 0.001620s
DEBUG 2026-08-06 12:31:05 ort/utils.py:54 [CLIENT] Observation Buffer size 2.6375579833984375 MB with
DEBUG 2026-08-06 12:31:05 ort/utils.py:69 [CLIENT] Observation Sent 2097152/2765680 bytes with state 1
DEBUG 2026-08-06 12:31:05 ort/utils.py:69 [CLIENT] Observation Sent 2765680/2765680 bytes with state 3
DEBUG 2026-08-06 12:31:05 ort/utils.py:71 [CLIENT] Observation Published 2.6375579833984375 MB
DEBUG 2026-08-06 12:31:05 t_client.py:209 Sent observation #449 | 
DEBUG 2026-08-06 12:31:05 t_client.py:434 QUEUE SIZE: 50 (Must go: False)
DEBUG 2026-08-06 12:31:05 t_client.py:477 Control loop (ms): 337.83
DEBUG 2026-08-06 12:31:05 follower.py:188 guardian_follower_left SOFollower read state: 1.4ms
DEBUG 2026-08-06 12:31:05 follower.py:196 guardian_follower_left SOFollower read left_wrist: 0.0ms
DEBUG 2026-08-06 12:31:05 follower.py:196 guardian_follower_left SOFollower read right_wrist: 0.0ms
DEBUG 2026-08-06 12:31:05 follower.py:196 guardian_follower_left SOFollower read overhead: 0.0ms
DEBUG 2026-08-06 12:31:05 follower.py:188 guardian_follower_right SOFollower read state: 0.9ms
DEBUG 2026-08-06 12:31:05 t_client.py:198 Observation serialization time: 0.001774s
DEBUG 2026-08-06 12:31:05 ort/utils.py:54 [CLIENT] Observation Buffer size 2.6375579833984375 MB with
DEBUG 2026-08-06 12:31:05 ort/utils.py:69 [CLIENT] Observation Sent 2097152/2765680 bytes with state 1
DEBUG 2026-08-06 12:31:05 ort/utils.py:69 [CLIENT] Observation Sent 2765680/2765680 bytes with state 3
DEBUG 2026-08-06 12:31:05 ort/utils.py:71 [CLIENT] Observation Published 2.6375579833984375 MB
DEBUG 2026-08-06 12:31:05 t_client.py:292 Received actions on device: cpu
DEBUG 2026-08-06 12:31:05 t_client.py:302 Actions kept on device: cpu
DEBUG 2026-08-06 12:31:05 t_client.py:209 Sent observation #450 | 
DEBUG 2026-08-06 12:31:05 t_client.py:434 QUEUE SIZE: 49 (Must go: False)
DEBUG 2026-08-06 12:31:05 t_client.py:477 Control loop (ms): 365.41
DEBUG 2026-08-06 12:31:05 t_client.py:477 Control loop (ms): 0.38
DEBUG 2026-08-06 12:31:05 t_client.py:477 Control loop (ms): 0.47
DEBUG 2026-08-06 12:31:06 t_client.py:477 Control loop (ms): 0.32
DEBUG 2026-08-06 12:31:06 t_client.py:292 Received actions on device: cpu
DEBUG 2026-08-06 12:31:06 t_client.py:302 Actions kept on device: cpu
DEBUG 2026-08-06 12:31:06 t_client.py:477 Control loop (ms): 0.32
DEBUG 2026-08-06 12:31:06 t_client.py:477 Control loop (ms): 0.44
DEBUG 2026-08-06 12:31:06 t_client.py:477 Control loop (ms): 0.37
DEBUG 2026-08-06 12:31:06 t_client.py:477 Control loop (ms): 0.42
DEBUG 2026-08-06 12:31:06 t_client.py:477 Control loop (ms): 0.44
DEBUG 2026-08-06 12:31:06 t_client.py:477 Control loop (ms): 0.45
DEBUG 2026-08-06 12:31:06 t_client.py:477 Control loop (ms): 0.39
DEBUG 2026-08-06 12:31:06 t_client.py:477 Control loop (ms): 0.45
DEBUG 2026-08-06 12:31:06 t_client.py:477 Control loop (ms): 0.40
DEBUG 2026-08-06 12:31:06 t_client.py:477 Control loop (ms): 0.30
DEBUG 2026-08-06 12:31:06 t_client.py:477 Control loop (ms): 0.24
DEBUG 2026-08-06 12:31:06 t_client.py:477 Control loop (ms): 0.21
DEBUG 2026-08-06 12:31:06 t_client.py:477 Control loop (ms): 0.43
DEBUG 2026-08-06 12:31:06 t_client.py:477 Control loop (ms): 0.21
DEBUG 2026-08-06 12:31:06 t_client.py:477 Control loop (ms): 0.19
DEBUG 2026-08-06 12:31:06 t_client.py:477 Control loop (ms): 0.20
DEBUG 2026-08-06 12:31:06 t_client.py:477 Control loop (ms): 0.20
DEBUG 2026-08-06 12:31:06 t_client.py:477 Control loop (ms): 0.35
DEBUG 2026-08-06 12:31:06 t_client.py:477 Control loop (ms): 0.31
DEBUG 2026-08-06 12:31:07 t_client.py:477 Control loop (ms): 0.21
DEBUG 2026-08-06 12:31:07 t_client.py:477 Control loop (ms): 0.27
DEBUG 2026-08-06 12:31:07 t_client.py:477 Control loop (ms): 0.28
DEBUG 2026-08-06 12:31:07 t_client.py:477 Control loop (ms): 0.34
DEBUG 2026-08-06 12:31:07 t_client.py:477 Control loop (ms): 0.51
DEBUG 2026-08-06 12:31:07 t_client.py:477 Control loop (ms): 0.40
DEBUG 2026-08-06 12:31:07 t_client.py:477 Control loop (ms): 0.20
DEBUG 2026-08-06 12:31:07 t_client.py:477 Control loop (ms): 0.23
DEBUG 2026-08-06 12:31:07 t_client.py:477 Control loop (ms): 0.26
DEBUG 2026-08-06 12:31:07 t_client.py:477 Control loop (ms): 0.20
DEBUG 2026-08-06 12:31:07 t_client.py:477 Control loop (ms): 0.24
DEBUG 2026-08-06 12:31:07 t_client.py:477 Control loop (ms): 0.31
DEBUG 2026-08-06 12:31:07 t_client.py:477 Control loop (ms): 0.26
DEBUG 2026-08-06 12:31:07 t_client.py:477 Control loop (ms): 0.24
DEBUG 2026-08-06 12:31:07 t_client.py:477 Control loop (ms): 0.22
DEBUG 2026-08-06 12:31:07 t_client.py:477 Control loop (ms): 0.20
DEBUG 2026-08-06 12:31:07 t_client.py:477 Control loop (ms): 0.39
DEBUG 2026-08-06 12:31:07 t_client.py:477 Control loop (ms): 0.29
DEBUG 2026-08-06 12:31:07 t_client.py:477 Control loop (ms): 0.20
DEBUG 2026-08-06 12:31:07 t_client.py:477 Control loop (ms): 0.17
DEBUG 2026-08-06 12:31:08 t_client.py:477 Control loop (ms): 0.25
DEBUG 2026-08-06 12:31:08 t_client.py:477 Control loop (ms): 0.19
DEBUG 2026-08-06 12:31:08 t_client.py:477 Control loop (ms): 0.19
DEBUG 2026-08-06 12:31:08 t_client.py:477 Control loop (ms): 0.18
DEBUG 2026-08-06 12:31:08 t_client.py:477 Control loop (ms): 0.26
DEBUG 2026-08-06 12:31:08 t_client.py:477 Control loop (ms): 0.27
DEBUG 2026-08-06 12:31:08 follower.py:188 guardian_follower_left SOFollower read state: 1.4ms
DEBUG 2026-08-06 12:31:08 follower.py:196 guardian_follower_left SOFollower read left_wrist: 0.0ms
DEBUG 2026-08-06 12:31:08 follower.py:196 guardian_follower_left SOFollower read right_wrist: 0.0ms
DEBUG 2026-08-06 12:31:08 follower.py:196 guardian_follower_left SOFollower read overhead: 0.0ms
DEBUG 2026-08-06 12:31:08 follower.py:188 guardian_follower_right SOFollower read state: 0.9ms
DEBUG 2026-08-06 12:31:08 t_client.py:198 Observation serialization time: 0.001595s
DEBUG 2026-08-06 12:31:08 ort/utils.py:54 [CLIENT] Observation Buffer size 2.6375579833984375 MB with
DEBUG 2026-08-06 12:31:08 ort/utils.py:69 [CLIENT] Observation Sent 2097152/2765680 bytes with state 1
DEBUG 2026-08-06 12:31:08 ort/utils.py:69 [CLIENT] Observation Sent 2765680/2765680 bytes with state 3
DEBUG 2026-08-06 12:31:08 ort/utils.py:71 [CLIENT] Observation Published 2.6375579833984375 MB
DEBUG 2026-08-06 12:31:08 t_client.py:209 Sent observation #499 | 
DEBUG 2026-08-06 12:31:08 t_client.py:434 QUEUE SIZE: 50 (Must go: False)
DEBUG 2026-08-06 12:31:08 t_client.py:477 Control loop (ms): 330.91
DEBUG 2026-08-06 12:31:08 follower.py:188 guardian_follower_left SOFollower read state: 1.3ms
DEBUG 2026-08-06 12:31:08 follower.py:196 guardian_follower_left SOFollower read left_wrist: 0.0ms
DEBUG 2026-08-06 12:31:08 follower.py:196 guardian_follower_left SOFollower read right_wrist: 0.0ms
DEBUG 2026-08-06 12:31:08 follower.py:196 guardian_follower_left SOFollower read overhead: 0.0ms
DEBUG 2026-08-06 12:31:08 follower.py:188 guardian_follower_right SOFollower read state: 0.9ms
DEBUG 2026-08-06 12:31:08 t_client.py:198 Observation serialization time: 0.001857s
DEBUG 2026-08-06 12:31:08 ort/utils.py:54 [CLIENT] Observation Buffer size 2.6375579833984375 MB with
DEBUG 2026-08-06 12:31:08 ort/utils.py:69 [CLIENT] Observation Sent 2097152/2765680 bytes with state 1
DEBUG 2026-08-06 12:31:08 ort/utils.py:69 [CLIENT] Observation Sent 2765680/2765680 bytes with state 3
DEBUG 2026-08-06 12:31:08 ort/utils.py:71 [CLIENT] Observation Published 2.6375579833984375 MB
DEBUG 2026-08-06 12:31:08 t_client.py:292 Received actions on device: cpu
DEBUG 2026-08-06 12:31:08 t_client.py:302 Actions kept on device: cpu
DEBUG 2026-08-06 12:31:09 t_client.py:209 Sent observation #500 | 
DEBUG 2026-08-06 12:31:09 t_client.py:434 QUEUE SIZE: 49 (Must go: False)
DEBUG 2026-08-06 12:31:09 t_client.py:477 Control loop (ms): 351.09
DEBUG 2026-08-06 12:31:09 t_client.py:477 Control loop (ms): 0.51
DEBUG 2026-08-06 12:31:09 t_client.py:477 Control loop (ms): 0.39
DEBUG 2026-08-06 12:31:09 t_client.py:477 Control loop (ms): 0.28
DEBUG 2026-08-06 12:31:09 t_client.py:292 Received actions on device: cpu
DEBUG 2026-08-06 12:31:09 t_client.py:302 Actions kept on device: cpu
DEBUG 2026-08-06 12:31:09 t_client.py:477 Control loop (ms): 0.36
DEBUG 2026-08-06 12:31:09 t_client.py:477 Control loop (ms): 0.32
DEBUG 2026-08-06 12:31:09 t_client.py:477 Control loop (ms): 0.35
DEBUG 2026-08-06 12:31:09 t_client.py:477 Control loop (ms): 0.32
DEBUG 2026-08-06 12:31:09 t_client.py:477 Control loop (ms): 0.29
DEBUG 2026-08-06 12:31:09 t_client.py:477 Control loop (ms): 0.37
DEBUG 2026-08-06 12:31:09 t_client.py:477 Control loop (ms): 0.33
DEBUG 2026-08-06 12:31:09 t_client.py:477 Control loop (ms): 0.34
DEBUG 2026-08-06 12:31:09 t_client.py:477 Control loop (ms): 0.29
DEBUG 2026-08-06 12:31:09 t_client.py:477 Control loop (ms): 0.37
DEBUG 2026-08-06 12:31:09 t_client.py:477 Control loop (ms): 0.33
DEBUG 2026-08-06 12:31:09 t_client.py:477 Control loop (ms): 0.31
DEBUG 2026-08-06 12:31:09 t_client.py:477 Control loop (ms): 0.31
DEBUG 2026-08-06 12:31:09 t_client.py:477 Control loop (ms): 0.30
DEBUG 2026-08-06 12:31:09 t_client.py:477 Control loop (ms): 0.33
DEBUG 2026-08-06 12:31:09 t_client.py:477 Control loop (ms): 0.30
DEBUG 2026-08-06 12:31:09 t_client.py:477 Control loop (ms): 0.31
DEBUG 2026-08-06 12:31:10 t_client.py:477 Control loop (ms): 0.30
DEBUG 2026-08-06 12:31:10 t_client.py:477 Control loop (ms): 0.31
DEBUG 2026-08-06 12:31:10 t_client.py:477 Control loop (ms): 0.60
DEBUG 2026-08-06 12:31:10 t_client.py:477 Control loop (ms): 0.44
DEBUG 2026-08-06 12:31:10 t_client.py:477 Control loop (ms): 0.35
DEBUG 2026-08-06 12:31:10 t_client.py:477 Control loop (ms): 0.31
DEBUG 2026-08-06 12:31:10 t_client.py:477 Control loop (ms): 0.29
DEBUG 2026-08-06 12:31:10 t_client.py:477 Control loop (ms): 0.30
DEBUG 2026-08-06 12:31:10 t_client.py:477 Control loop (ms): 0.46
DEBUG 2026-08-06 12:31:10 t_client.py:477 Control loop (ms): 0.39
DEBUG 2026-08-06 12:31:10 t_client.py:477 Control loop (ms): 0.33
DEBUG 2026-08-06 12:31:10 t_client.py:477 Control loop (ms): 0.29
DEBUG 2026-08-06 12:31:10 t_client.py:477 Control loop (ms): 0.36
DEBUG 2026-08-06 12:31:10 t_client.py:477 Control loop (ms): 0.24
DEBUG 2026-08-06 12:31:10 t_client.py:477 Control loop (ms): 0.22
DEBUG 2026-08-06 12:31:10 t_client.py:477 Control loop (ms): 0.22
DEBUG 2026-08-06 12:31:10 t_client.py:477 Control loop (ms): 0.21
DEBUG 2026-08-06 12:31:10 t_client.py:477 Control loop (ms): 0.22
DEBUG 2026-08-06 12:31:10 t_client.py:477 Control loop (ms): 0.28
DEBUG 2026-08-06 12:31:10 t_client.py:477 Control loop (ms): 0.27
DEBUG 2026-08-06 12:31:11 t_client.py:477 Control loop (ms): 0.23
DEBUG 2026-08-06 12:31:11 t_client.py:477 Control loop (ms): 0.20
DEBUG 2026-08-06 12:31:11 t_client.py:477 Control loop (ms): 0.19
DEBUG 2026-08-06 12:31:11 t_client.py:477 Control loop (ms): 0.29
DEBUG 2026-08-06 12:31:11 t_client.py:477 Control loop (ms): 0.47
DEBUG 2026-08-06 12:31:11 t_client.py:477 Control loop (ms): 0.39
DEBUG 2026-08-06 12:31:11 t_client.py:477 Control loop (ms): 0.34
DEBUG 2026-08-06 12:31:11 t_client.py:477 Control loop (ms): 0.32
DEBUG 2026-08-06 12:31:11 follower.py:188 guardian_follower_left SOFollower read state: 1.3ms
DEBUG 2026-08-06 12:31:11 follower.py:196 guardian_follower_left SOFollower read left_wrist: 0.0ms
DEBUG 2026-08-06 12:31:11 follower.py:196 guardian_follower_left SOFollower read right_wrist: 0.0ms
DEBUG 2026-08-06 12:31:11 follower.py:196 guardian_follower_left SOFollower read overhead: 0.0ms
DEBUG 2026-08-06 12:31:11 follower.py:188 guardian_follower_right SOFollower read state: 0.9ms
DEBUG 2026-08-06 12:31:11 t_client.py:198 Observation serialization time: 0.001807s
DEBUG 2026-08-06 12:31:11 ort/utils.py:54 [CLIENT] Observation Buffer size 2.6375579833984375 MB with
DEBUG 2026-08-06 12:31:11 ort/utils.py:69 [CLIENT] Observation Sent 2097152/2765680 bytes with state 1
DEBUG 2026-08-06 12:31:11 ort/utils.py:69 [CLIENT] Observation Sent 2765680/2765680 bytes with state 3
DEBUG 2026-08-06 12:31:11 ort/utils.py:71 [CLIENT] Observation Published 2.6375579833984375 MB
DEBUG 2026-08-06 12:31:11 t_client.py:209 Sent observation #549 | 
DEBUG 2026-08-06 12:31:11 t_client.py:434 QUEUE SIZE: 50 (Must go: False)
DEBUG 2026-08-06 12:31:11 t_client.py:477 Control loop (ms): 334.92
DEBUG 2026-08-06 12:31:11 follower.py:188 guardian_follower_left SOFollower read state: 1.4ms
DEBUG 2026-08-06 12:31:11 follower.py:196 guardian_follower_left SOFollower read left_wrist: 0.0ms
DEBUG 2026-08-06 12:31:11 follower.py:196 guardian_follower_left SOFollower read right_wrist: 0.0ms
DEBUG 2026-08-06 12:31:11 follower.py:196 guardian_follower_left SOFollower read overhead: 0.0ms
DEBUG 2026-08-06 12:31:11 follower.py:188 guardian_follower_right SOFollower read state: 0.9ms
DEBUG 2026-08-06 12:31:11 t_client.py:198 Observation serialization time: 0.001603s
DEBUG 2026-08-06 12:31:11 ort/utils.py:54 [CLIENT] Observation Buffer size 2.6375579833984375 MB with
DEBUG 2026-08-06 12:31:11 ort/utils.py:69 [CLIENT] Observation Sent 2097152/2765680 bytes with state 1
DEBUG 2026-08-06 12:31:11 ort/utils.py:69 [CLIENT] Observation Sent 2765680/2765680 bytes with state 3
DEBUG 2026-08-06 12:31:11 ort/utils.py:71 [CLIENT] Observation Published 2.6375579833984375 MB
DEBUG 2026-08-06 12:31:12 t_client.py:292 Received actions on device: cpu
DEBUG 2026-08-06 12:31:12 t_client.py:302 Actions kept on device: cpu
DEBUG 2026-08-06 12:31:12 t_client.py:209 Sent observation #550 | 
DEBUG 2026-08-06 12:31:12 t_client.py:434 QUEUE SIZE: 49 (Must go: False)
DEBUG 2026-08-06 12:31:12 t_client.py:477 Control loop (ms): 372.61
DEBUG 2026-08-06 12:31:12 t_client.py:477 Control loop (ms): 0.41
DEBUG 2026-08-06 12:31:12 t_client.py:477 Control loop (ms): 0.27
DEBUG 2026-08-06 12:31:12 t_client.py:477 Control loop (ms): 0.28
DEBUG 2026-08-06 12:31:12 t_client.py:292 Received actions on device: cpu
DEBUG 2026-08-06 12:31:12 t_client.py:302 Actions kept on device: cpu
DEBUG 2026-08-06 12:31:12 t_client.py:477 Control loop (ms): 0.45
DEBUG 2026-08-06 12:31:12 t_client.py:477 Control loop (ms): 0.41
DEBUG 2026-08-06 12:31:12 t_client.py:477 Control loop (ms): 0.38
DEBUG 2026-08-06 12:31:12 t_client.py:477 Control loop (ms): 0.30
DEBUG 2026-08-06 12:31:12 t_client.py:477 Control loop (ms): 0.41
DEBUG 2026-08-06 12:31:12 t_client.py:477 Control loop (ms): 0.46
DEBUG 2026-08-06 12:31:12 t_client.py:477 Control loop (ms): 0.28
DEBUG 2026-08-06 12:31:12 t_client.py:477 Control loop (ms): 0.31
DEBUG 2026-08-06 12:31:12 t_client.py:477 Control loop (ms): 0.27
DEBUG 2026-08-06 12:31:12 t_client.py:477 Control loop (ms): 0.32
DEBUG 2026-08-06 12:31:12 t_client.py:477 Control loop (ms): 0.20
DEBUG 2026-08-06 12:31:12 t_client.py:477 Control loop (ms): 0.47
DEBUG 2026-08-06 12:31:12 t_client.py:477 Control loop (ms): 0.41
DEBUG 2026-08-06 12:31:12 t_client.py:477 Control loop (ms): 0.31
DEBUG 2026-08-06 12:31:12 t_client.py:477 Control loop (ms): 0.23
DEBUG 2026-08-06 12:31:13 t_client.py:477 Control loop (ms): 0.23
DEBUG 2026-08-06 12:31:13 t_client.py:477 Control loop (ms): 0.22
DEBUG 2026-08-06 12:31:13 t_client.py:477 Control loop (ms): 0.27
DEBUG 2026-08-06 12:31:13 t_client.py:477 Control loop (ms): 0.35
DEBUG 2026-08-06 12:31:13 t_client.py:477 Control loop (ms): 0.28
DEBUG 2026-08-06 12:31:13 t_client.py:477 Control loop (ms): 0.32
DEBUG 2026-08-06 12:31:13 t_client.py:477 Control loop (ms): 0.28
DEBUG 2026-08-06 12:31:13 t_client.py:477 Control loop (ms): 0.35
DEBUG 2026-08-06 12:31:13 t_client.py:477 Control loop (ms): 0.31
DEBUG 2026-08-06 12:31:13 t_client.py:477 Control loop (ms): 0.35
DEBUG 2026-08-06 12:31:13 t_client.py:477 Control loop (ms): 0.30
DEBUG 2026-08-06 12:31:13 t_client.py:477 Control loop (ms): 0.38
DEBUG 2026-08-06 12:31:13 t_client.py:477 Control loop (ms): 0.33
DEBUG 2026-08-06 12:31:13 t_client.py:477 Control loop (ms): 0.24
DEBUG 2026-08-06 12:31:13 t_client.py:477 Control loop (ms): 0.26
DEBUG 2026-08-06 12:31:13 t_client.py:477 Control loop (ms): 0.36
DEBUG 2026-08-06 12:31:13 t_client.py:477 Control loop (ms): 0.35
DEBUG 2026-08-06 12:31:13 t_client.py:477 Control loop (ms): 0.24
DEBUG 2026-08-06 12:31:13 t_client.py:477 Control loop (ms): 0.25
DEBUG 2026-08-06 12:31:13 t_client.py:477 Control loop (ms): 0.37
DEBUG 2026-08-06 12:31:14 t_client.py:477 Control loop (ms): 0.42
DEBUG 2026-08-06 12:31:14 t_client.py:477 Control loop (ms): 0.36
DEBUG 2026-08-06 12:31:14 t_client.py:477 Control loop (ms): 0.39
DEBUG 2026-08-06 12:31:14 t_client.py:477 Control loop (ms): 0.39
DEBUG 2026-08-06 12:31:14 t_client.py:477 Control loop (ms): 0.40
DEBUG 2026-08-06 12:31:14 t_client.py:477 Control loop (ms): 0.33
DEBUG 2026-08-06 12:31:14 t_client.py:477 Control loop (ms): 0.37
DEBUG 2026-08-06 12:31:14 t_client.py:477 Control loop (ms): 0.42
DEBUG 2026-08-06 12:31:14 t_client.py:477 Control loop (ms): 0.38
DEBUG 2026-08-06 12:31:14 t_client.py:477 Control loop (ms): 0.32
DEBUG 2026-08-06 12:31:14 follower.py:188 guardian_follower_left SOFollower read state: 1.3ms
DEBUG 2026-08-06 12:31:14 follower.py:196 guardian_follower_left SOFollower read left_wrist: 0.0ms
DEBUG 2026-08-06 12:31:14 follower.py:196 guardian_follower_left SOFollower read right_wrist: 0.0ms
DEBUG 2026-08-06 12:31:14 follower.py:196 guardian_follower_left SOFollower read overhead: 0.0ms
DEBUG 2026-08-06 12:31:14 follower.py:188 guardian_follower_right SOFollower read state: 0.9ms
DEBUG 2026-08-06 12:31:14 t_client.py:198 Observation serialization time: 0.001707s
DEBUG 2026-08-06 12:31:14 ort/utils.py:54 [CLIENT] Observation Buffer size 2.6375579833984375 MB with
DEBUG 2026-08-06 12:31:14 ort/utils.py:69 [CLIENT] Observation Sent 2097152/2765680 bytes with state 1
DEBUG 2026-08-06 12:31:14 ort/utils.py:69 [CLIENT] Observation Sent 2765680/2765680 bytes with state 3
DEBUG 2026-08-06 12:31:14 ort/utils.py:71 [CLIENT] Observation Published 2.6375579833984375 MB
DEBUG 2026-08-06 12:31:14 t_client.py:209 Sent observation #599 | 
DEBUG 2026-08-06 12:31:14 t_client.py:434 QUEUE SIZE: 50 (Must go: False)
DEBUG 2026-08-06 12:31:14 t_client.py:477 Control loop (ms): 299.99
DEBUG 2026-08-06 12:31:14 follower.py:188 guardian_follower_left SOFollower read state: 1.3ms
DEBUG 2026-08-06 12:31:14 follower.py:196 guardian_follower_left SOFollower read left_wrist: 0.0ms
DEBUG 2026-08-06 12:31:14 follower.py:196 guardian_follower_left SOFollower read right_wrist: 0.0ms
DEBUG 2026-08-06 12:31:14 follower.py:196 guardian_follower_left SOFollower read overhead: 0.0ms
DEBUG 2026-08-06 12:31:14 follower.py:188 guardian_follower_right SOFollower read state: 0.9ms
DEBUG 2026-08-06 12:31:14 t_client.py:198 Observation serialization time: 0.001634s
DEBUG 2026-08-06 12:31:14 ort/utils.py:54 [CLIENT] Observation Buffer size 2.6375579833984375 MB with
DEBUG 2026-08-06 12:31:14 ort/utils.py:69 [CLIENT] Observation Sent 2097152/2765680 bytes with state 1
DEBUG 2026-08-06 12:31:15 ort/utils.py:69 [CLIENT] Observation Sent 2765680/2765680 bytes with state 3
DEBUG 2026-08-06 12:31:15 ort/utils.py:71 [CLIENT] Observation Published 2.6375579833984375 MB
DEBUG 2026-08-06 12:31:15 t_client.py:292 Received actions on device: cpu
DEBUG 2026-08-06 12:31:15 t_client.py:302 Actions kept on device: cpu
DEBUG 2026-08-06 12:31:15 t_client.py:209 Sent observation #600 | 
DEBUG 2026-08-06 12:31:15 t_client.py:434 QUEUE SIZE: 49 (Must go: False)
DEBUG 2026-08-06 12:31:15 t_client.py:477 Control loop (ms): 351.58
DEBUG 2026-08-06 12:31:15 t_client.py:477 Control loop (ms): 0.42
DEBUG 2026-08-06 12:31:15 t_client.py:477 Control loop (ms): 0.45
DEBUG 2026-08-06 12:31:15 t_client.py:477 Control loop (ms): 0.49
DEBUG 2026-08-06 12:31:15 t_client.py:292 Received actions on device: cpu
DEBUG 2026-08-06 12:31:15 t_client.py:302 Actions kept on device: cpu
DEBUG 2026-08-06 12:31:15 t_client.py:477 Control loop (ms): 0.40
DEBUG 2026-08-06 12:31:15 t_client.py:477 Control loop (ms): 0.27
DEBUG 2026-08-06 12:31:15 t_client.py:477 Control loop (ms): 0.28
DEBUG 2026-08-06 12:31:15 t_client.py:477 Control loop (ms): 0.27
DEBUG 2026-08-06 12:31:15 t_client.py:477 Control loop (ms): 0.32
DEBUG 2026-08-06 12:31:15 t_client.py:477 Control loop (ms): 0.21
DEBUG 2026-08-06 12:31:15 t_client.py:477 Control loop (ms): 0.28
DEBUG 2026-08-06 12:31:15 t_client.py:477 Control loop (ms): 0.26
DEBUG 2026-08-06 12:31:15 t_client.py:477 Control loop (ms): 0.21
DEBUG 2026-08-06 12:31:15 t_client.py:477 Control loop (ms): 0.20
DEBUG 2026-08-06 12:31:15 t_client.py:477 Control loop (ms): 0.21
DEBUG 2026-08-06 12:31:15 t_client.py:477 Control loop (ms): 0.26
DEBUG 2026-08-06 12:31:15 t_client.py:477 Control loop (ms): 0.20
DEBUG 2026-08-06 12:31:15 t_client.py:477 Control loop (ms): 0.25
DEBUG 2026-08-06 12:31:16 t_client.py:477 Control loop (ms): 0.21
DEBUG 2026-08-06 12:31:16 t_client.py:477 Control loop (ms): 0.29
DEBUG 2026-08-06 12:31:16 t_client.py:477 Control loop (ms): 0.21
DEBUG 2026-08-06 12:31:16 t_client.py:477 Control loop (ms): 0.43
DEBUG 2026-08-06 12:31:16 t_client.py:477 Control loop (ms): 0.29
DEBUG 2026-08-06 12:31:16 t_client.py:477 Control loop (ms): 0.27
DEBUG 2026-08-06 12:31:16 t_client.py:477 Control loop (ms): 0.40
DEBUG 2026-08-06 12:31:16 t_client.py:477 Control loop (ms): 0.45
DEBUG 2026-08-06 12:31:16 t_client.py:477 Control loop (ms): 0.38
DEBUG 2026-08-06 12:31:16 t_client.py:477 Control loop (ms): 0.35
DEBUG 2026-08-06 12:31:16 t_client.py:477 Control loop (ms): 0.42
DEBUG 2026-08-06 12:31:16 t_client.py:477 Control loop (ms): 0.38
DEBUG 2026-08-06 12:31:16 t_client.py:477 Control loop (ms): 0.32
DEBUG 2026-08-06 12:31:16 t_client.py:477 Control loop (ms): 0.39
DEBUG 2026-08-06 12:31:16 t_client.py:477 Control loop (ms): 0.34
DEBUG 2026-08-06 12:31:16 t_client.py:477 Control loop (ms): 0.39
DEBUG 2026-08-06 12:31:16 t_client.py:477 Control loop (ms): 0.32
DEBUG 2026-08-06 12:31:16 t_client.py:477 Control loop (ms): 0.37
DEBUG 2026-08-06 12:31:16 t_client.py:477 Control loop (ms): 0.40
DEBUG 2026-08-06 12:31:16 t_client.py:477 Control loop (ms): 0.38
DEBUG 2026-08-06 12:31:17 t_client.py:477 Control loop (ms): 0.34
DEBUG 2026-08-06 12:31:17 t_client.py:477 Control loop (ms): 0.38
DEBUG 2026-08-06 12:31:17 t_client.py:477 Control loop (ms): 0.32
DEBUG 2026-08-06 12:31:17 t_client.py:477 Control loop (ms): 0.28
DEBUG 2026-08-06 12:31:17 t_client.py:477 Control loop (ms): 0.28
DEBUG 2026-08-06 12:31:17 t_client.py:477 Control loop (ms): 0.41
DEBUG 2026-08-06 12:31:17 t_client.py:477 Control loop (ms): 0.39
DEBUG 2026-08-06 12:31:17 t_client.py:477 Control loop (ms): 0.32
DEBUG 2026-08-06 12:31:17 t_client.py:477 Control loop (ms): 0.41
DEBUG 2026-08-06 12:31:17 t_client.py:477 Control loop (ms): 0.35
DEBUG 2026-08-06 12:31:17 t_client.py:477 Control loop (ms): 0.41
DEBUG 2026-08-06 12:31:17 follower.py:188 guardian_follower_left SOFollower read state: 1.4ms
DEBUG 2026-08-06 12:31:17 follower.py:196 guardian_follower_left SOFollower read left_wrist: 0.0ms
DEBUG 2026-08-06 12:31:17 follower.py:196 guardian_follower_left SOFollower read right_wrist: 0.0ms
DEBUG 2026-08-06 12:31:17 follower.py:196 guardian_follower_left SOFollower read overhead: 0.0ms
DEBUG 2026-08-06 12:31:17 follower.py:188 guardian_follower_right SOFollower read state: 0.9ms
DEBUG 2026-08-06 12:31:17 t_client.py:198 Observation serialization time: 0.001919s
DEBUG 2026-08-06 12:31:17 ort/utils.py:54 [CLIENT] Observation Buffer size 2.6375579833984375 MB with
DEBUG 2026-08-06 12:31:17 ort/utils.py:69 [CLIENT] Observation Sent 2097152/2765680 bytes with state 1
DEBUG 2026-08-06 12:31:17 ort/utils.py:69 [CLIENT] Observation Sent 2765680/2765680 bytes with state 3
DEBUG 2026-08-06 12:31:17 ort/utils.py:71 [CLIENT] Observation Published 2.6375579833984375 MB
DEBUG 2026-08-06 12:31:18 t_client.py:209 Sent observation #649 | 
DEBUG 2026-08-06 12:31:18 t_client.py:434 QUEUE SIZE: 50 (Must go: False)
DEBUG 2026-08-06 12:31:18 t_client.py:477 Control loop (ms): 458.31
DEBUG 2026-08-06 12:31:18 follower.py:188 guardian_follower_left SOFollower read state: 1.3ms
DEBUG 2026-08-06 12:31:18 follower.py:196 guardian_follower_left SOFollower read left_wrist: 0.0ms
DEBUG 2026-08-06 12:31:18 follower.py:196 guardian_follower_left SOFollower read right_wrist: 0.0ms
DEBUG 2026-08-06 12:31:18 follower.py:196 guardian_follower_left SOFollower read overhead: 0.0ms
DEBUG 2026-08-06 12:31:18 follower.py:188 guardian_follower_right SOFollower read state: 0.9ms
DEBUG 2026-08-06 12:31:18 t_client.py:198 Observation serialization time: 0.001658s
DEBUG 2026-08-06 12:31:18 ort/utils.py:54 [CLIENT] Observation Buffer size 2.6375579833984375 MB with
DEBUG 2026-08-06 12:31:18 ort/utils.py:69 [CLIENT] Observation Sent 2097152/2765680 bytes with state 1
DEBUG 2026-08-06 12:31:18 ort/utils.py:69 [CLIENT] Observation Sent 2765680/2765680 bytes with state 3
DEBUG 2026-08-06 12:31:18 ort/utils.py:71 [CLIENT] Observation Published 2.6375579833984375 MB
DEBUG 2026-08-06 12:31:18 t_client.py:292 Received actions on device: cpu
DEBUG 2026-08-06 12:31:18 t_client.py:302 Actions kept on device: cpu
DEBUG 2026-08-06 12:31:18 t_client.py:209 Sent observation #650 | 
DEBUG 2026-08-06 12:31:18 t_client.py:434 QUEUE SIZE: 49 (Must go: False)
DEBUG 2026-08-06 12:31:18 t_client.py:477 Control loop (ms): 593.06
DEBUG 2026-08-06 12:31:18 t_client.py:477 Control loop (ms): 0.53
DEBUG 2026-08-06 12:31:18 t_client.py:477 Control loop (ms): 0.35
DEBUG 2026-08-06 12:31:18 t_client.py:477 Control loop (ms): 0.30
DEBUG 2026-08-06 12:31:18 t_client.py:292 Received actions on device: cpu
DEBUG 2026-08-06 12:31:18 t_client.py:302 Actions kept on device: cpu
DEBUG 2026-08-06 12:31:18 t_client.py:477 Control loop (ms): 0.35
DEBUG 2026-08-06 12:31:18 t_client.py:477 Control loop (ms): 0.30
DEBUG 2026-08-06 12:31:18 t_client.py:477 Control loop (ms): 0.29
DEBUG 2026-08-06 12:31:18 t_client.py:477 Control loop (ms): 0.59
DEBUG 2026-08-06 12:31:18 t_client.py:477 Control loop (ms): 0.38
DEBUG 2026-08-06 12:31:19 t_client.py:477 Control loop (ms): 0.32
DEBUG 2026-08-06 12:31:19 t_client.py:477 Control loop (ms): 0.36
DEBUG 2026-08-06 12:31:19 t_client.py:477 Control loop (ms): 0.31
DEBUG 2026-08-06 12:31:19 t_client.py:477 Control loop (ms): 0.36
DEBUG 2026-08-06 12:31:19 t_client.py:477 Control loop (ms): 0.31
DEBUG 2026-08-06 12:31:19 t_client.py:477 Control loop (ms): 0.29
DEBUG 2026-08-06 12:31:19 t_client.py:477 Control loop (ms): 0.48
DEBUG 2026-08-06 12:31:19 t_client.py:477 Control loop (ms): 0.39
DEBUG 2026-08-06 12:31:19 t_client.py:477 Control loop (ms): 0.31
DEBUG 2026-08-06 12:31:19 t_client.py:477 Control loop (ms): 0.43
DEBUG 2026-08-06 12:31:19 t_client.py:477 Control loop (ms): 0.57
DEBUG 2026-08-06 12:31:19 t_client.py:477 Control loop (ms): 0.42
DEBUG 2026-08-06 12:31:19 t_client.py:477 Control loop (ms): 0.36
DEBUG 2026-08-06 12:31:19 t_client.py:477 Control loop (ms): 0.38
DEBUG 2026-08-06 12:31:19 t_client.py:477 Control loop (ms): 0.34
DEBUG 2026-08-06 12:31:19 t_client.py:477 Control loop (ms): 0.36
DEBUG 2026-08-06 12:31:19 t_client.py:477 Control loop (ms): 0.39
DEBUG 2026-08-06 12:31:19 t_client.py:477 Control loop (ms): 0.28
DEBUG 2026-08-06 12:31:19 t_client.py:477 Control loop (ms): 0.40
DEBUG 2026-08-06 12:31:19 t_client.py:477 Control loop (ms): 0.34
DEBUG 2026-08-06 12:31:20 t_client.py:477 Control loop (ms): 0.42
DEBUG 2026-08-06 12:31:20 t_client.py:477 Control loop (ms): 0.25
DEBUG 2026-08-06 12:31:20 t_client.py:477 Control loop (ms): 0.41
DEBUG 2026-08-06 12:31:20 t_client.py:477 Control loop (ms): 0.42
DEBUG 2026-08-06 12:31:20 t_client.py:477 Control loop (ms): 0.40
DEBUG 2026-08-06 12:31:20 t_client.py:477 Control loop (ms): 0.32
DEBUG 2026-08-06 12:31:20 t_client.py:477 Control loop (ms): 0.44
DEBUG 2026-08-06 12:31:20 t_client.py:477 Control loop (ms): 0.44
DEBUG 2026-08-06 12:31:20 t_client.py:477 Control loop (ms): 0.41
DEBUG 2026-08-06 12:31:20 t_client.py:477 Control loop (ms): 0.36
DEBUG 2026-08-06 12:31:20 t_client.py:477 Control loop (ms): 0.29
DEBUG 2026-08-06 12:31:20 t_client.py:477 Control loop (ms): 0.38
DEBUG 2026-08-06 12:31:20 t_client.py:477 Control loop (ms): 0.32
DEBUG 2026-08-06 12:31:20 t_client.py:477 Control loop (ms): 0.38
DEBUG 2026-08-06 12:31:20 t_client.py:477 Control loop (ms): 0.36
DEBUG 2026-08-06 12:31:20 t_client.py:477 Control loop (ms): 0.30
DEBUG 2026-08-06 12:31:20 t_client.py:477 Control loop (ms): 0.41
DEBUG 2026-08-06 12:31:20 t_client.py:477 Control loop (ms): 0.33
DEBUG 2026-08-06 12:31:20 t_client.py:477 Control loop (ms): 0.31
DEBUG 2026-08-06 12:31:20 t_client.py:477 Control loop (ms): 0.35
DEBUG 2026-08-06 12:31:21 follower.py:188 guardian_follower_left SOFollower read state: 1.3ms
DEBUG 2026-08-06 12:31:21 follower.py:196 guardian_follower_left SOFollower read left_wrist: 0.0ms
DEBUG 2026-08-06 12:31:21 follower.py:196 guardian_follower_left SOFollower read right_wrist: 0.0ms
DEBUG 2026-08-06 12:31:21 follower.py:196 guardian_follower_left SOFollower read overhead: 0.0ms
DEBUG 2026-08-06 12:31:21 follower.py:188 guardian_follower_right SOFollower read state: 1.0ms
DEBUG 2026-08-06 12:31:21 t_client.py:198 Observation serialization time: 0.001714s
DEBUG 2026-08-06 12:31:21 ort/utils.py:54 [CLIENT] Observation Buffer size 2.6375579833984375 MB with
DEBUG 2026-08-06 12:31:21 ort/utils.py:69 [CLIENT] Observation Sent 2097152/2765680 bytes with state 1
DEBUG 2026-08-06 12:31:21 ort/utils.py:69 [CLIENT] Observation Sent 2765680/2765680 bytes with state 3
DEBUG 2026-08-06 12:31:21 ort/utils.py:71 [CLIENT] Observation Published 2.6375579833984375 MB
DEBUG 2026-08-06 12:31:21 t_client.py:209 Sent observation #699 | 
DEBUG 2026-08-06 12:31:21 t_client.py:434 QUEUE SIZE: 50 (Must go: False)
DEBUG 2026-08-06 12:31:21 t_client.py:477 Control loop (ms): 426.92
DEBUG 2026-08-06 12:31:21 follower.py:188 guardian_follower_left SOFollower read state: 1.4ms
DEBUG 2026-08-06 12:31:21 follower.py:196 guardian_follower_left SOFollower read left_wrist: 0.0ms
DEBUG 2026-08-06 12:31:21 follower.py:196 guardian_follower_left SOFollower read right_wrist: 0.0ms
DEBUG 2026-08-06 12:31:21 follower.py:196 guardian_follower_left SOFollower read overhead: 0.0ms
DEBUG 2026-08-06 12:31:21 follower.py:188 guardian_follower_right SOFollower read state: 0.9ms
DEBUG 2026-08-06 12:31:21 t_client.py:198 Observation serialization time: 0.001622s
DEBUG 2026-08-06 12:31:21 ort/utils.py:54 [CLIENT] Observation Buffer size 2.6375579833984375 MB with
DEBUG 2026-08-06 12:31:21 ort/utils.py:69 [CLIENT] Observation Sent 2097152/2765680 bytes with state 1
DEBUG 2026-08-06 12:31:21 ort/utils.py:69 [CLIENT] Observation Sent 2765680/2765680 bytes with state 3
DEBUG 2026-08-06 12:31:21 ort/utils.py:71 [CLIENT] Observation Published 2.6375579833984375 MB
DEBUG 2026-08-06 12:31:21 t_client.py:292 Received actions on device: cpu
DEBUG 2026-08-06 12:31:21 t_client.py:302 Actions kept on device: cpu
DEBUG 2026-08-06 12:31:21 t_client.py:209 Sent observation #700 | 
DEBUG 2026-08-06 12:31:21 t_client.py:434 QUEUE SIZE: 49 (Must go: False)
DEBUG 2026-08-06 12:31:21 t_client.py:477 Control loop (ms): 429.93
DEBUG 2026-08-06 12:31:21 t_client.py:477 Control loop (ms): 0.38
DEBUG 2026-08-06 12:31:21 t_client.py:477 Control loop (ms): 0.46
DEBUG 2026-08-06 12:31:21 t_client.py:477 Control loop (ms): 0.40
DEBUG 2026-08-06 12:31:22 t_client.py:292 Received actions on device: cpu
DEBUG 2026-08-06 12:31:22 t_client.py:302 Actions kept on device: cpu
DEBUG 2026-08-06 12:31:22 t_client.py:477 Control loop (ms): 0.46
DEBUG 2026-08-06 12:31:22 t_client.py:477 Control loop (ms): 0.44
DEBUG 2026-08-06 12:31:22 t_client.py:477 Control loop (ms): 0.41
DEBUG 2026-08-06 12:31:22 t_client.py:477 Control loop (ms): 0.41
DEBUG 2026-08-06 12:31:22 t_client.py:477 Control loop (ms): 0.39
DEBUG 2026-08-06 12:31:22 t_client.py:477 Control loop (ms): 0.43
DEBUG 2026-08-06 12:31:22 t_client.py:477 Control loop (ms): 0.36
DEBUG 2026-08-06 12:31:22 t_client.py:477 Control loop (ms): 0.30
DEBUG 2026-08-06 12:31:22 t_client.py:477 Control loop (ms): 0.38
DEBUG 2026-08-06 12:31:22 t_client.py:477 Control loop (ms): 0.28
DEBUG 2026-08-06 12:31:22 t_client.py:477 Control loop (ms): 0.41
DEBUG 2026-08-06 12:31:22 t_client.py:477 Control loop (ms): 0.33
DEBUG 2026-08-06 12:31:22 t_client.py:477 Control loop (ms): 0.40
DEBUG 2026-08-06 12:31:22 t_client.py:477 Control loop (ms): 0.22
DEBUG 2026-08-06 12:31:22 t_client.py:477 Control loop (ms): 0.39
DEBUG 2026-08-06 12:31:22 t_client.py:477 Control loop (ms): 0.31
DEBUG 2026-08-06 12:31:22 t_client.py:477 Control loop (ms): 0.34
DEBUG 2026-08-06 12:31:22 t_client.py:477 Control loop (ms): 0.23
DEBUG 2026-08-06 12:31:22 t_client.py:477 Control loop (ms): 0.34
DEBUG 2026-08-06 12:31:22 t_client.py:477 Control loop (ms): 0.40
DEBUG 2026-08-06 12:31:23 t_client.py:477 Control loop (ms): 0.40
DEBUG 2026-08-06 12:31:23 t_client.py:477 Control loop (ms): 0.26
DEBUG 2026-08-06 12:31:23 t_client.py:477 Control loop (ms): 0.44
DEBUG 2026-08-06 12:31:23 t_client.py:477 Control loop (ms): 0.45
DEBUG 2026-08-06 12:31:23 t_client.py:477 Control loop (ms): 0.30
DEBUG 2026-08-06 12:31:23 t_client.py:477 Control loop (ms): 0.35
DEBUG 2026-08-06 12:31:23 t_client.py:477 Control loop (ms): 0.27
DEBUG 2026-08-06 12:31:23 t_client.py:477 Control loop (ms): 0.40
DEBUG 2026-08-06 12:31:23 t_client.py:477 Control loop (ms): 0.35
DEBUG 2026-08-06 12:31:23 t_client.py:477 Control loop (ms): 0.38
DEBUG 2026-08-06 12:31:23 t_client.py:477 Control loop (ms): 0.28
DEBUG 2026-08-06 12:31:23 t_client.py:477 Control loop (ms): 0.38
DEBUG 2026-08-06 12:31:23 t_client.py:477 Control loop (ms): 0.33
DEBUG 2026-08-06 12:31:23 t_client.py:477 Control loop (ms): 0.25
DEBUG 2026-08-06 12:31:23 t_client.py:477 Control loop (ms): 0.37
DEBUG 2026-08-06 12:31:23 t_client.py:477 Control loop (ms): 0.32
DEBUG 2026-08-06 12:31:23 t_client.py:477 Control loop (ms): 0.36
DEBUG 2026-08-06 12:31:23 t_client.py:477 Control loop (ms): 0.35
DEBUG 2026-08-06 12:31:23 t_client.py:477 Control loop (ms): 0.33
DEBUG 2026-08-06 12:31:23 t_client.py:477 Control loop (ms): 0.46
DEBUG 2026-08-06 12:31:24 t_client.py:477 Control loop (ms): 0.32
DEBUG 2026-08-06 12:31:24 t_client.py:477 Control loop (ms): 0.38
DEBUG 2026-08-06 12:31:24 t_client.py:477 Control loop (ms): 0.26
DEBUG 2026-08-06 12:31:24 t_client.py:477 Control loop (ms): 0.43
DEBUG 2026-08-06 12:31:24 t_client.py:477 Control loop (ms): 0.36
DEBUG 2026-08-06 12:31:24 follower.py:188 guardian_follower_left SOFollower read state: 1.4ms
DEBUG 2026-08-06 12:31:24 follower.py:196 guardian_follower_left SOFollower read left_wrist: 0.0ms
DEBUG 2026-08-06 12:31:24 follower.py:196 guardian_follower_left SOFollower read right_wrist: 0.0ms
DEBUG 2026-08-06 12:31:24 follower.py:196 guardian_follower_left SOFollower read overhead: 0.0ms
DEBUG 2026-08-06 12:31:24 follower.py:188 guardian_follower_right SOFollower read state: 0.9ms
DEBUG 2026-08-06 12:31:24 t_client.py:198 Observation serialization time: 0.001754s
DEBUG 2026-08-06 12:31:24 ort/utils.py:54 [CLIENT] Observation Buffer size 2.6375579833984375 MB with
DEBUG 2026-08-06 12:31:24 ort/utils.py:69 [CLIENT] Observation Sent 2097152/2765680 bytes with state 1
DEBUG 2026-08-06 12:31:24 ort/utils.py:69 [CLIENT] Observation Sent 2765680/2765680 bytes with state 3
DEBUG 2026-08-06 12:31:24 ort/utils.py:71 [CLIENT] Observation Published 2.6375579833984375 MB
DEBUG 2026-08-06 12:31:24 t_client.py:209 Sent observation #749 | 
DEBUG 2026-08-06 12:31:24 t_client.py:434 QUEUE SIZE: 50 (Must go: False)
DEBUG 2026-08-06 12:31:24 t_client.py:477 Control loop (ms): 312.52
DEBUG 2026-08-06 12:31:24 follower.py:188 guardian_follower_left SOFollower read state: 1.4ms
DEBUG 2026-08-06 12:31:24 follower.py:196 guardian_follower_left SOFollower read left_wrist: 0.0ms
DEBUG 2026-08-06 12:31:24 follower.py:196 guardian_follower_left SOFollower read right_wrist: 0.0ms
DEBUG 2026-08-06 12:31:24 follower.py:196 guardian_follower_left SOFollower read overhead: 0.0ms
DEBUG 2026-08-06 12:31:24 follower.py:188 guardian_follower_right SOFollower read state: 0.9ms
DEBUG 2026-08-06 12:31:24 t_client.py:198 Observation serialization time: 0.001614s
DEBUG 2026-08-06 12:31:24 ort/utils.py:54 [CLIENT] Observation Buffer size 2.6375579833984375 MB with
DEBUG 2026-08-06 12:31:24 ort/utils.py:69 [CLIENT] Observation Sent 2097152/2765680 bytes with state 1
DEBUG 2026-08-06 12:31:24 ort/utils.py:69 [CLIENT] Observation Sent 2765680/2765680 bytes with state 3
DEBUG 2026-08-06 12:31:24 ort/utils.py:71 [CLIENT] Observation Published 2.6375579833984375 MB
DEBUG 2026-08-06 12:31:24 t_client.py:292 Received actions on device: cpu
DEBUG 2026-08-06 12:31:24 t_client.py:302 Actions kept on device: cpu
DEBUG 2026-08-06 12:31:24 t_client.py:209 Sent observation #750 | 
DEBUG 2026-08-06 12:31:24 t_client.py:434 QUEUE SIZE: 49 (Must go: False)
DEBUG 2026-08-06 12:31:24 t_client.py:477 Control loop (ms): 381.78
DEBUG 2026-08-06 12:31:24 t_client.py:477 Control loop (ms): 0.34
DEBUG 2026-08-06 12:31:25 t_client.py:477 Control loop (ms): 0.37
DEBUG 2026-08-06 12:31:25 t_client.py:477 Control loop (ms): 0.39
DEBUG 2026-08-06 12:31:25 t_client.py:292 Received actions on device: cpu
DEBUG 2026-08-06 12:31:25 t_client.py:302 Actions kept on device: cpu
DEBUG 2026-08-06 12:31:25 t_client.py:477 Control loop (ms): 0.29
DEBUG 2026-08-06 12:31:25 t_client.py:477 Control loop (ms): 0.38
DEBUG 2026-08-06 12:31:25 t_client.py:477 Control loop (ms): 0.33
DEBUG 2026-08-06 12:31:25 t_client.py:477 Control loop (ms): 0.41
DEBUG 2026-08-06 12:31:25 t_client.py:477 Control loop (ms): 0.40
DEBUG 2026-08-06 12:31:25 t_client.py:477 Control loop (ms): 0.43
DEBUG 2026-08-06 12:31:25 t_client.py:477 Control loop (ms): 0.49
DEBUG 2026-08-06 12:31:25 t_client.py:477 Control loop (ms): 0.45
DEBUG 2026-08-06 12:31:25 t_client.py:477 Control loop (ms): 0.39
DEBUG 2026-08-06 12:31:25 t_client.py:477 Control loop (ms): 0.34
DEBUG 2026-08-06 12:31:25 t_client.py:477 Control loop (ms): 0.26
DEBUG 2026-08-06 12:31:25 t_client.py:477 Control loop (ms): 0.30
DEBUG 2026-08-06 12:31:25 t_client.py:477 Control loop (ms): 0.30
DEBUG 2026-08-06 12:31:25 t_client.py:477 Control loop (ms): 0.33
DEBUG 2026-08-06 12:31:25 t_client.py:477 Control loop (ms): 0.28
DEBUG 2026-08-06 12:31:25 t_client.py:477 Control loop (ms): 0.29
DEBUG 2026-08-06 12:31:25 t_client.py:477 Control loop (ms): 0.29
DEBUG 2026-08-06 12:31:25 t_client.py:477 Control loop (ms): 0.41
DEBUG 2026-08-06 12:31:26 t_client.py:477 Control loop (ms): 0.36
DEBUG 2026-08-06 12:31:26 t_client.py:477 Control loop (ms): 0.34
DEBUG 2026-08-06 12:31:26 t_client.py:477 Control loop (ms): 0.36
DEBUG 2026-08-06 12:31:26 t_client.py:477 Control loop (ms): 0.35
DEBUG 2026-08-06 12:31:26 t_client.py:477 Control loop (ms): 0.42
DEBUG 2026-08-06 12:31:26 t_client.py:477 Control loop (ms): 0.41
DEBUG 2026-08-06 12:31:26 t_client.py:477 Control loop (ms): 0.24
DEBUG 2026-08-06 12:31:26 t_client.py:477 Control loop (ms): 0.37
DEBUG 2026-08-06 12:31:26 t_client.py:477 Control loop (ms): 0.41
DEBUG 2026-08-06 12:31:26 t_client.py:477 Control loop (ms): 0.43
DEBUG 2026-08-06 12:31:26 t_client.py:477 Control loop (ms): 0.31
DEBUG 2026-08-06 12:31:26 t_client.py:477 Control loop (ms): 0.37
DEBUG 2026-08-06 12:31:26 t_client.py:477 Control loop (ms): 0.32
DEBUG 2026-08-06 12:31:26 t_client.py:477 Control loop (ms): 0.39
DEBUG 2026-08-06 12:31:26 t_client.py:477 Control loop (ms): 0.32
DEBUG 2026-08-06 12:31:26 t_client.py:477 Control loop (ms): 0.40
DEBUG 2026-08-06 12:31:26 t_client.py:477 Control loop (ms): 0.31
DEBUG 2026-08-06 12:31:26 t_client.py:477 Control loop (ms): 0.40
DEBUG 2026-08-06 12:31:26 t_client.py:477 Control loop (ms): 0.32
DEBUG 2026-08-06 12:31:26 t_client.py:477 Control loop (ms): 0.30
DEBUG 2026-08-06 12:31:27 t_client.py:477 Control loop (ms): 0.32
DEBUG 2026-08-06 12:31:27 t_client.py:477 Control loop (ms): 0.44
DEBUG 2026-08-06 12:31:27 t_client.py:477 Control loop (ms): 0.20
DEBUG 2026-08-06 12:31:27 t_client.py:477 Control loop (ms): 0.30
DEBUG 2026-08-06 12:31:27 t_client.py:477 Control loop (ms): 0.24
DEBUG 2026-08-06 12:31:27 t_client.py:477 Control loop (ms): 0.40
DEBUG 2026-08-06 12:31:27 t_client.py:477 Control loop (ms): 0.20
DEBUG 2026-08-06 12:31:27 follower.py:188 guardian_follower_left SOFollower read state: 1.3ms
DEBUG 2026-08-06 12:31:27 follower.py:196 guardian_follower_left SOFollower read left_wrist: 0.0ms
DEBUG 2026-08-06 12:31:27 follower.py:196 guardian_follower_left SOFollower read right_wrist: 0.0ms
DEBUG 2026-08-06 12:31:27 follower.py:196 guardian_follower_left SOFollower read overhead: 0.0ms
DEBUG 2026-08-06 12:31:27 follower.py:188 guardian_follower_right SOFollower read state: 0.9ms
DEBUG 2026-08-06 12:31:27 t_client.py:198 Observation serialization time: 0.001653s
DEBUG 2026-08-06 12:31:27 ort/utils.py:54 [CLIENT] Observation Buffer size 2.6375579833984375 MB with
DEBUG 2026-08-06 12:31:27 ort/utils.py:69 [CLIENT] Observation Sent 2097152/2765680 bytes with state 1
DEBUG 2026-08-06 12:31:27 ort/utils.py:69 [CLIENT] Observation Sent 2765680/2765680 bytes with state 3
DEBUG 2026-08-06 12:31:27 ort/utils.py:71 [CLIENT] Observation Published 2.6375579833984375 MB
DEBUG 2026-08-06 12:31:27 t_client.py:209 Sent observation #799 | 
DEBUG 2026-08-06 12:31:27 t_client.py:434 QUEUE SIZE: 50 (Must go: False)
DEBUG 2026-08-06 12:31:27 t_client.py:477 Control loop (ms): 417.22
DEBUG 2026-08-06 12:31:27 follower.py:188 guardian_follower_left SOFollower read state: 1.3ms
DEBUG 2026-08-06 12:31:27 follower.py:196 guardian_follower_left SOFollower read left_wrist: 0.0ms
DEBUG 2026-08-06 12:31:27 follower.py:196 guardian_follower_left SOFollower read right_wrist: 0.0ms
DEBUG 2026-08-06 12:31:27 follower.py:196 guardian_follower_left SOFollower read overhead: 0.0ms
DEBUG 2026-08-06 12:31:27 follower.py:188 guardian_follower_right SOFollower read state: 0.9ms
DEBUG 2026-08-06 12:31:27 t_client.py:198 Observation serialization time: 0.001682s
DEBUG 2026-08-06 12:31:27 ort/utils.py:54 [CLIENT] Observation Buffer size 2.6375579833984375 MB with
DEBUG 2026-08-06 12:31:27 ort/utils.py:69 [CLIENT] Observation Sent 2097152/2765680 bytes with state 1
DEBUG 2026-08-06 12:31:28 ort/utils.py:69 [CLIENT] Observation Sent 2765680/2765680 bytes with state 3
DEBUG 2026-08-06 12:31:28 ort/utils.py:71 [CLIENT] Observation Published 2.6375579833984375 MB
DEBUG 2026-08-06 12:31:28 t_client.py:292 Received actions on device: cpu
DEBUG 2026-08-06 12:31:28 t_client.py:302 Actions kept on device: cpu
DEBUG 2026-08-06 12:31:28 t_client.py:209 Sent observation #800 | 
DEBUG 2026-08-06 12:31:28 t_client.py:434 QUEUE SIZE: 49 (Must go: False)
DEBUG 2026-08-06 12:31:28 t_client.py:477 Control loop (ms): 438.78
DEBUG 2026-08-06 12:31:28 t_client.py:477 Control loop (ms): 0.37
DEBUG 2026-08-06 12:31:28 t_client.py:477 Control loop (ms): 0.40
DEBUG 2026-08-06 12:31:28 t_client.py:477 Control loop (ms): 0.34
DEBUG 2026-08-06 12:31:28 t_client.py:292 Received actions on device: cpu
DEBUG 2026-08-06 12:31:28 t_client.py:302 Actions kept on device: cpu
DEBUG 2026-08-06 12:31:28 t_client.py:477 Control loop (ms): 0.47
DEBUG 2026-08-06 12:31:28 t_client.py:477 Control loop (ms): 0.37
DEBUG 2026-08-06 12:31:28 t_client.py:477 Control loop (ms): 0.31
DEBUG 2026-08-06 12:31:28 t_client.py:477 Control loop (ms): 0.31
DEBUG 2026-08-06 12:31:28 t_client.py:477 Control loop (ms): 0.30
DEBUG 2026-08-06 12:31:28 t_client.py:477 Control loop (ms): 0.26
DEBUG 2026-08-06 12:31:28 t_client.py:477 Control loop (ms): 0.43
DEBUG 2026-08-06 12:31:28 t_client.py:477 Control loop (ms): 0.33
DEBUG 2026-08-06 12:31:28 t_client.py:477 Control loop (ms): 0.26
DEBUG 2026-08-06 12:31:28 t_client.py:477 Control loop (ms): 0.34
DEBUG 2026-08-06 12:31:28 t_client.py:477 Control loop (ms): 0.38
DEBUG 2026-08-06 12:31:28 t_client.py:477 Control loop (ms): 0.37
DEBUG 2026-08-06 12:31:28 t_client.py:477 Control loop (ms): 0.35
DEBUG 2026-08-06 12:31:29 t_client.py:477 Control loop (ms): 0.25
DEBUG 2026-08-06 12:31:29 t_client.py:477 Control loop (ms): 0.32
DEBUG 2026-08-06 12:31:29 t_client.py:477 Control loop (ms): 0.27
DEBUG 2026-08-06 12:31:29 t_client.py:477 Control loop (ms): 0.29
DEBUG 2026-08-06 12:31:29 t_client.py:477 Control loop (ms): 0.34
DEBUG 2026-08-06 12:31:29 t_client.py:477 Control loop (ms): 0.34
DEBUG 2026-08-06 12:31:29 t_client.py:477 Control loop (ms): 0.26
DEBUG 2026-08-06 12:31:29 t_client.py:477 Control loop (ms): 0.30
DEBUG 2026-08-06 12:31:29 t_client.py:477 Control loop (ms): 0.22
DEBUG 2026-08-06 12:31:29 t_client.py:477 Control loop (ms): 0.38
DEBUG 2026-08-06 12:31:29 t_client.py:477 Control loop (ms): 0.30
DEBUG 2026-08-06 12:31:29 t_client.py:477 Control loop (ms): 0.27
DEBUG 2026-08-06 12:31:29 t_client.py:477 Control loop (ms): 0.21
DEBUG 2026-08-06 12:31:29 t_client.py:477 Control loop (ms): 0.35
DEBUG 2026-08-06 12:31:29 t_client.py:477 Control loop (ms): 0.26
DEBUG 2026-08-06 12:31:29 t_client.py:477 Control loop (ms): 0.39
DEBUG 2026-08-06 12:31:29 t_client.py:477 Control loop (ms): 0.24
DEBUG 2026-08-06 12:31:29 t_client.py:477 Control loop (ms): 0.39
DEBUG 2026-08-06 12:31:29 t_client.py:477 Control loop (ms): 0.26
DEBUG 2026-08-06 12:31:29 t_client.py:477 Control loop (ms): 0.43
DEBUG 2026-08-06 12:31:30 t_client.py:477 Control loop (ms): 0.38
DEBUG 2026-08-06 12:31:30 t_client.py:477 Control loop (ms): 0.36
DEBUG 2026-08-06 12:31:30 t_client.py:477 Control loop (ms): 0.36
DEBUG 2026-08-06 12:31:30 t_client.py:477 Control loop (ms): 0.36
DEBUG 2026-08-06 12:31:30 t_client.py:477 Control loop (ms): 0.31
DEBUG 2026-08-06 12:31:30 t_client.py:477 Control loop (ms): 0.34
DEBUG 2026-08-06 12:31:30 t_client.py:477 Control loop (ms): 0.28
DEBUG 2026-08-06 12:31:30 t_client.py:477 Control loop (ms): 0.40
DEBUG 2026-08-06 12:31:30 t_client.py:477 Control loop (ms): 0.29
DEBUG 2026-08-06 12:31:30 t_client.py:477 Control loop (ms): 0.32
DEBUG 2026-08-06 12:31:30 t_client.py:477 Control loop (ms): 0.35
DEBUG 2026-08-06 12:31:30 t_client.py:477 Control loop (ms): 0.38
DEBUG 2026-08-06 12:31:30 follower.py:188 guardian_follower_left SOFollower read state: 1.3ms
DEBUG 2026-08-06 12:31:30 follower.py:196 guardian_follower_left SOFollower read left_wrist: 0.0ms
DEBUG 2026-08-06 12:31:30 follower.py:196 guardian_follower_left SOFollower read right_wrist: 0.0ms
DEBUG 2026-08-06 12:31:30 follower.py:196 guardian_follower_left SOFollower read overhead: 0.0ms
DEBUG 2026-08-06 12:31:30 follower.py:188 guardian_follower_right SOFollower read state: 0.9ms
DEBUG 2026-08-06 12:31:30 t_client.py:198 Observation serialization time: 0.001747s
DEBUG 2026-08-06 12:31:30 ort/utils.py:54 [CLIENT] Observation Buffer size 2.6375579833984375 MB with
DEBUG 2026-08-06 12:31:30 ort/utils.py:69 [CLIENT] Observation Sent 2097152/2765680 bytes with state 1
DEBUG 2026-08-06 12:31:30 ort/utils.py:69 [CLIENT] Observation Sent 2765680/2765680 bytes with state 3
DEBUG 2026-08-06 12:31:30 ort/utils.py:71 [CLIENT] Observation Published 2.6375579833984375 MB
DEBUG 2026-08-06 12:31:31 t_client.py:209 Sent observation #849 | 
DEBUG 2026-08-06 12:31:31 t_client.py:434 QUEUE SIZE: 50 (Must go: False)
DEBUG 2026-08-06 12:31:31 t_client.py:477 Control loop (ms): 411.62
DEBUG 2026-08-06 12:31:31 follower.py:188 guardian_follower_left SOFollower read state: 1.4ms
DEBUG 2026-08-06 12:31:31 follower.py:196 guardian_follower_left SOFollower read left_wrist: 0.0ms
DEBUG 2026-08-06 12:31:31 follower.py:196 guardian_follower_left SOFollower read right_wrist: 0.0ms
DEBUG 2026-08-06 12:31:31 follower.py:196 guardian_follower_left SOFollower read overhead: 0.0ms
DEBUG 2026-08-06 12:31:31 follower.py:188 guardian_follower_right SOFollower read state: 0.9ms
DEBUG 2026-08-06 12:31:31 t_client.py:198 Observation serialization time: 0.001674s
DEBUG 2026-08-06 12:31:31 ort/utils.py:54 [CLIENT] Observation Buffer size 2.6375579833984375 MB with
DEBUG 2026-08-06 12:31:31 ort/utils.py:69 [CLIENT] Observation Sent 2097152/2765680 bytes with state 1
DEBUG 2026-08-06 12:31:31 ort/utils.py:69 [CLIENT] Observation Sent 2765680/2765680 bytes with state 3
DEBUG 2026-08-06 12:31:31 ort/utils.py:71 [CLIENT] Observation Published 2.6375579833984375 MB
DEBUG 2026-08-06 12:31:31 t_client.py:292 Received actions on device: cpu
DEBUG 2026-08-06 12:31:31 t_client.py:302 Actions kept on device: cpu
DEBUG 2026-08-06 12:31:31 t_client.py:209 Sent observation #850 | 
DEBUG 2026-08-06 12:31:31 t_client.py:434 QUEUE SIZE: 49 (Must go: False)
DEBUG 2026-08-06 12:31:31 t_client.py:477 Control loop (ms): 377.19
DEBUG 2026-08-06 12:31:31 t_client.py:477 Control loop (ms): 0.38
DEBUG 2026-08-06 12:31:31 t_client.py:477 Control loop (ms): 0.42
DEBUG 2026-08-06 12:31:31 t_client.py:477 Control loop (ms): 0.33
DEBUG 2026-08-06 12:31:31 t_client.py:477 Control loop (ms): 0.44
DEBUG 2026-08-06 12:31:31 t_client.py:477 Control loop (ms): 0.32
DEBUG 2026-08-06 12:31:31 t_client.py:477 Control loop (ms): 0.45
DEBUG 2026-08-06 12:31:31 t_client.py:477 Control loop (ms): 0.35
DEBUG 2026-08-06 12:31:31 t_client.py:477 Control loop (ms): 0.28
DEBUG 2026-08-06 12:31:31 t_client.py:477 Control loop (ms): 0.38
DEBUG 2026-08-06 12:31:31 t_client.py:477 Control loop (ms): 0.45
DEBUG 2026-08-06 12:31:31 t_client.py:477 Control loop (ms): 0.39
DEBUG 2026-08-06 12:31:31 t_client.py:477 Control loop (ms): 0.47
DEBUG 2026-08-06 12:31:32 t_client.py:477 Control loop (ms): 0.41
DEBUG 2026-08-06 12:31:32 t_client.py:477 Control loop (ms): 0.40
DEBUG 2026-08-06 12:31:32 t_client.py:477 Control loop (ms): 0.33
DEBUG 2026-08-06 12:31:32 t_client.py:477 Control loop (ms): 0.38
DEBUG 2026-08-06 12:31:32 t_client.py:477 Control loop (ms): 0.39
DEBUG 2026-08-06 12:31:32 t_client.py:477 Control loop (ms): 0.43
DEBUG 2026-08-06 12:31:32 t_client.py:477 Control loop (ms): 0.35
DEBUG 2026-08-06 12:31:32 t_client.py:477 Control loop (ms): 0.40
DEBUG 2026-08-06 12:31:32 t_client.py:477 Control loop (ms): 0.33
DEBUG 2026-08-06 12:31:32 t_client.py:477 Control loop (ms): 0.43
DEBUG 2026-08-06 12:31:32 t_client.py:477 Control loop (ms): 0.43
DEBUG 2026-08-06 12:31:32 t_client.py:477 Control loop (ms): 0.24
DEBUG 2026-08-06 12:31:32 t_client.py:477 Control loop (ms): 0.30
DEBUG 2026-08-06 12:31:32 t_client.py:477 Control loop (ms): 0.32
DEBUG 2026-08-06 12:31:32 t_client.py:477 Control loop (ms): 0.37
DEBUG 2026-08-06 12:31:32 t_client.py:477 Control loop (ms): 0.44
DEBUG 2026-08-06 12:31:32 t_client.py:477 Control loop (ms): 0.35
DEBUG 2026-08-06 12:31:32 t_client.py:477 Control loop (ms): 0.46
DEBUG 2026-08-06 12:31:32 t_client.py:477 Control loop (ms): 0.39
DEBUG 2026-08-06 12:31:32 t_client.py:477 Control loop (ms): 0.38
DEBUG 2026-08-06 12:31:33 t_client.py:477 Control loop (ms): 0.32
DEBUG 2026-08-06 12:31:33 t_client.py:477 Control loop (ms): 0.36
DEBUG 2026-08-06 12:31:33 t_client.py:477 Control loop (ms): 0.39
DEBUG 2026-08-06 12:31:33 t_client.py:477 Control loop (ms): 0.37
DEBUG 2026-08-06 12:31:33 t_client.py:477 Control loop (ms): 0.33
DEBUG 2026-08-06 12:31:33 t_client.py:477 Control loop (ms): 0.36
DEBUG 2026-08-06 12:31:33 t_client.py:477 Control loop (ms): 0.42
DEBUG 2026-08-06 12:31:33 t_client.py:477 Control loop (ms): 0.39
DEBUG 2026-08-06 12:31:33 t_client.py:477 Control loop (ms): 0.40
DEBUG 2026-08-06 12:31:33 t_client.py:477 Control loop (ms): 0.40
DEBUG 2026-08-06 12:31:33 t_client.py:477 Control loop (ms): 0.33
DEBUG 2026-08-06 12:31:33 t_client.py:477 Control loop (ms): 0.34
DEBUG 2026-08-06 12:31:33 t_client.py:477 Control loop (ms): 0.36
DEBUG 2026-08-06 12:31:33 t_client.py:477 Control loop (ms): 0.30
DEBUG 2026-08-06 12:31:33 t_client.py:477 Control loop (ms): 0.24
DEBUG 2026-08-06 12:31:33 follower.py:188 guardian_follower_left SOFollower read state: 1.3ms
DEBUG 2026-08-06 12:31:33 follower.py:196 guardian_follower_left SOFollower read left_wrist: 0.0ms
DEBUG 2026-08-06 12:31:33 follower.py:196 guardian_follower_left SOFollower read right_wrist: 0.0ms
DEBUG 2026-08-06 12:31:33 follower.py:196 guardian_follower_left SOFollower read overhead: 0.0ms
DEBUG 2026-08-06 12:31:33 follower.py:188 guardian_follower_right SOFollower read state: 0.9ms
DEBUG 2026-08-06 12:31:33 t_client.py:198 Observation serialization time: 0.001685s
DEBUG 2026-08-06 12:31:33 ort/utils.py:54 [CLIENT] Observation Buffer size 2.6375579833984375 MB with
DEBUG 2026-08-06 12:31:33 ort/utils.py:69 [CLIENT] Observation Sent 2097152/2765680 bytes with state 1
DEBUG 2026-08-06 12:31:34 ort/utils.py:69 [CLIENT] Observation Sent 2765680/2765680 bytes with state 3
DEBUG 2026-08-06 12:31:34 ort/utils.py:71 [CLIENT] Observation Published 2.6375579833984375 MB
DEBUG 2026-08-06 12:31:34 t_client.py:209 Sent observation #898 | 
DEBUG 2026-08-06 12:31:34 t_client.py:434 QUEUE SIZE: 50 (Must go: False)
DEBUG 2026-08-06 12:31:34 t_client.py:477 Control loop (ms): 398.87
DEBUG 2026-08-06 12:31:34 follower.py:188 guardian_follower_left SOFollower read state: 1.3ms
DEBUG 2026-08-06 12:31:34 follower.py:196 guardian_follower_left SOFollower read left_wrist: 0.0ms
DEBUG 2026-08-06 12:31:34 follower.py:196 guardian_follower_left SOFollower read right_wrist: 0.0ms
DEBUG 2026-08-06 12:31:34 follower.py:196 guardian_follower_left SOFollower read overhead: 0.0ms
DEBUG 2026-08-06 12:31:34 follower.py:188 guardian_follower_right SOFollower read state: 0.9ms
DEBUG 2026-08-06 12:31:34 t_client.py:198 Observation serialization time: 0.001684s
DEBUG 2026-08-06 12:31:34 ort/utils.py:54 [CLIENT] Observation Buffer size 2.6375579833984375 MB with
DEBUG 2026-08-06 12:31:34 ort/utils.py:69 [CLIENT] Observation Sent 2097152/2765680 bytes with state 1
DEBUG 2026-08-06 12:31:34 ort/utils.py:69 [CLIENT] Observation Sent 2765680/2765680 bytes with state 3
DEBUG 2026-08-06 12:31:34 ort/utils.py:71 [CLIENT] Observation Published 2.6375579833984375 MB
DEBUG 2026-08-06 12:31:34 t_client.py:292 Received actions on device: cpu
DEBUG 2026-08-06 12:31:34 t_client.py:302 Actions kept on device: cpu
DEBUG 2026-08-06 12:31:34 t_client.py:209 Sent observation #899 | 
DEBUG 2026-08-06 12:31:34 t_client.py:434 QUEUE SIZE: 49 (Must go: False)
DEBUG 2026-08-06 12:31:34 t_client.py:477 Control loop (ms): 376.84
DEBUG 2026-08-06 12:31:34 t_client.py:477 Control loop (ms): 0.45
DEBUG 2026-08-06 12:31:34 t_client.py:477 Control loop (ms): 0.50
DEBUG 2026-08-06 12:31:34 t_client.py:477 Control loop (ms): 0.33
DEBUG 2026-08-06 12:31:34 t_client.py:292 Received actions on device: cpu
DEBUG 2026-08-06 12:31:34 t_client.py:302 Actions kept on device: cpu
DEBUG 2026-08-06 12:31:34 t_client.py:477 Control loop (ms): 0.45
DEBUG 2026-08-06 12:31:34 t_client.py:477 Control loop (ms): 0.34
DEBUG 2026-08-06 12:31:34 t_client.py:477 Control loop (ms): 0.39
DEBUG 2026-08-06 12:31:34 t_client.py:477 Control loop (ms): 0.35
DEBUG 2026-08-06 12:31:34 t_client.py:477 Control loop (ms): 0.30
DEBUG 2026-08-06 12:31:34 t_client.py:477 Control loop (ms): 0.34
DEBUG 2026-08-06 12:31:35 t_client.py:477 Control loop (ms): 0.39
DEBUG 2026-08-06 12:31:35 t_client.py:477 Control loop (ms): 0.41
DEBUG 2026-08-06 12:31:35 t_client.py:477 Control loop (ms): 0.31
DEBUG 2026-08-06 12:31:35 t_client.py:477 Control loop (ms): 0.27
DEBUG 2026-08-06 12:31:35 t_client.py:477 Control loop (ms): 0.36
DEBUG 2026-08-06 12:31:35 t_client.py:477 Control loop (ms): 0.39
DEBUG 2026-08-06 12:31:35 t_client.py:477 Control loop (ms): 0.27
DEBUG 2026-08-06 12:31:35 t_client.py:477 Control loop (ms): 0.37
DEBUG 2026-08-06 12:31:35 t_client.py:477 Control loop (ms): 0.44
DEBUG 2026-08-06 12:31:35 t_client.py:477 Control loop (ms): 0.39
DEBUG 2026-08-06 12:31:35 t_client.py:477 Control loop (ms): 0.35
DEBUG 2026-08-06 12:31:35 t_client.py:477 Control loop (ms): 0.29
DEBUG 2026-08-06 12:31:35 t_client.py:477 Control loop (ms): 0.42
DEBUG 2026-08-06 12:31:35 t_client.py:477 Control loop (ms): 0.37
DEBUG 2026-08-06 12:31:35 t_client.py:477 Control loop (ms): 0.42
DEBUG 2026-08-06 12:31:35 t_client.py:477 Control loop (ms): 0.30
DEBUG 2026-08-06 12:31:35 t_client.py:477 Control loop (ms): 0.42
DEBUG 2026-08-06 12:31:35 t_client.py:477 Control loop (ms): 0.35
DEBUG 2026-08-06 12:31:35 t_client.py:477 Control loop (ms): 0.43
DEBUG 2026-08-06 12:31:35 t_client.py:477 Control loop (ms): 0.27
DEBUG 2026-08-06 12:31:36 t_client.py:477 Control loop (ms): 0.35
DEBUG 2026-08-06 12:31:36 t_client.py:477 Control loop (ms): 0.39
DEBUG 2026-08-06 12:31:36 t_client.py:477 Control loop (ms): 0.37
DEBUG 2026-08-06 12:31:36 t_client.py:477 Control loop (ms): 0.34
DEBUG 2026-08-06 12:31:36 t_client.py:477 Control loop (ms): 0.45
DEBUG 2026-08-06 12:31:36 t_client.py:477 Control loop (ms): 0.35
DEBUG 2026-08-06 12:31:36 t_client.py:477 Control loop (ms): 0.40
DEBUG 2026-08-06 12:31:36 t_client.py:477 Control loop (ms): 0.40
DEBUG 2026-08-06 12:31:36 t_client.py:477 Control loop (ms): 0.39
DEBUG 2026-08-06 12:31:36 t_client.py:477 Control loop (ms): 0.33
DEBUG 2026-08-06 12:31:36 t_client.py:477 Control loop (ms): 0.36
DEBUG 2026-08-06 12:31:36 t_client.py:477 Control loop (ms): 0.44
DEBUG 2026-08-06 12:31:36 t_client.py:477 Control loop (ms): 0.41
DEBUG 2026-08-06 12:31:36 t_client.py:477 Control loop (ms): 0.35
DEBUG 2026-08-06 12:31:36 t_client.py:477 Control loop (ms): 0.38
DEBUG 2026-08-06 12:31:36 t_client.py:477 Control loop (ms): 0.32
DEBUG 2026-08-06 12:31:36 t_client.py:477 Control loop (ms): 0.32
DEBUG 2026-08-06 12:31:36 t_client.py:477 Control loop (ms): 0.36
DEBUG 2026-08-06 12:31:36 t_client.py:477 Control loop (ms): 0.31
DEBUG 2026-08-06 12:31:36 follower.py:188 guardian_follower_left SOFollower read state: 1.3ms
DEBUG 2026-08-06 12:31:36 follower.py:196 guardian_follower_left SOFollower read left_wrist: 0.0ms
DEBUG 2026-08-06 12:31:36 follower.py:196 guardian_follower_left SOFollower read right_wrist: 0.0ms
DEBUG 2026-08-06 12:31:36 follower.py:196 guardian_follower_left SOFollower read overhead: 0.0ms
DEBUG 2026-08-06 12:31:36 follower.py:188 guardian_follower_right SOFollower read state: 0.9ms
DEBUG 2026-08-06 12:31:36 t_client.py:198 Observation serialization time: 0.001651s
DEBUG 2026-08-06 12:31:36 ort/utils.py:54 [CLIENT] Observation Buffer size 2.6375579833984375 MB with
DEBUG 2026-08-06 12:31:37 ort/utils.py:69 [CLIENT] Observation Sent 2097152/2765680 bytes with state 1
DEBUG 2026-08-06 12:31:37 ort/utils.py:69 [CLIENT] Observation Sent 2765680/2765680 bytes with state 3
DEBUG 2026-08-06 12:31:37 ort/utils.py:71 [CLIENT] Observation Published 2.6375579833984375 MB
DEBUG 2026-08-06 12:31:37 t_client.py:209 Sent observation #948 | 
DEBUG 2026-08-06 12:31:37 t_client.py:434 QUEUE SIZE: 50 (Must go: False)
DEBUG 2026-08-06 12:31:37 t_client.py:477 Control loop (ms): 346.02
DEBUG 2026-08-06 12:31:37 follower.py:188 guardian_follower_left SOFollower read state: 1.3ms
DEBUG 2026-08-06 12:31:37 follower.py:196 guardian_follower_left SOFollower read left_wrist: 0.0ms
DEBUG 2026-08-06 12:31:37 follower.py:196 guardian_follower_left SOFollower read right_wrist: 0.0ms
DEBUG 2026-08-06 12:31:37 follower.py:196 guardian_follower_left SOFollower read overhead: 0.0ms
DEBUG 2026-08-06 12:31:37 follower.py:188 guardian_follower_right SOFollower read state: 0.9ms
DEBUG 2026-08-06 12:31:37 t_client.py:198 Observation serialization time: 0.001609s
DEBUG 2026-08-06 12:31:37 ort/utils.py:54 [CLIENT] Observation Buffer size 2.6375579833984375 MB with
DEBUG 2026-08-06 12:31:37 ort/utils.py:69 [CLIENT] Observation Sent 2097152/2765680 bytes with state 1
DEBUG 2026-08-06 12:31:37 ort/utils.py:69 [CLIENT] Observation Sent 2765680/2765680 bytes with state 3
DEBUG 2026-08-06 12:31:37 ort/utils.py:71 [CLIENT] Observation Published 2.6375579833984375 MB
DEBUG 2026-08-06 12:31:37 t_client.py:292 Received actions on device: cpu
DEBUG 2026-08-06 12:31:37 t_client.py:302 Actions kept on device: cpu
DEBUG 2026-08-06 12:31:37 t_client.py:209 Sent observation #949 | 
DEBUG 2026-08-06 12:31:37 t_client.py:434 QUEUE SIZE: 49 (Must go: False)
DEBUG 2026-08-06 12:31:37 t_client.py:477 Control loop (ms): 410.06
DEBUG 2026-08-06 12:31:37 t_client.py:477 Control loop (ms): 0.40
DEBUG 2026-08-06 12:31:37 t_client.py:477 Control loop (ms): 0.54
DEBUG 2026-08-06 12:31:37 t_client.py:477 Control loop (ms): 0.46
DEBUG 2026-08-06 12:31:37 t_client.py:292 Received actions on device: cpu
DEBUG 2026-08-06 12:31:37 t_client.py:302 Actions kept on device: cpu
DEBUG 2026-08-06 12:31:37 t_client.py:477 Control loop (ms): 0.39
DEBUG 2026-08-06 12:31:37 t_client.py:477 Control loop (ms): 0.47
DEBUG 2026-08-06 12:31:37 t_client.py:477 Control loop (ms): 0.40
DEBUG 2026-08-06 12:31:38 t_client.py:477 Control loop (ms): 0.39
DEBUG 2026-08-06 12:31:38 t_client.py:477 Control loop (ms): 0.43
DEBUG 2026-08-06 12:31:38 t_client.py:477 Control loop (ms): 0.41
DEBUG 2026-08-06 12:31:38 t_client.py:477 Control loop (ms): 0.38
DEBUG 2026-08-06 12:31:38 t_client.py:477 Control loop (ms): 0.38
DEBUG 2026-08-06 12:31:38 t_client.py:477 Control loop (ms): 0.42
DEBUG 2026-08-06 12:31:38 t_client.py:477 Control loop (ms): 0.38
DEBUG 2026-08-06 12:31:38 t_client.py:477 Control loop (ms): 0.43
DEBUG 2026-08-06 12:31:38 t_client.py:477 Control loop (ms): 0.40
DEBUG 2026-08-06 12:31:38 t_client.py:477 Control loop (ms): 0.34
DEBUG 2026-08-06 12:31:38 t_client.py:477 Control loop (ms): 0.40
DEBUG 2026-08-06 12:31:38 t_client.py:477 Control loop (ms): 0.41
DEBUG 2026-08-06 12:31:38 t_client.py:477 Control loop (ms): 0.42
DEBUG 2026-08-06 12:31:38 t_client.py:477 Control loop (ms): 0.33
DEBUG 2026-08-06 12:31:38 t_client.py:477 Control loop (ms): 0.33
DEBUG 2026-08-06 12:31:38 t_client.py:477 Control loop (ms): 0.37
DEBUG 2026-08-06 12:31:38 t_client.py:477 Control loop (ms): 0.33
DEBUG 2026-08-06 12:31:38 t_client.py:477 Control loop (ms): 0.36
DEBUG 2026-08-06 12:31:38 t_client.py:477 Control loop (ms): 0.38
DEBUG 2026-08-06 12:31:38 t_client.py:477 Control loop (ms): 0.41
DEBUG 2026-08-06 12:31:39 t_client.py:477 Control loop (ms): 0.36
DEBUG 2026-08-06 12:31:39 t_client.py:477 Control loop (ms): 0.42
DEBUG 2026-08-06 12:31:39 t_client.py:477 Control loop (ms): 0.37
DEBUG 2026-08-06 12:31:39 t_client.py:477 Control loop (ms): 0.41
DEBUG 2026-08-06 12:31:39 t_client.py:477 Control loop (ms): 0.40
DEBUG 2026-08-06 12:31:39 t_client.py:477 Control loop (ms): 0.34
DEBUG 2026-08-06 12:31:39 t_client.py:477 Control loop (ms): 0.38
DEBUG 2026-08-06 12:31:39 t_client.py:477 Control loop (ms): 0.33
DEBUG 2026-08-06 12:31:39 t_client.py:477 Control loop (ms): 0.41
DEBUG 2026-08-06 12:31:39 t_client.py:477 Control loop (ms): 0.37
DEBUG 2026-08-06 12:31:39 t_client.py:477 Control loop (ms): 0.32
DEBUG 2026-08-06 12:31:39 t_client.py:477 Control loop (ms): 0.41
DEBUG 2026-08-06 12:31:39 t_client.py:477 Control loop (ms): 0.44
DEBUG 2026-08-06 12:31:39 t_client.py:477 Control loop (ms): 0.42
DEBUG 2026-08-06 12:31:39 t_client.py:477 Control loop (ms): 0.34
DEBUG 2026-08-06 12:31:39 t_client.py:477 Control loop (ms): 0.30
DEBUG 2026-08-06 12:31:39 t_client.py:477 Control loop (ms): 0.30
DEBUG 2026-08-06 12:31:39 t_client.py:477 Control loop (ms): 0.43
DEBUG 2026-08-06 12:31:39 t_client.py:477 Control loop (ms): 0.36
DEBUG 2026-08-06 12:31:39 t_client.py:477 Control loop (ms): 0.33
DEBUG 2026-08-06 12:31:40 t_client.py:477 Control loop (ms): 0.31
DEBUG 2026-08-06 12:31:40 t_client.py:477 Control loop (ms): 0.42
DEBUG 2026-08-06 12:31:40 follower.py:188 guardian_follower_left SOFollower read state: 1.3ms
DEBUG 2026-08-06 12:31:40 follower.py:196 guardian_follower_left SOFollower read left_wrist: 0.0ms
DEBUG 2026-08-06 12:31:40 follower.py:196 guardian_follower_left SOFollower read right_wrist: 0.0ms
DEBUG 2026-08-06 12:31:40 follower.py:196 guardian_follower_left SOFollower read overhead: 0.0ms
DEBUG 2026-08-06 12:31:40 follower.py:188 guardian_follower_right SOFollower read state: 0.9ms
DEBUG 2026-08-06 12:31:40 t_client.py:198 Observation serialization time: 0.001709s
DEBUG 2026-08-06 12:31:40 ort/utils.py:54 [CLIENT] Observation Buffer size 2.6375579833984375 MB with
DEBUG 2026-08-06 12:31:40 ort/utils.py:69 [CLIENT] Observation Sent 2097152/2765680 bytes with state 1
DEBUG 2026-08-06 12:31:40 ort/utils.py:69 [CLIENT] Observation Sent 2765680/2765680 bytes with state 3
DEBUG 2026-08-06 12:31:40 ort/utils.py:71 [CLIENT] Observation Published 2.6375579833984375 MB
DEBUG 2026-08-06 12:31:40 t_client.py:209 Sent observation #998 | 
DEBUG 2026-08-06 12:31:40 t_client.py:434 QUEUE SIZE: 50 (Must go: False)
DEBUG 2026-08-06 12:31:40 t_client.py:477 Control loop (ms): 393.62
DEBUG 2026-08-06 12:31:40 follower.py:188 guardian_follower_left SOFollower read state: 1.3ms
DEBUG 2026-08-06 12:31:40 follower.py:196 guardian_follower_left SOFollower read left_wrist: 0.0ms
DEBUG 2026-08-06 12:31:40 follower.py:196 guardian_follower_left SOFollower read right_wrist: 0.0ms
DEBUG 2026-08-06 12:31:40 follower.py:196 guardian_follower_left SOFollower read overhead: 0.0ms
DEBUG 2026-08-06 12:31:40 follower.py:188 guardian_follower_right SOFollower read state: 0.9ms
DEBUG 2026-08-06 12:31:40 t_client.py:198 Observation serialization time: 0.001623s
DEBUG 2026-08-06 12:31:40 ort/utils.py:54 [CLIENT] Observation Buffer size 2.6375579833984375 MB with
DEBUG 2026-08-06 12:31:40 ort/utils.py:69 [CLIENT] Observation Sent 2097152/2765680 bytes with state 1
DEBUG 2026-08-06 12:31:40 ort/utils.py:69 [CLIENT] Observation Sent 2765680/2765680 bytes with state 3
DEBUG 2026-08-06 12:31:40 ort/utils.py:71 [CLIENT] Observation Published 2.6375579833984375 MB
DEBUG 2026-08-06 12:31:40 t_client.py:292 Received actions on device: cpu
DEBUG 2026-08-06 12:31:40 t_client.py:302 Actions kept on device: cpu
DEBUG 2026-08-06 12:31:40 t_client.py:209 Sent observation #999 | 
DEBUG 2026-08-06 12:31:40 t_client.py:434 QUEUE SIZE: 49 (Must go: False)
DEBUG 2026-08-06 12:31:40 t_client.py:477 Control loop (ms): 390.66
DEBUG 2026-08-06 12:31:40 t_client.py:477 Control loop (ms): 0.37
DEBUG 2026-08-06 12:31:40 t_client.py:477 Control loop (ms): 0.43
DEBUG 2026-08-06 12:31:41 t_client.py:477 Control loop (ms): 0.33
DEBUG 2026-08-06 12:31:41 t_client.py:292 Received actions on device: cpu
DEBUG 2026-08-06 12:31:41 t_client.py:302 Actions kept on device: cpu
DEBUG 2026-08-06 12:31:41 t_client.py:477 Control loop (ms): 0.30
DEBUG 2026-08-06 12:31:41 t_client.py:477 Control loop (ms): 0.43
DEBUG 2026-08-06 12:31:41 t_client.py:477 Control loop (ms): 0.41
DEBUG 2026-08-06 12:31:41 t_client.py:477 Control loop (ms): 0.40
DEBUG 2026-08-06 12:31:41 t_client.py:477 Control loop (ms): 0.43
DEBUG 2026-08-06 12:31:41 t_client.py:477 Control loop (ms): 0.41
DEBUG 2026-08-06 12:31:41 t_client.py:477 Control loop (ms): 0.35
DEBUG 2026-08-06 12:31:41 t_client.py:477 Control loop (ms): 0.35
DEBUG 2026-08-06 12:31:41 t_client.py:477 Control loop (ms): 0.36
DEBUG 2026-08-06 12:31:41 t_client.py:477 Control loop (ms): 0.65
DEBUG 2026-08-06 12:31:41 t_client.py:477 Control loop (ms): 0.46
DEBUG 2026-08-06 12:31:41 t_client.py:477 Control loop (ms): 0.49
DEBUG 2026-08-06 12:31:41 t_client.py:477 Control loop (ms): 0.39
DEBUG 2026-08-06 12:31:41 t_client.py:477 Control loop (ms): 0.37
DEBUG 2026-08-06 12:31:41 t_client.py:477 Control loop (ms): 0.38
DEBUG 2026-08-06 12:31:41 t_client.py:477 Control loop (ms): 0.46
DEBUG 2026-08-06 12:31:41 t_client.py:477 Control loop (ms): 0.31
DEBUG 2026-08-06 12:31:41 t_client.py:477 Control loop (ms): 0.36
DEBUG 2026-08-06 12:31:41 t_client.py:477 Control loop (ms): 0.31
DEBUG 2026-08-06 12:31:42 t_client.py:477 Control loop (ms): 0.43
DEBUG 2026-08-06 12:31:42 t_client.py:477 Control loop (ms): 0.33
DEBUG 2026-08-06 12:31:42 t_client.py:477 Control loop (ms): 0.41
DEBUG 2026-08-06 12:31:42 t_client.py:477 Control loop (ms): 0.29
DEBUG 2026-08-06 12:31:42 t_client.py:477 Control loop (ms): 0.27
DEBUG 2026-08-06 12:31:42 t_client.py:477 Control loop (ms): 0.23
DEBUG 2026-08-06 12:31:42 t_client.py:477 Control loop (ms): 0.34
DEBUG 2026-08-06 12:31:42 t_client.py:477 Control loop (ms): 0.29
DEBUG 2026-08-06 12:31:42 t_client.py:477 Control loop (ms): 0.25
DEBUG 2026-08-06 12:31:42 t_client.py:477 Control loop (ms): 0.22
DEBUG 2026-08-06 12:31:42 t_client.py:477 Control loop (ms): 0.23
DEBUG 2026-08-06 12:31:42 t_client.py:477 Control loop (ms): 0.20
DEBUG 2026-08-06 12:31:42 t_client.py:477 Control loop (ms): 0.24
DEBUG 2026-08-06 12:31:42 t_client.py:477 Control loop (ms): 0.27
DEBUG 2026-08-06 12:31:42 t_client.py:477 Control loop (ms): 0.32
DEBUG 2026-08-06 12:31:42 t_client.py:477 Control loop (ms): 0.27
DEBUG 2026-08-06 12:31:42 t_client.py:477 Control loop (ms): 0.35
DEBUG 2026-08-06 12:31:42 t_client.py:477 Control loop (ms): 0.36
DEBUG 2026-08-06 12:31:42 t_client.py:477 Control loop (ms): 0.28
DEBUG 2026-08-06 12:31:42 t_client.py:477 Control loop (ms): 0.26
DEBUG 2026-08-06 12:31:43 t_client.py:477 Control loop (ms): 0.22
DEBUG 2026-08-06 12:31:43 t_client.py:477 Control loop (ms): 0.22
DEBUG 2026-08-06 12:31:43 t_client.py:477 Control loop (ms): 0.30
DEBUG 2026-08-06 12:31:43 t_client.py:477 Control loop (ms): 0.35
DEBUG 2026-08-06 12:31:43 t_client.py:477 Control loop (ms): 0.23
DEBUG 2026-08-06 12:31:43 t_client.py:477 Control loop (ms): 0.27
DEBUG 2026-08-06 12:31:43 follower.py:188 guardian_follower_left SOFollower read state: 1.4ms
DEBUG 2026-08-06 12:31:43 follower.py:196 guardian_follower_left SOFollower read left_wrist: 0.0ms
DEBUG 2026-08-06 12:31:43 follower.py:196 guardian_follower_left SOFollower read right_wrist: 0.0ms
DEBUG 2026-08-06 12:31:43 follower.py:196 guardian_follower_left SOFollower read overhead: 0.0ms
DEBUG 2026-08-06 12:31:43 follower.py:188 guardian_follower_right SOFollower read state: 0.9ms
DEBUG 2026-08-06 12:31:43 t_client.py:198 Observation serialization time: 0.001667s
DEBUG 2026-08-06 12:31:43 ort/utils.py:54 [CLIENT] Observation Buffer size 2.6375579833984375 MB with
DEBUG 2026-08-06 12:31:43 ort/utils.py:69 [CLIENT] Observation Sent 2097152/2765680 bytes with state 1
DEBUG 2026-08-06 12:31:43 ort/utils.py:69 [CLIENT] Observation Sent 2765680/2765680 bytes with state 3
DEBUG 2026-08-06 12:31:43 ort/utils.py:71 [CLIENT] Observation Published 2.6375579833984375 MB
DEBUG 2026-08-06 12:31:43 t_client.py:209 Sent observation #1048 | 
DEBUG 2026-08-06 12:31:43 t_client.py:434 QUEUE SIZE: 50 (Must go: False)
DEBUG 2026-08-06 12:31:43 t_client.py:477 Control loop (ms): 377.58
DEBUG 2026-08-06 12:31:43 follower.py:188 guardian_follower_left SOFollower read state: 1.4ms
DEBUG 2026-08-06 12:31:43 follower.py:196 guardian_follower_left SOFollower read left_wrist: 0.0ms
DEBUG 2026-08-06 12:31:43 follower.py:196 guardian_follower_left SOFollower read right_wrist: 0.0ms
DEBUG 2026-08-06 12:31:43 follower.py:196 guardian_follower_left SOFollower read overhead: 0.0ms
DEBUG 2026-08-06 12:31:43 follower.py:188 guardian_follower_right SOFollower read state: 0.9ms
DEBUG 2026-08-06 12:31:43 t_client.py:198 Observation serialization time: 0.001697s
DEBUG 2026-08-06 12:31:43 ort/utils.py:54 [CLIENT] Observation Buffer size 2.6375579833984375 MB with
DEBUG 2026-08-06 12:31:43 ort/utils.py:69 [CLIENT] Observation Sent 2097152/2765680 bytes with state 1
DEBUG 2026-08-06 12:31:43 ort/utils.py:69 [CLIENT] Observation Sent 2765680/2765680 bytes with state 3
DEBUG 2026-08-06 12:31:43 ort/utils.py:71 [CLIENT] Observation Published 2.6375579833984375 MB
DEBUG 2026-08-06 12:31:43 t_client.py:292 Received actions on device: cpu
DEBUG 2026-08-06 12:31:43 t_client.py:302 Actions kept on device: cpu
DEBUG 2026-08-06 12:31:44 t_client.py:209 Sent observation #1049 | 
DEBUG 2026-08-06 12:31:44 t_client.py:434 QUEUE SIZE: 49 (Must go: False)
DEBUG 2026-08-06 12:31:44 t_client.py:477 Control loop (ms): 374.86
DEBUG 2026-08-06 12:31:44 t_client.py:477 Control loop (ms): 0.43
DEBUG 2026-08-06 12:31:44 t_client.py:477 Control loop (ms): 0.53
DEBUG 2026-08-06 12:31:44 t_client.py:477 Control loop (ms): 0.29
DEBUG 2026-08-06 12:31:44 t_client.py:292 Received actions on device: cpu
DEBUG 2026-08-06 12:31:44 t_client.py:302 Actions kept on device: cpu
DEBUG 2026-08-06 12:31:44 t_client.py:477 Control loop (ms): 0.40
DEBUG 2026-08-06 12:31:44 t_client.py:477 Control loop (ms): 0.45
DEBUG 2026-08-06 12:31:44 t_client.py:477 Control loop (ms): 0.42
DEBUG 2026-08-06 12:31:44 t_client.py:477 Control loop (ms): 0.40
DEBUG 2026-08-06 12:31:44 t_client.py:477 Control loop (ms): 0.32
DEBUG 2026-08-06 12:31:44 t_client.py:477 Control loop (ms): 0.29
DEBUG 2026-08-06 12:31:44 t_client.py:477 Control loop (ms): 0.27
DEBUG 2026-08-06 12:31:44 t_client.py:477 Control loop (ms): 0.30
DEBUG 2026-08-06 12:31:44 t_client.py:477 Control loop (ms): 0.39
DEBUG 2026-08-06 12:31:44 t_client.py:477 Control loop (ms): 0.33
DEBUG 2026-08-06 12:31:44 t_client.py:477 Control loop (ms): 0.29
DEBUG 2026-08-06 12:31:44 t_client.py:477 Control loop (ms): 0.39
DEBUG 2026-08-06 12:31:44 t_client.py:477 Control loop (ms): 0.35
DEBUG 2026-08-06 12:31:44 t_client.py:477 Control loop (ms): 0.29
DEBUG 2026-08-06 12:31:44 t_client.py:477 Control loop (ms): 0.47
DEBUG 2026-08-06 12:31:44 t_client.py:477 Control loop (ms): 0.45
DEBUG 2026-08-06 12:31:45 t_client.py:477 Control loop (ms): 0.36
DEBUG 2026-08-06 12:31:45 t_client.py:477 Control loop (ms): 0.25
DEBUG 2026-08-06 12:31:45 t_client.py:477 Control loop (ms): 0.38
DEBUG 2026-08-06 12:31:45 t_client.py:477 Control loop (ms): 0.41
DEBUG 2026-08-06 12:31:45 t_client.py:477 Control loop (ms): 0.39
DEBUG 2026-08-06 12:31:45 t_client.py:477 Control loop (ms): 0.31
DEBUG 2026-08-06 12:31:45 t_client.py:477 Control loop (ms): 0.31
DEBUG 2026-08-06 12:31:45 t_client.py:477 Control loop (ms): 0.35
DEBUG 2026-08-06 12:31:45 t_client.py:477 Control loop (ms): 0.39
DEBUG 2026-08-06 12:31:45 t_client.py:477 Control loop (ms): 0.38
DEBUG 2026-08-06 12:31:45 t_client.py:477 Control loop (ms): 0.35
DEBUG 2026-08-06 12:31:45 t_client.py:477 Control loop (ms): 0.28
DEBUG 2026-08-06 12:31:45 t_client.py:477 Control loop (ms): 0.42
DEBUG 2026-08-06 12:31:45 t_client.py:477 Control loop (ms): 0.37
DEBUG 2026-08-06 12:31:45 t_client.py:477 Control loop (ms): 0.41
DEBUG 2026-08-06 12:31:45 t_client.py:477 Control loop (ms): 0.35
DEBUG 2026-08-06 12:31:45 t_client.py:477 Control loop (ms): 0.41
DEBUG 2026-08-06 12:31:45 t_client.py:477 Control loop (ms): 0.37
DEBUG 2026-08-06 12:31:45 t_client.py:477 Control loop (ms): 0.31
DEBUG 2026-08-06 12:31:45 t_client.py:477 Control loop (ms): 0.30
DEBUG 2026-08-06 12:31:46 t_client.py:477 Control loop (ms): 0.27
DEBUG 2026-08-06 12:31:46 t_client.py:477 Control loop (ms): 0.38
DEBUG 2026-08-06 12:31:46 t_client.py:477 Control loop (ms): 0.26
DEBUG 2026-08-06 12:31:46 t_client.py:477 Control loop (ms): 0.38
DEBUG 2026-08-06 12:31:46 t_client.py:477 Control loop (ms): 0.30
DEBUG 2026-08-06 12:31:46 t_client.py:477 Control loop (ms): 0.39
DEBUG 2026-08-06 12:31:46 t_client.py:477 Control loop (ms): 0.31
DEBUG 2026-08-06 12:31:46 t_client.py:477 Control loop (ms): 0.40
DEBUG 2026-08-06 12:31:46 t_client.py:477 Control loop (ms): 0.28
DEBUG 2026-08-06 12:31:46 follower.py:188 guardian_follower_left SOFollower read state: 1.4ms
DEBUG 2026-08-06 12:31:46 follower.py:196 guardian_follower_left SOFollower read left_wrist: 0.0ms
DEBUG 2026-08-06 12:31:46 follower.py:196 guardian_follower_left SOFollower read right_wrist: 0.0ms
DEBUG 2026-08-06 12:31:46 follower.py:196 guardian_follower_left SOFollower read overhead: 0.0ms
DEBUG 2026-08-06 12:31:46 follower.py:188 guardian_follower_right SOFollower read state: 0.9ms
DEBUG 2026-08-06 12:31:46 t_client.py:198 Observation serialization time: 0.001664s
DEBUG 2026-08-06 12:31:46 ort/utils.py:54 [CLIENT] Observation Buffer size 2.6375579833984375 MB with
DEBUG 2026-08-06 12:31:46 ort/utils.py:69 [CLIENT] Observation Sent 2097152/2765680 bytes with state 1
DEBUG 2026-08-06 12:31:46 ort/utils.py:69 [CLIENT] Observation Sent 2765680/2765680 bytes with state 3
DEBUG 2026-08-06 12:31:46 ort/utils.py:71 [CLIENT] Observation Published 2.6375579833984375 MB
DEBUG 2026-08-06 12:31:46 t_client.py:209 Sent observation #1098 | 
DEBUG 2026-08-06 12:31:46 t_client.py:434 QUEUE SIZE: 50 (Must go: False)
DEBUG 2026-08-06 12:31:46 t_client.py:477 Control loop (ms): 406.58
DEBUG 2026-08-06 12:31:46 follower.py:188 guardian_follower_left SOFollower read state: 1.4ms
DEBUG 2026-08-06 12:31:46 follower.py:196 guardian_follower_left SOFollower read left_wrist: 0.0ms
DEBUG 2026-08-06 12:31:46 follower.py:196 guardian_follower_left SOFollower read right_wrist: 0.0ms
DEBUG 2026-08-06 12:31:46 follower.py:196 guardian_follower_left SOFollower read overhead: 0.0ms
DEBUG 2026-08-06 12:31:46 follower.py:188 guardian_follower_right SOFollower read state: 1.0ms
DEBUG 2026-08-06 12:31:46 t_client.py:198 Observation serialization time: 0.001741s
DEBUG 2026-08-06 12:31:46 ort/utils.py:54 [CLIENT] Observation Buffer size 2.6375579833984375 MB with
DEBUG 2026-08-06 12:31:46 ort/utils.py:69 [CLIENT] Observation Sent 2097152/2765680 bytes with state 1
DEBUG 2026-08-06 12:31:47 ort/utils.py:69 [CLIENT] Observation Sent 2765680/2765680 bytes with state 3
DEBUG 2026-08-06 12:31:47 ort/utils.py:71 [CLIENT] Observation Published 2.6375579833984375 MB
DEBUG 2026-08-06 12:31:47 t_client.py:292 Received actions on device: cpu
DEBUG 2026-08-06 12:31:47 t_client.py:302 Actions kept on device: cpu
DEBUG 2026-08-06 12:31:47 t_client.py:209 Sent observation #1099 | 
DEBUG 2026-08-06 12:31:47 t_client.py:434 QUEUE SIZE: 49 (Must go: False)
DEBUG 2026-08-06 12:31:47 t_client.py:477 Control loop (ms): 364.55
DEBUG 2026-08-06 12:31:47 t_client.py:477 Control loop (ms): 0.58
DEBUG 2026-08-06 12:31:47 t_client.py:477 Control loop (ms): 0.41
DEBUG 2026-08-06 12:31:47 t_client.py:477 Control loop (ms): 0.41
DEBUG 2026-08-06 12:31:47 t_client.py:292 Received actions on device: cpu
DEBUG 2026-08-06 12:31:47 t_client.py:302 Actions kept on device: cpu
DEBUG 2026-08-06 12:31:47 t_client.py:477 Control loop (ms): 0.39
DEBUG 2026-08-06 12:31:47 t_client.py:477 Control loop (ms): 0.39
DEBUG 2026-08-06 12:31:47 t_client.py:477 Control loop (ms): 0.37
DEBUG 2026-08-06 12:31:47 t_client.py:477 Control loop (ms): 0.32
DEBUG 2026-08-06 12:31:47 t_client.py:477 Control loop (ms): 0.35
DEBUG 2026-08-06 12:31:47 t_client.py:477 Control loop (ms): 0.32
DEBUG 2026-08-06 12:31:47 t_client.py:477 Control loop (ms): 0.29
DEBUG 2026-08-06 12:31:47 t_client.py:477 Control loop (ms): 0.30
DEBUG 2026-08-06 12:31:47 t_client.py:477 Control loop (ms): 0.33
DEBUG 2026-08-06 12:31:47 t_client.py:477 Control loop (ms): 0.31
DEBUG 2026-08-06 12:31:47 t_client.py:477 Control loop (ms): 0.29
DEBUG 2026-08-06 12:31:47 t_client.py:477 Control loop (ms): 0.31
DEBUG 2026-08-06 12:31:47 t_client.py:477 Control loop (ms): 0.36
DEBUG 2026-08-06 12:31:48 t_client.py:477 Control loop (ms): 0.31
DEBUG 2026-08-06 12:31:48 t_client.py:477 Control loop (ms): 0.31
DEBUG 2026-08-06 12:31:48 t_client.py:477 Control loop (ms): 0.30
DEBUG 2026-08-06 12:31:48 t_client.py:477 Control loop (ms): 0.32
DEBUG 2026-08-06 12:31:48 t_client.py:477 Control loop (ms): 0.31
DEBUG 2026-08-06 12:31:48 t_client.py:477 Control loop (ms): 0.29
DEBUG 2026-08-06 12:31:48 t_client.py:477 Control loop (ms): 0.34
DEBUG 2026-08-06 12:31:48 t_client.py:477 Control loop (ms): 0.31
DEBUG 2026-08-06 12:31:48 t_client.py:477 Control loop (ms): 0.49
DEBUG 2026-08-06 12:31:48 t_client.py:477 Control loop (ms): 0.61
DEBUG 2026-08-06 12:31:48 t_client.py:477 Control loop (ms): 0.97
DEBUG 2026-08-06 12:31:48 t_client.py:477 Control loop (ms): 0.35
DEBUG 2026-08-06 12:31:48 t_client.py:477 Control loop (ms): 0.45
DEBUG 2026-08-06 12:31:48 t_client.py:477 Control loop (ms): 0.28
DEBUG 2026-08-06 12:31:48 t_client.py:477 Control loop (ms): 0.24
DEBUG 2026-08-06 12:31:48 t_client.py:477 Control loop (ms): 0.20
DEBUG 2026-08-06 12:31:48 t_client.py:477 Control loop (ms): 0.22
DEBUG 2026-08-06 12:31:48 t_client.py:477 Control loop (ms): 0.21
DEBUG 2026-08-06 12:31:48 t_client.py:477 Control loop (ms): 0.23
DEBUG 2026-08-06 12:31:48 t_client.py:477 Control loop (ms): 0.29
DEBUG 2026-08-06 12:31:49 t_client.py:477 Control loop (ms): 0.31
DEBUG 2026-08-06 12:31:49 t_client.py:477 Control loop (ms): 0.22
DEBUG 2026-08-06 12:31:49 t_client.py:477 Control loop (ms): 0.30
DEBUG 2026-08-06 12:31:49 t_client.py:477 Control loop (ms): 0.22
DEBUG 2026-08-06 12:31:49 t_client.py:477 Control loop (ms): 0.20
DEBUG 2026-08-06 12:31:49 t_client.py:477 Control loop (ms): 0.19
DEBUG 2026-08-06 12:31:49 t_client.py:477 Control loop (ms): 0.18
DEBUG 2026-08-06 12:31:49 t_client.py:477 Control loop (ms): 0.18
DEBUG 2026-08-06 12:31:49 t_client.py:477 Control loop (ms): 0.25
DEBUG 2026-08-06 12:31:49 t_client.py:477 Control loop (ms): 0.29
DEBUG 2026-08-06 12:31:49 t_client.py:477 Control loop (ms): 0.21
DEBUG 2026-08-06 12:31:49 t_client.py:477 Control loop (ms): 0.21
DEBUG 2026-08-06 12:31:49 follower.py:188 guardian_follower_left SOFollower read state: 1.4ms
DEBUG 2026-08-06 12:31:49 follower.py:196 guardian_follower_left SOFollower read left_wrist: 0.0ms
DEBUG 2026-08-06 12:31:49 follower.py:196 guardian_follower_left SOFollower read right_wrist: 0.0ms
DEBUG 2026-08-06 12:31:49 follower.py:196 guardian_follower_left SOFollower read overhead: 0.0ms
DEBUG 2026-08-06 12:31:49 follower.py:188 guardian_follower_right SOFollower read state: 0.9ms
DEBUG 2026-08-06 12:31:49 t_client.py:198 Observation serialization time: 0.002136s
DEBUG 2026-08-06 12:31:49 ort/utils.py:54 [CLIENT] Observation Buffer size 2.6375579833984375 MB with
DEBUG 2026-08-06 12:31:49 ort/utils.py:69 [CLIENT] Observation Sent 2097152/2765680 bytes with state 1
DEBUG 2026-08-06 12:31:49 ort/utils.py:69 [CLIENT] Observation Sent 2765680/2765680 bytes with state 3
DEBUG 2026-08-06 12:31:49 ort/utils.py:71 [CLIENT] Observation Published 2.6375579833984375 MB
DEBUG 2026-08-06 12:31:49 t_client.py:209 Sent observation #1148 | 
DEBUG 2026-08-06 12:31:49 t_client.py:434 QUEUE SIZE: 50 (Must go: False)
DEBUG 2026-08-06 12:31:49 t_client.py:477 Control loop (ms): 332.04
DEBUG 2026-08-06 12:31:49 follower.py:188 guardian_follower_left SOFollower read state: 1.3ms
DEBUG 2026-08-06 12:31:49 follower.py:196 guardian_follower_left SOFollower read left_wrist: 0.0ms
DEBUG 2026-08-06 12:31:49 follower.py:196 guardian_follower_left SOFollower read right_wrist: 0.0ms
DEBUG 2026-08-06 12:31:49 follower.py:196 guardian_follower_left SOFollower read overhead: 0.0ms
DEBUG 2026-08-06 12:31:49 follower.py:188 guardian_follower_right SOFollower read state: 0.9ms
DEBUG 2026-08-06 12:31:49 t_client.py:198 Observation serialization time: 0.001756s
DEBUG 2026-08-06 12:31:49 ort/utils.py:54 [CLIENT] Observation Buffer size 2.6375579833984375 MB with
DEBUG 2026-08-06 12:31:50 ort/utils.py:69 [CLIENT] Observation Sent 2097152/2765680 bytes with state 1
DEBUG 2026-08-06 12:31:50 ort/utils.py:69 [CLIENT] Observation Sent 2765680/2765680 bytes with state 3
DEBUG 2026-08-06 12:31:50 ort/utils.py:71 [CLIENT] Observation Published 2.6375579833984375 MB
DEBUG 2026-08-06 12:31:50 t_client.py:292 Received actions on device: cpu
DEBUG 2026-08-06 12:31:50 t_client.py:302 Actions kept on device: cpu
DEBUG 2026-08-06 12:31:50 t_client.py:209 Sent observation #1149 | 
DEBUG 2026-08-06 12:31:50 t_client.py:434 QUEUE SIZE: 49 (Must go: False)
DEBUG 2026-08-06 12:31:50 t_client.py:477 Control loop (ms): 423.40
DEBUG 2026-08-06 12:31:50 t_client.py:477 Control loop (ms): 0.35
DEBUG 2026-08-06 12:31:50 t_client.py:477 Control loop (ms): 0.41
DEBUG 2026-08-06 12:31:50 t_client.py:477 Control loop (ms): 0.26
DEBUG 2026-08-06 12:31:50 t_client.py:292 Received actions on device: cpu
DEBUG 2026-08-06 12:31:50 t_client.py:302 Actions kept on device: cpu
DEBUG 2026-08-06 12:31:50 t_client.py:477 Control loop (ms): 0.28
DEBUG 2026-08-06 12:31:50 t_client.py:477 Control loop (ms): 0.24
DEBUG 2026-08-06 12:31:50 t_client.py:477 Control loop (ms): 0.30
DEBUG 2026-08-06 12:31:50 t_client.py:477 Control loop (ms): 0.28
DEBUG 2026-08-06 12:31:50 t_client.py:477 Control loop (ms): 0.32
DEBUG 2026-08-06 12:31:50 t_client.py:477 Control loop (ms): 0.24
DEBUG 2026-08-06 12:31:50 t_client.py:477 Control loop (ms): 0.33
DEBUG 2026-08-06 12:31:50 t_client.py:477 Control loop (ms): 0.26
DEBUG 2026-08-06 12:31:50 t_client.py:477 Control loop (ms): 0.22
DEBUG 2026-08-06 12:31:50 t_client.py:477 Control loop (ms): 0.22
DEBUG 2026-08-06 12:31:51 t_client.py:477 Control loop (ms): 0.35
DEBUG 2026-08-06 12:31:51 t_client.py:477 Control loop (ms): 0.22
DEBUG 2026-08-06 12:31:51 t_client.py:477 Control loop (ms): 0.32
DEBUG 2026-08-06 12:31:51 t_client.py:477 Control loop (ms): 0.28
DEBUG 2026-08-06 12:31:51 t_client.py:477 Control loop (ms): 0.35
DEBUG 2026-08-06 12:31:51 t_client.py:477 Control loop (ms): 0.22
DEBUG 2026-08-06 12:31:51 t_client.py:477 Control loop (ms): 0.42
DEBUG 2026-08-06 12:31:51 t_client.py:477 Control loop (ms): 0.21
DEBUG 2026-08-06 12:31:51 t_client.py:477 Control loop (ms): 0.31
DEBUG 2026-08-06 12:31:51 t_client.py:477 Control loop (ms): 0.27
DEBUG 2026-08-06 12:31:51 t_client.py:477 Control loop (ms): 0.29
DEBUG 2026-08-06 12:31:51 t_client.py:477 Control loop (ms): 0.26
DEBUG 2026-08-06 12:31:51 t_client.py:477 Control loop (ms): 0.30
DEBUG 2026-08-06 12:31:51 t_client.py:477 Control loop (ms): 0.28
DEBUG 2026-08-06 12:31:51 t_client.py:477 Control loop (ms): 0.26
DEBUG 2026-08-06 12:31:51 t_client.py:477 Control loop (ms): 0.27
DEBUG 2026-08-06 12:31:51 t_client.py:477 Control loop (ms): 0.24
DEBUG 2026-08-06 12:31:51 t_client.py:477 Control loop (ms): 0.22
DEBUG 2026-08-06 12:31:51 t_client.py:477 Control loop (ms): 0.20
DEBUG 2026-08-06 12:31:52 t_client.py:477 Control loop (ms): 0.21
DEBUG 2026-08-06 12:31:52 t_client.py:477 Control loop (ms): 0.21
DEBUG 2026-08-06 12:31:52 t_client.py:477 Control loop (ms): 0.19
DEBUG 2026-08-06 12:31:52 t_client.py:477 Control loop (ms): 0.22
DEBUG 2026-08-06 12:31:52 t_client.py:477 Control loop (ms): 0.30
DEBUG 2026-08-06 12:31:52 t_client.py:477 Control loop (ms): 0.23
DEBUG 2026-08-06 12:31:52 t_client.py:477 Control loop (ms): 0.27
DEBUG 2026-08-06 12:31:52 t_client.py:477 Control loop (ms): 0.29
DEBUG 2026-08-06 12:31:52 t_client.py:477 Control loop (ms): 0.25
DEBUG 2026-08-06 12:31:52 t_client.py:477 Control loop (ms): 0.19
DEBUG 2026-08-06 12:31:52 t_client.py:477 Control loop (ms): 0.29
DEBUG 2026-08-06 12:31:52 t_client.py:477 Control loop (ms): 0.23
DEBUG 2026-08-06 12:31:52 t_client.py:477 Control loop (ms): 0.27
DEBUG 2026-08-06 12:31:52 t_client.py:477 Control loop (ms): 0.21
DEBUG 2026-08-06 12:31:52 t_client.py:477 Control loop (ms): 0.27
DEBUG 2026-08-06 12:31:52 t_client.py:477 Control loop (ms): 0.25
DEBUG 2026-08-06 12:31:52 follower.py:188 guardian_follower_left SOFollower read state: 1.3ms
DEBUG 2026-08-06 12:31:52 follower.py:196 guardian_follower_left SOFollower read left_wrist: 0.0ms
DEBUG 2026-08-06 12:31:52 follower.py:196 guardian_follower_left SOFollower read right_wrist: 0.0ms
DEBUG 2026-08-06 12:31:52 follower.py:196 guardian_follower_left SOFollower read overhead: 0.0ms
DEBUG 2026-08-06 12:31:52 follower.py:188 guardian_follower_right SOFollower read state: 0.9ms
DEBUG 2026-08-06 12:31:52 t_client.py:198 Observation serialization time: 0.001737s
DEBUG 2026-08-06 12:31:52 ort/utils.py:54 [CLIENT] Observation Buffer size 2.6375579833984375 MB with
DEBUG 2026-08-06 12:31:53 ort/utils.py:69 [CLIENT] Observation Sent 2097152/2765680 bytes with state 1
DEBUG 2026-08-06 12:31:53 ort/utils.py:69 [CLIENT] Observation Sent 2765680/2765680 bytes with state 3
DEBUG 2026-08-06 12:31:53 ort/utils.py:71 [CLIENT] Observation Published 2.6375579833984375 MB
DEBUG 2026-08-06 12:31:53 t_client.py:209 Sent observation #1198 | 
DEBUG 2026-08-06 12:31:53 t_client.py:434 QUEUE SIZE: 50 (Must go: False)
DEBUG 2026-08-06 12:31:53 t_client.py:477 Control loop (ms): 431.32
DEBUG 2026-08-06 12:31:53 follower.py:188 guardian_follower_left SOFollower read state: 1.3ms
DEBUG 2026-08-06 12:31:53 follower.py:196 guardian_follower_left SOFollower read left_wrist: 0.0ms
DEBUG 2026-08-06 12:31:53 follower.py:196 guardian_follower_left SOFollower read right_wrist: 0.0ms
DEBUG 2026-08-06 12:31:53 follower.py:196 guardian_follower_left SOFollower read overhead: 0.0ms
DEBUG 2026-08-06 12:31:53 follower.py:188 guardian_follower_right SOFollower read state: 0.9ms
DEBUG 2026-08-06 12:31:53 t_client.py:198 Observation serialization time: 0.001638s
DEBUG 2026-08-06 12:31:53 ort/utils.py:54 [CLIENT] Observation Buffer size 2.6375579833984375 MB with
DEBUG 2026-08-06 12:31:53 ort/utils.py:69 [CLIENT] Observation Sent 2097152/2765680 bytes with state 1
DEBUG 2026-08-06 12:31:53 ort/utils.py:69 [CLIENT] Observation Sent 2765680/2765680 bytes with state 3
DEBUG 2026-08-06 12:31:53 ort/utils.py:71 [CLIENT] Observation Published 2.6375579833984375 MB
DEBUG 2026-08-06 12:31:53 t_client.py:292 Received actions on device: cpu
DEBUG 2026-08-06 12:31:53 t_client.py:302 Actions kept on device: cpu
DEBUG 2026-08-06 12:31:53 t_client.py:209 Sent observation #1199 | 
DEBUG 2026-08-06 12:31:53 t_client.py:434 QUEUE SIZE: 49 (Must go: False)
DEBUG 2026-08-06 12:31:53 t_client.py:477 Control loop (ms): 388.74
DEBUG 2026-08-06 12:31:53 t_client.py:477 Control loop (ms): 0.36
DEBUG 2026-08-06 12:31:53 t_client.py:477 Control loop (ms): 0.28
DEBUG 2026-08-06 12:31:53 t_client.py:477 Control loop (ms): 0.30
DEBUG 2026-08-06 12:31:53 t_client.py:292 Received actions on device: cpu
DEBUG 2026-08-06 12:31:53 t_client.py:302 Actions kept on device: cpu
DEBUG 2026-08-06 12:31:53 t_client.py:477 Control loop (ms): 0.27
DEBUG 2026-08-06 12:31:53 t_client.py:477 Control loop (ms): 0.38
DEBUG 2026-08-06 12:31:53 t_client.py:477 Control loop (ms): 0.30
DEBUG 2026-08-06 12:31:53 t_client.py:477 Control loop (ms): 0.26
DEBUG 2026-08-06 12:31:53 t_client.py:477 Control loop (ms): 0.25
DEBUG 2026-08-06 12:31:54 t_client.py:477 Control loop (ms): 0.28
DEBUG 2026-08-06 12:31:54 t_client.py:477 Control loop (ms): 0.37
DEBUG 2026-08-06 12:31:54 t_client.py:477 Control loop (ms): 0.42
DEBUG 2026-08-06 12:31:54 t_client.py:477 Control loop (ms): 0.42
DEBUG 2026-08-06 12:31:54 t_client.py:477 Control loop (ms): 0.41
DEBUG 2026-08-06 12:31:54 t_client.py:477 Control loop (ms): 0.40
DEBUG 2026-08-06 12:31:54 t_client.py:477 Control loop (ms): 0.35
DEBUG 2026-08-06 12:31:54 t_client.py:477 Control loop (ms): 0.28
DEBUG 2026-08-06 12:31:54 t_client.py:477 Control loop (ms): 0.32
DEBUG 2026-08-06 12:31:54 t_client.py:477 Control loop (ms): 0.42
DEBUG 2026-08-06 12:31:54 t_client.py:477 Control loop (ms): 0.38
DEBUG 2026-08-06 12:31:54 t_client.py:477 Control loop (ms): 0.32
DEBUG 2026-08-06 12:31:54 t_client.py:477 Control loop (ms): 0.41
DEBUG 2026-08-06 12:31:54 t_client.py:477 Control loop (ms): 0.38
DEBUG 2026-08-06 12:31:54 t_client.py:477 Control loop (ms): 0.28
DEBUG 2026-08-06 12:31:54 t_client.py:477 Control loop (ms): 0.42
DEBUG 2026-08-06 12:31:54 t_client.py:477 Control loop (ms): 0.32
DEBUG 2026-08-06 12:31:54 t_client.py:477 Control loop (ms): 0.41
DEBUG 2026-08-06 12:31:54 t_client.py:477 Control loop (ms): 0.37
DEBUG 2026-08-06 12:31:54 t_client.py:477 Control loop (ms): 0.44
DEBUG 2026-08-06 12:31:55 t_client.py:477 Control loop (ms): 0.39
DEBUG 2026-08-06 12:31:55 t_client.py:477 Control loop (ms): 0.38
DEBUG 2026-08-06 12:31:55 t_client.py:477 Control loop (ms): 0.40
DEBUG 2026-08-06 12:31:55 t_client.py:477 Control loop (ms): 0.47
DEBUG 2026-08-06 12:31:55 t_client.py:477 Control loop (ms): 0.31
DEBUG 2026-08-06 12:31:55 t_client.py:477 Control loop (ms): 0.42
DEBUG 2026-08-06 12:31:55 t_client.py:477 Control loop (ms): 0.43
DEBUG 2026-08-06 12:31:55 t_client.py:477 Control loop (ms): 0.28
DEBUG 2026-08-06 12:31:55 t_client.py:477 Control loop (ms): 0.35
DEBUG 2026-08-06 12:31:55 t_client.py:477 Control loop (ms): 0.42
DEBUG 2026-08-06 12:31:55 t_client.py:477 Control loop (ms): 0.27
DEBUG 2026-08-06 12:31:55 t_client.py:477 Control loop (ms): 0.30
DEBUG 2026-08-06 12:31:55 t_client.py:477 Control loop (ms): 0.37
DEBUG 2026-08-06 12:31:55 t_client.py:477 Control loop (ms): 0.37
DEBUG 2026-08-06 12:31:55 t_client.py:477 Control loop (ms): 0.43
DEBUG 2026-08-06 12:31:55 t_client.py:477 Control loop (ms): 0.45
DEBUG 2026-08-06 12:31:55 t_client.py:477 Control loop (ms): 0.38
DEBUG 2026-08-06 12:31:55 t_client.py:477 Control loop (ms): 0.37
DEBUG 2026-08-06 12:31:55 t_client.py:477 Control loop (ms): 0.37
DEBUG 2026-08-06 12:31:55 t_client.py:477 Control loop (ms): 0.40
DEBUG 2026-08-06 12:31:56 follower.py:188 guardian_follower_left SOFollower read state: 1.4ms
DEBUG 2026-08-06 12:31:56 follower.py:196 guardian_follower_left SOFollower read left_wrist: 0.0ms
DEBUG 2026-08-06 12:31:56 follower.py:196 guardian_follower_left SOFollower read right_wrist: 0.0ms
DEBUG 2026-08-06 12:31:56 follower.py:196 guardian_follower_left SOFollower read overhead: 0.0ms
DEBUG 2026-08-06 12:31:56 follower.py:188 guardian_follower_right SOFollower read state: 0.9ms
DEBUG 2026-08-06 12:31:56 t_client.py:198 Observation serialization time: 0.001863s
DEBUG 2026-08-06 12:31:56 ort/utils.py:54 [CLIENT] Observation Buffer size 2.6375579833984375 MB with
DEBUG 2026-08-06 12:31:56 ort/utils.py:69 [CLIENT] Observation Sent 2097152/2765680 bytes with state 1
DEBUG 2026-08-06 12:31:56 ort/utils.py:69 [CLIENT] Observation Sent 2765680/2765680 bytes with state 3
DEBUG 2026-08-06 12:31:56 ort/utils.py:71 [CLIENT] Observation Published 2.6375579833984375 MB
DEBUG 2026-08-06 12:31:56 t_client.py:209 Sent observation #1248 | 
DEBUG 2026-08-06 12:31:56 t_client.py:434 QUEUE SIZE: 50 (Must go: False)
DEBUG 2026-08-06 12:31:56 t_client.py:477 Control loop (ms): 382.20
DEBUG 2026-08-06 12:31:56 follower.py:188 guardian_follower_left SOFollower read state: 1.3ms
DEBUG 2026-08-06 12:31:56 follower.py:196 guardian_follower_left SOFollower read left_wrist: 0.0ms
DEBUG 2026-08-06 12:31:56 follower.py:196 guardian_follower_left SOFollower read right_wrist: 0.0ms
DEBUG 2026-08-06 12:31:56 follower.py:196 guardian_follower_left SOFollower read overhead: 0.0ms
DEBUG 2026-08-06 12:31:56 follower.py:188 guardian_follower_right SOFollower read state: 0.9ms
DEBUG 2026-08-06 12:31:56 t_client.py:198 Observation serialization time: 0.001718s
DEBUG 2026-08-06 12:31:56 ort/utils.py:54 [CLIENT] Observation Buffer size 2.6375579833984375 MB with
DEBUG 2026-08-06 12:31:56 ort/utils.py:69 [CLIENT] Observation Sent 2097152/2765680 bytes with state 1
DEBUG 2026-08-06 12:31:56 ort/utils.py:69 [CLIENT] Observation Sent 2765680/2765680 bytes with state 3
DEBUG 2026-08-06 12:31:56 ort/utils.py:71 [CLIENT] Observation Published 2.6375579833984375 MB
DEBUG 2026-08-06 12:31:56 t_client.py:292 Received actions on device: cpu
DEBUG 2026-08-06 12:31:56 t_client.py:302 Actions kept on device: cpu
DEBUG 2026-08-06 12:31:56 t_client.py:209 Sent observation #1249 | 
DEBUG 2026-08-06 12:31:56 t_client.py:434 QUEUE SIZE: 49 (Must go: False)
DEBUG 2026-08-06 12:31:56 t_client.py:477 Control loop (ms): 364.29
DEBUG 2026-08-06 12:31:56 t_client.py:477 Control loop (ms): 0.38
DEBUG 2026-08-06 12:31:56 t_client.py:477 Control loop (ms): 0.37
DEBUG 2026-08-06 12:31:56 t_client.py:477 Control loop (ms): 0.53
DEBUG 2026-08-06 12:31:56 t_client.py:292 Received actions on device: cpu
DEBUG 2026-08-06 12:31:56 t_client.py:302 Actions kept on device: cpu
DEBUG 2026-08-06 12:31:56 t_client.py:477 Control loop (ms): 0.46
DEBUG 2026-08-06 12:31:56 t_client.py:477 Control loop (ms): 0.39
DEBUG 2026-08-06 12:31:57 t_client.py:477 Control loop (ms): 0.34
DEBUG 2026-08-06 12:31:57 t_client.py:477 Control loop (ms): 0.34
DEBUG 2026-08-06 12:31:57 t_client.py:477 Control loop (ms): 0.29
DEBUG 2026-08-06 12:31:57 t_client.py:477 Control loop (ms): 0.37
DEBUG 2026-08-06 12:31:57 t_client.py:477 Control loop (ms): 0.37
DEBUG 2026-08-06 12:31:57 t_client.py:477 Control loop (ms): 0.41
DEBUG 2026-08-06 12:31:57 t_client.py:477 Control loop (ms): 0.35
DEBUG 2026-08-06 12:31:57 t_client.py:477 Control loop (ms): 0.35
DEBUG 2026-08-06 12:31:57 t_client.py:477 Control loop (ms): 0.25
DEBUG 2026-08-06 12:31:57 t_client.py:477 Control loop (ms): 0.23
DEBUG 2026-08-06 12:31:57 t_client.py:477 Control loop (ms): 0.31
DEBUG 2026-08-06 12:31:57 t_client.py:477 Control loop (ms): 0.26
DEBUG 2026-08-06 12:31:57 t_client.py:477 Control loop (ms): 0.33
DEBUG 2026-08-06 12:31:57 t_client.py:477 Control loop (ms): 0.23
DEBUG 2026-08-06 12:31:57 t_client.py:477 Control loop (ms): 0.22
DEBUG 2026-08-06 12:31:57 t_client.py:477 Control loop (ms): 0.30
DEBUG 2026-08-06 12:31:57 t_client.py:477 Control loop (ms): 0.37
DEBUG 2026-08-06 12:31:57 t_client.py:477 Control loop (ms): 0.32
DEBUG 2026-08-06 12:31:57 t_client.py:477 Control loop (ms): 0.38
DEBUG 2026-08-06 12:31:57 t_client.py:477 Control loop (ms): 0.36
DEBUG 2026-08-06 12:31:58 t_client.py:477 Control loop (ms): 0.34
DEBUG 2026-08-06 12:31:58 t_client.py:477 Control loop (ms): 0.30
DEBUG 2026-08-06 12:31:58 t_client.py:477 Control loop (ms): 0.33
DEBUG 2026-08-06 12:31:58 t_client.py:477 Control loop (ms): 0.28
DEBUG 2026-08-06 12:31:58 t_client.py:477 Control loop (ms): 0.29
DEBUG 2026-08-06 12:31:58 t_client.py:477 Control loop (ms): 0.28
DEBUG 2026-08-06 12:31:58 t_client.py:477 Control loop (ms): 0.27
DEBUG 2026-08-06 12:31:58 t_client.py:477 Control loop (ms): 0.34
DEBUG 2026-08-06 12:31:58 t_client.py:477 Control loop (ms): 0.29
DEBUG 2026-08-06 12:31:58 t_client.py:477 Control loop (ms): 0.30
DEBUG 2026-08-06 12:31:58 t_client.py:477 Control loop (ms): 0.29
DEBUG 2026-08-06 12:31:58 t_client.py:477 Control loop (ms): 0.33
DEBUG 2026-08-06 12:31:58 t_client.py:477 Control loop (ms): 0.27
DEBUG 2026-08-06 12:31:58 t_client.py:477 Control loop (ms): 0.38
DEBUG 2026-08-06 12:31:58 t_client.py:477 Control loop (ms): 0.34
DEBUG 2026-08-06 12:31:58 t_client.py:477 Control loop (ms): 0.29
DEBUG 2026-08-06 12:31:58 t_client.py:477 Control loop (ms): 0.35
DEBUG 2026-08-06 12:31:58 t_client.py:477 Control loop (ms): 0.32
DEBUG 2026-08-06 12:31:58 t_client.py:477 Control loop (ms): 0.33
DEBUG 2026-08-06 12:31:58 t_client.py:477 Control loop (ms): 0.33
DEBUG 2026-08-06 12:31:59 t_client.py:477 Control loop (ms): 0.39
DEBUG 2026-08-06 12:31:59 t_client.py:477 Control loop (ms): 0.32
DEBUG 2026-08-06 12:31:59 t_client.py:477 Control loop (ms): 0.30
DEBUG 2026-08-06 12:31:59 follower.py:188 guardian_follower_left SOFollower read state: 1.4ms
DEBUG 2026-08-06 12:31:59 follower.py:196 guardian_follower_left SOFollower read left_wrist: 0.0ms
DEBUG 2026-08-06 12:31:59 follower.py:196 guardian_follower_left SOFollower read right_wrist: 0.0ms
DEBUG 2026-08-06 12:31:59 follower.py:196 guardian_follower_left SOFollower read overhead: 0.0ms
DEBUG 2026-08-06 12:31:59 follower.py:188 guardian_follower_right SOFollower read state: 0.9ms
DEBUG 2026-08-06 12:31:59 t_client.py:198 Observation serialization time: 0.001843s
DEBUG 2026-08-06 12:31:59 ort/utils.py:54 [CLIENT] Observation Buffer size 2.6375579833984375 MB with
DEBUG 2026-08-06 12:31:59 ort/utils.py:69 [CLIENT] Observation Sent 2097152/2765680 bytes with state 1
DEBUG 2026-08-06 12:31:59 ort/utils.py:69 [CLIENT] Observation Sent 2765680/2765680 bytes with state 3
DEBUG 2026-08-06 12:31:59 ort/utils.py:71 [CLIENT] Observation Published 2.6375579833984375 MB
DEBUG 2026-08-06 12:31:59 t_client.py:209 Sent observation #1298 | 
DEBUG 2026-08-06 12:31:59 t_client.py:434 QUEUE SIZE: 50 (Must go: False)
DEBUG 2026-08-06 12:31:59 t_client.py:477 Control loop (ms): 423.22
DEBUG 2026-08-06 12:31:59 follower.py:188 guardian_follower_left SOFollower read state: 1.3ms
DEBUG 2026-08-06 12:31:59 follower.py:196 guardian_follower_left SOFollower read left_wrist: 0.0ms
DEBUG 2026-08-06 12:31:59 follower.py:196 guardian_follower_left SOFollower read right_wrist: 0.0ms
DEBUG 2026-08-06 12:31:59 follower.py:196 guardian_follower_left SOFollower read overhead: 0.0ms
DEBUG 2026-08-06 12:31:59 follower.py:188 guardian_follower_right SOFollower read state: 0.9ms
DEBUG 2026-08-06 12:31:59 t_client.py:198 Observation serialization time: 0.001701s
DEBUG 2026-08-06 12:31:59 ort/utils.py:54 [CLIENT] Observation Buffer size 2.6375579833984375 MB with
DEBUG 2026-08-06 12:31:59 ort/utils.py:69 [CLIENT] Observation Sent 2097152/2765680 bytes with state 1
DEBUG 2026-08-06 12:31:59 ort/utils.py:69 [CLIENT] Observation Sent 2765680/2765680 bytes with state 3
DEBUG 2026-08-06 12:31:59 ort/utils.py:71 [CLIENT] Observation Published 2.6375579833984375 MB
DEBUG 2026-08-06 12:31:59 t_client.py:292 Received actions on device: cpu
DEBUG 2026-08-06 12:31:59 t_client.py:302 Actions kept on device: cpu
DEBUG 2026-08-06 12:31:59 t_client.py:209 Sent observation #1299 | 
DEBUG 2026-08-06 12:31:59 t_client.py:434 QUEUE SIZE: 49 (Must go: False)
DEBUG 2026-08-06 12:31:59 t_client.py:477 Control loop (ms): 357.12
DEBUG 2026-08-06 12:31:59 t_client.py:477 Control loop (ms): 0.44
DEBUG 2026-08-06 12:32:00 t_client.py:477 Control loop (ms): 0.30
DEBUG 2026-08-06 12:32:00 t_client.py:477 Control loop (ms): 0.44
DEBUG 2026-08-06 12:32:00 t_client.py:292 Received actions on device: cpu
DEBUG 2026-08-06 12:32:00 t_client.py:302 Actions kept on device: cpu
DEBUG 2026-08-06 12:32:00 t_client.py:477 Control loop (ms): 0.45
DEBUG 2026-08-06 12:32:00 t_client.py:477 Control loop (ms): 0.42
DEBUG 2026-08-06 12:32:00 t_client.py:477 Control loop (ms): 0.38
DEBUG 2026-08-06 12:32:00 t_client.py:477 Control loop (ms): 0.39
DEBUG 2026-08-06 12:32:00 t_client.py:477 Control loop (ms): 0.39
DEBUG 2026-08-06 12:32:00 t_client.py:477 Control loop (ms): 0.33
DEBUG 2026-08-06 12:32:00 t_client.py:477 Control loop (ms): 0.47
DEBUG 2026-08-06 12:32:00 t_client.py:477 Control loop (ms): 0.50
DEBUG 2026-08-06 12:32:00 t_client.py:477 Control loop (ms): 0.51
DEBUG 2026-08-06 12:32:00 t_client.py:477 Control loop (ms): 0.38
DEBUG 2026-08-06 12:32:00 t_client.py:477 Control loop (ms): 0.52
DEBUG 2026-08-06 12:32:00 t_client.py:477 Control loop (ms): 0.41
DEBUG 2026-08-06 12:32:00 t_client.py:477 Control loop (ms): 0.36
DEBUG 2026-08-06 12:32:00 t_client.py:477 Control loop (ms): 0.37
DEBUG 2026-08-06 12:32:00 t_client.py:477 Control loop (ms): 0.28
DEBUG 2026-08-06 12:32:00 t_client.py:477 Control loop (ms): 0.21
DEBUG 2026-08-06 12:32:00 t_client.py:477 Control loop (ms): 0.30
DEBUG 2026-08-06 12:32:00 t_client.py:477 Control loop (ms): 0.20
DEBUG 2026-08-06 12:32:01 t_client.py:477 Control loop (ms): 0.20
DEBUG 2026-08-06 12:32:01 t_client.py:477 Control loop (ms): 0.17
DEBUG 2026-08-06 12:32:01 t_client.py:477 Control loop (ms): 0.25
DEBUG 2026-08-06 12:32:01 t_client.py:477 Control loop (ms): 0.20
DEBUG 2026-08-06 12:32:01 t_client.py:477 Control loop (ms): 0.22
DEBUG 2026-08-06 12:32:01 t_client.py:477 Control loop (ms): 0.32
DEBUG 2026-08-06 12:32:01 t_client.py:477 Control loop (ms): 0.31
DEBUG 2026-08-06 12:32:01 t_client.py:477 Control loop (ms): 0.38
DEBUG 2026-08-06 12:32:01 t_client.py:477 Control loop (ms): 0.28
DEBUG 2026-08-06 12:32:01 t_client.py:477 Control loop (ms): 0.23
DEBUG 2026-08-06 12:32:01 t_client.py:477 Control loop (ms): 0.22
DEBUG 2026-08-06 12:32:01 t_client.py:477 Control loop (ms): 0.33
DEBUG 2026-08-06 12:32:01 t_client.py:477 Control loop (ms): 0.26
DEBUG 2026-08-06 12:32:01 t_client.py:477 Control loop (ms): 0.41
DEBUG 2026-08-06 12:32:01 t_client.py:477 Control loop (ms): 0.37
DEBUG 2026-08-06 12:32:01 t_client.py:477 Control loop (ms): 0.30
DEBUG 2026-08-06 12:32:01 t_client.py:477 Control loop (ms): 0.38
DEBUG 2026-08-06 12:32:01 t_client.py:477 Control loop (ms): 0.32
DEBUG 2026-08-06 12:32:01 t_client.py:477 Control loop (ms): 0.39
DEBUG 2026-08-06 12:32:01 t_client.py:477 Control loop (ms): 0.34
DEBUG 2026-08-06 12:32:02 t_client.py:477 Control loop (ms): 0.41
DEBUG 2026-08-06 12:32:02 t_client.py:477 Control loop (ms): 0.34
DEBUG 2026-08-06 12:32:02 t_client.py:477 Control loop (ms): 0.39
DEBUG 2026-08-06 12:32:02 t_client.py:477 Control loop (ms): 0.33
DEBUG 2026-08-06 12:32:02 t_client.py:477 Control loop (ms): 0.37
DEBUG 2026-08-06 12:32:02 t_client.py:477 Control loop (ms): 0.37
DEBUG 2026-08-06 12:32:02 t_client.py:477 Control loop (ms): 0.28
DEBUG 2026-08-06 12:32:02 follower.py:188 guardian_follower_left SOFollower read state: 1.3ms
DEBUG 2026-08-06 12:32:02 follower.py:196 guardian_follower_left SOFollower read left_wrist: 0.0ms
DEBUG 2026-08-06 12:32:02 follower.py:196 guardian_follower_left SOFollower read right_wrist: 0.0ms
DEBUG 2026-08-06 12:32:02 follower.py:196 guardian_follower_left SOFollower read overhead: 0.0ms
DEBUG 2026-08-06 12:32:02 follower.py:188 guardian_follower_right SOFollower read state: 0.9ms
DEBUG 2026-08-06 12:32:02 t_client.py:198 Observation serialization time: 0.001822s
DEBUG 2026-08-06 12:32:02 ort/utils.py:54 [CLIENT] Observation Buffer size 2.6375579833984375 MB with
DEBUG 2026-08-06 12:32:02 ort/utils.py:69 [CLIENT] Observation Sent 2097152/2765680 bytes with state 1
DEBUG 2026-08-06 12:32:02 ort/utils.py:69 [CLIENT] Observation Sent 2765680/2765680 bytes with state 3
DEBUG 2026-08-06 12:32:02 ort/utils.py:71 [CLIENT] Observation Published 2.6375579833984375 MB
DEBUG 2026-08-06 12:32:02 t_client.py:209 Sent observation #1348 | 
DEBUG 2026-08-06 12:32:02 t_client.py:434 QUEUE SIZE: 50 (Must go: False)
DEBUG 2026-08-06 12:32:02 t_client.py:477 Control loop (ms): 415.01
DEBUG 2026-08-06 12:32:02 follower.py:188 guardian_follower_left SOFollower read state: 1.3ms
DEBUG 2026-08-06 12:32:02 follower.py:196 guardian_follower_left SOFollower read left_wrist: 0.0ms
DEBUG 2026-08-06 12:32:02 follower.py:196 guardian_follower_left SOFollower read right_wrist: 0.0ms
DEBUG 2026-08-06 12:32:02 follower.py:196 guardian_follower_left SOFollower read overhead: 0.0ms
DEBUG 2026-08-06 12:32:02 follower.py:188 guardian_follower_right SOFollower read state: 0.9ms
DEBUG 2026-08-06 12:32:02 t_client.py:198 Observation serialization time: 0.001731s
DEBUG 2026-08-06 12:32:02 ort/utils.py:54 [CLIENT] Observation Buffer size 2.6375579833984375 MB with
DEBUG 2026-08-06 12:32:02 ort/utils.py:69 [CLIENT] Observation Sent 2097152/2765680 bytes with state 1
DEBUG 2026-08-06 12:32:02 ort/utils.py:69 [CLIENT] Observation Sent 2765680/2765680 bytes with state 3
DEBUG 2026-08-06 12:32:02 ort/utils.py:71 [CLIENT] Observation Published 2.6375579833984375 MB
DEBUG 2026-08-06 12:32:03 t_client.py:292 Received actions on device: cpu
DEBUG 2026-08-06 12:32:03 t_client.py:302 Actions kept on device: cpu
DEBUG 2026-08-06 12:32:03 t_client.py:209 Sent observation #1349 | 
DEBUG 2026-08-06 12:32:03 t_client.py:434 QUEUE SIZE: 49 (Must go: False)
DEBUG 2026-08-06 12:32:03 t_client.py:477 Control loop (ms): 374.49
DEBUG 2026-08-06 12:32:03 t_client.py:477 Control loop (ms): 0.36
DEBUG 2026-08-06 12:32:03 t_client.py:477 Control loop (ms): 0.25
DEBUG 2026-08-06 12:32:03 t_client.py:477 Control loop (ms): 0.33
DEBUG 2026-08-06 12:32:03 t_client.py:292 Received actions on device: cpu
DEBUG 2026-08-06 12:32:03 t_client.py:302 Actions kept on device: cpu
DEBUG 2026-08-06 12:32:03 t_client.py:477 Control loop (ms): 0.38
DEBUG 2026-08-06 12:32:03 t_client.py:477 Control loop (ms): 0.26
DEBUG 2026-08-06 12:32:03 t_client.py:477 Control loop (ms): 0.34
DEBUG 2026-08-06 12:32:03 t_client.py:477 Control loop (ms): 0.27
DEBUG 2026-08-06 12:32:03 t_client.py:477 Control loop (ms): 0.27
DEBUG 2026-08-06 12:32:03 t_client.py:477 Control loop (ms): 0.38
DEBUG 2026-08-06 12:32:03 t_client.py:477 Control loop (ms): 0.24
DEBUG 2026-08-06 12:32:03 t_client.py:477 Control loop (ms): 0.37
DEBUG 2026-08-06 12:32:03 t_client.py:477 Control loop (ms): 0.30
DEBUG 2026-08-06 12:32:03 t_client.py:477 Control loop (ms): 0.30
DEBUG 2026-08-06 12:32:03 t_client.py:477 Control loop (ms): 0.34
DEBUG 2026-08-06 12:32:03 t_client.py:477 Control loop (ms): 0.28
DEBUG 2026-08-06 12:32:03 t_client.py:477 Control loop (ms): 0.25
DEBUG 2026-08-06 12:32:03 t_client.py:477 Control loop (ms): 0.31
DEBUG 2026-08-06 12:32:03 t_client.py:477 Control loop (ms): 0.26
DEBUG 2026-08-06 12:32:04 t_client.py:477 Control loop (ms): 0.21
DEBUG 2026-08-06 12:32:04 t_client.py:477 Control loop (ms): 0.22
DEBUG 2026-08-06 12:32:04 t_client.py:477 Control loop (ms): 0.22
DEBUG 2026-08-06 12:32:04 t_client.py:477 Control loop (ms): 0.30
DEBUG 2026-08-06 12:32:04 t_client.py:477 Control loop (ms): 0.21
DEBUG 2026-08-06 12:32:04 t_client.py:477 Control loop (ms): 0.28
DEBUG 2026-08-06 12:32:04 t_client.py:477 Control loop (ms): 0.26
DEBUG 2026-08-06 12:32:04 t_client.py:477 Control loop (ms): 0.28
DEBUG 2026-08-06 12:32:04 t_client.py:477 Control loop (ms): 0.22
DEBUG 2026-08-06 12:32:04 t_client.py:477 Control loop (ms): 0.19
DEBUG 2026-08-06 12:32:04 t_client.py:477 Control loop (ms): 0.28
DEBUG 2026-08-06 12:32:04 t_client.py:477 Control loop (ms): 0.38
DEBUG 2026-08-06 12:32:04 t_client.py:477 Control loop (ms): 0.32
DEBUG 2026-08-06 12:32:04 t_client.py:477 Control loop (ms): 0.34
DEBUG 2026-08-06 12:32:04 t_client.py:477 Control loop (ms): 0.33
DEBUG 2026-08-06 12:32:04 t_client.py:477 Control loop (ms): 0.43
DEBUG 2026-08-06 12:32:04 t_client.py:477 Control loop (ms): 0.36
DEBUG 2026-08-06 12:32:04 t_client.py:477 Control loop (ms): 0.29
DEBUG 2026-08-06 12:32:04 t_client.py:477 Control loop (ms): 0.22
DEBUG 2026-08-06 12:32:04 t_client.py:477 Control loop (ms): 0.31
DEBUG 2026-08-06 12:32:05 t_client.py:477 Control loop (ms): 0.26
DEBUG 2026-08-06 12:32:05 t_client.py:477 Control loop (ms): 0.23
DEBUG 2026-08-06 12:32:05 t_client.py:477 Control loop (ms): 0.27
DEBUG 2026-08-06 12:32:05 t_client.py:477 Control loop (ms): 0.36
DEBUG 2026-08-06 12:32:05 t_client.py:477 Control loop (ms): 0.31
DEBUG 2026-08-06 12:32:05 t_client.py:477 Control loop (ms): 0.37
DEBUG 2026-08-06 12:32:05 t_client.py:477 Control loop (ms): 0.24
DEBUG 2026-08-06 12:32:05 t_client.py:477 Control loop (ms): 0.62
DEBUG 2026-08-06 12:32:05 t_client.py:477 Control loop (ms): 0.29
DEBUG 2026-08-06 12:32:05 t_client.py:477 Control loop (ms): 0.35
DEBUG 2026-08-06 12:32:05 follower.py:188 guardian_follower_left SOFollower read state: 1.3ms
DEBUG 2026-08-06 12:32:05 follower.py:196 guardian_follower_left SOFollower read left_wrist: 0.0ms
DEBUG 2026-08-06 12:32:05 follower.py:196 guardian_follower_left SOFollower read right_wrist: 0.0ms
DEBUG 2026-08-06 12:32:05 follower.py:196 guardian_follower_left SOFollower read overhead: 0.0ms
DEBUG 2026-08-06 12:32:05 follower.py:188 guardian_follower_right SOFollower read state: 0.9ms
DEBUG 2026-08-06 12:32:05 t_client.py:198 Observation serialization time: 0.001941s
DEBUG 2026-08-06 12:32:05 ort/utils.py:54 [CLIENT] Observation Buffer size 2.6375579833984375 MB with
DEBUG 2026-08-06 12:32:05 ort/utils.py:69 [CLIENT] Observation Sent 2097152/2765680 bytes with state 1
DEBUG 2026-08-06 12:32:05 ort/utils.py:69 [CLIENT] Observation Sent 2765680/2765680 bytes with state 3
DEBUG 2026-08-06 12:32:05 ort/utils.py:71 [CLIENT] Observation Published 2.6375579833984375 MB
DEBUG 2026-08-06 12:32:06 t_client.py:209 Sent observation #1398 | 
DEBUG 2026-08-06 12:32:06 t_client.py:434 QUEUE SIZE: 50 (Must go: False)
DEBUG 2026-08-06 12:32:06 t_client.py:477 Control loop (ms): 509.69
DEBUG 2026-08-06 12:32:06 follower.py:188 guardian_follower_left SOFollower read state: 1.3ms
DEBUG 2026-08-06 12:32:06 follower.py:196 guardian_follower_left SOFollower read left_wrist: 0.0ms
DEBUG 2026-08-06 12:32:06 follower.py:196 guardian_follower_left SOFollower read right_wrist: 0.0ms
DEBUG 2026-08-06 12:32:06 follower.py:196 guardian_follower_left SOFollower read overhead: 0.0ms
DEBUG 2026-08-06 12:32:06 follower.py:188 guardian_follower_right SOFollower read state: 0.9ms
DEBUG 2026-08-06 12:32:06 t_client.py:198 Observation serialization time: 0.001698s
DEBUG 2026-08-06 12:32:06 ort/utils.py:54 [CLIENT] Observation Buffer size 2.6375579833984375 MB with
DEBUG 2026-08-06 12:32:06 ort/utils.py:69 [CLIENT] Observation Sent 2097152/2765680 bytes with state 1
DEBUG 2026-08-06 12:32:06 ort/utils.py:69 [CLIENT] Observation Sent 2765680/2765680 bytes with state 3
DEBUG 2026-08-06 12:32:06 ort/utils.py:71 [CLIENT] Observation Published 2.6375579833984375 MB
DEBUG 2026-08-06 12:32:06 t_client.py:292 Received actions on device: cpu
DEBUG 2026-08-06 12:32:06 t_client.py:302 Actions kept on device: cpu
DEBUG 2026-08-06 12:32:06 t_client.py:209 Sent observation #1399 | 
DEBUG 2026-08-06 12:32:06 t_client.py:434 QUEUE SIZE: 49 (Must go: False)
DEBUG 2026-08-06 12:32:06 t_client.py:477 Control loop (ms): 468.23
DEBUG 2026-08-06 12:32:06 t_client.py:477 Control loop (ms): 0.43
DEBUG 2026-08-06 12:32:06 t_client.py:477 Control loop (ms): 0.34
DEBUG 2026-08-06 12:32:06 t_client.py:477 Control loop (ms): 0.39
DEBUG 2026-08-06 12:32:06 t_client.py:292 Received actions on device: cpu
DEBUG 2026-08-06 12:32:06 t_client.py:302 Actions kept on device: cpu
DEBUG 2026-08-06 12:32:06 t_client.py:477 Control loop (ms): 0.49
DEBUG 2026-08-06 12:32:06 t_client.py:477 Control loop (ms): 0.33
DEBUG 2026-08-06 12:32:06 t_client.py:477 Control loop (ms): 0.33
DEBUG 2026-08-06 12:32:06 t_client.py:477 Control loop (ms): 0.49
DEBUG 2026-08-06 12:32:06 t_client.py:477 Control loop (ms): 0.27
DEBUG 2026-08-06 12:32:06 t_client.py:477 Control loop (ms): 0.42
DEBUG 2026-08-06 12:32:06 t_client.py:477 Control loop (ms): 0.36
DEBUG 2026-08-06 12:32:07 t_client.py:477 Control loop (ms): 0.27
DEBUG 2026-08-06 12:32:07 t_client.py:477 Control loop (ms): 0.25
DEBUG 2026-08-06 12:32:07 t_client.py:477 Control loop (ms): 0.23
DEBUG 2026-08-06 12:32:07 t_client.py:477 Control loop (ms): 0.33
DEBUG 2026-08-06 12:32:07 t_client.py:477 Control loop (ms): 0.30
DEBUG 2026-08-06 12:32:07 t_client.py:477 Control loop (ms): 0.31
DEBUG 2026-08-06 12:32:07 t_client.py:477 Control loop (ms): 0.27
DEBUG 2026-08-06 12:32:07 t_client.py:477 Control loop (ms): 0.30
DEBUG 2026-08-06 12:32:07 t_client.py:477 Control loop (ms): 0.49
DEBUG 2026-08-06 12:32:07 t_client.py:477 Control loop (ms): 0.39
DEBUG 2026-08-06 12:32:07 t_client.py:477 Control loop (ms): 0.42
DEBUG 2026-08-06 12:32:07 t_client.py:477 Control loop (ms): 0.35
DEBUG 2026-08-06 12:32:07 t_client.py:477 Control loop (ms): 0.36
DEBUG 2026-08-06 12:32:07 t_client.py:477 Control loop (ms): 0.28
DEBUG 2026-08-06 12:32:07 t_client.py:477 Control loop (ms): 0.34
DEBUG 2026-08-06 12:32:07 t_client.py:477 Control loop (ms): 0.46
DEBUG 2026-08-06 12:32:07 t_client.py:477 Control loop (ms): 0.44
DEBUG 2026-08-06 12:32:07 t_client.py:477 Control loop (ms): 0.35
DEBUG 2026-08-06 12:32:07 t_client.py:477 Control loop (ms): 0.36
DEBUG 2026-08-06 12:32:07 t_client.py:477 Control loop (ms): 0.31
DEBUG 2026-08-06 12:32:08 t_client.py:477 Control loop (ms): 0.36
DEBUG 2026-08-06 12:32:08 t_client.py:477 Control loop (ms): 0.31
DEBUG 2026-08-06 12:32:08 t_client.py:477 Control loop (ms): 0.38
DEBUG 2026-08-06 12:32:08 t_client.py:477 Control loop (ms): 0.24
DEBUG 2026-08-06 12:32:08 t_client.py:477 Control loop (ms): 0.36
DEBUG 2026-08-06 12:32:08 t_client.py:477 Control loop (ms): 0.35
DEBUG 2026-08-06 12:32:08 t_client.py:477 Control loop (ms): 0.30
DEBUG 2026-08-06 12:32:08 t_client.py:477 Control loop (ms): 0.43
DEBUG 2026-08-06 12:32:08 t_client.py:477 Control loop (ms): 0.22
DEBUG 2026-08-06 12:32:08 t_client.py:477 Control loop (ms): 0.37
DEBUG 2026-08-06 12:32:08 t_client.py:477 Control loop (ms): 0.42
DEBUG 2026-08-06 12:32:08 t_client.py:477 Control loop (ms): 0.40
DEBUG 2026-08-06 12:32:08 t_client.py:477 Control loop (ms): 0.23
DEBUG 2026-08-06 12:32:08 t_client.py:477 Control loop (ms): 0.39
DEBUG 2026-08-06 12:32:08 t_client.py:477 Control loop (ms): 0.52
DEBUG 2026-08-06 12:32:08 t_client.py:477 Control loop (ms): 0.31
DEBUG 2026-08-06 12:32:08 t_client.py:477 Control loop (ms): 0.30
DEBUG 2026-08-06 12:32:08 t_client.py:477 Control loop (ms): 0.41
DEBUG 2026-08-06 12:32:08 follower.py:188 guardian_follower_left SOFollower read state: 1.3ms
DEBUG 2026-08-06 12:32:08 follower.py:196 guardian_follower_left SOFollower read left_wrist: 0.0ms
DEBUG 2026-08-06 12:32:08 follower.py:196 guardian_follower_left SOFollower read right_wrist: 0.0ms
DEBUG 2026-08-06 12:32:08 follower.py:196 guardian_follower_left SOFollower read overhead: 0.0ms
DEBUG 2026-08-06 12:32:08 follower.py:188 guardian_follower_right SOFollower read state: 0.9ms
DEBUG 2026-08-06 12:32:08 t_client.py:198 Observation serialization time: 0.001831s
DEBUG 2026-08-06 12:32:08 ort/utils.py:54 [CLIENT] Observation Buffer size 2.6375579833984375 MB with
DEBUG 2026-08-06 12:32:09 ort/utils.py:69 [CLIENT] Observation Sent 2097152/2765680 bytes with state 1
DEBUG 2026-08-06 12:32:09 ort/utils.py:69 [CLIENT] Observation Sent 2765680/2765680 bytes with state 3
DEBUG 2026-08-06 12:32:09 ort/utils.py:71 [CLIENT] Observation Published 2.6375579833984375 MB
DEBUG 2026-08-06 12:32:09 t_client.py:209 Sent observation #1448 | 
DEBUG 2026-08-06 12:32:09 t_client.py:434 QUEUE SIZE: 50 (Must go: False)
DEBUG 2026-08-06 12:32:09 t_client.py:477 Control loop (ms): 359.29
DEBUG 2026-08-06 12:32:09 follower.py:188 guardian_follower_left SOFollower read state: 1.3ms
DEBUG 2026-08-06 12:32:09 follower.py:196 guardian_follower_left SOFollower read left_wrist: 0.0ms
DEBUG 2026-08-06 12:32:09 follower.py:196 guardian_follower_left SOFollower read right_wrist: 0.0ms
DEBUG 2026-08-06 12:32:09 follower.py:196 guardian_follower_left SOFollower read overhead: 0.0ms
DEBUG 2026-08-06 12:32:09 follower.py:188 guardian_follower_right SOFollower read state: 0.9ms
DEBUG 2026-08-06 12:32:09 t_client.py:198 Observation serialization time: 0.001655s
DEBUG 2026-08-06 12:32:09 ort/utils.py:54 [CLIENT] Observation Buffer size 2.6375579833984375 MB with
DEBUG 2026-08-06 12:32:09 ort/utils.py:69 [CLIENT] Observation Sent 2097152/2765680 bytes with state 1
DEBUG 2026-08-06 12:32:09 ort/utils.py:69 [CLIENT] Observation Sent 2765680/2765680 bytes with state 3
DEBUG 2026-08-06 12:32:09 ort/utils.py:71 [CLIENT] Observation Published 2.6375579833984375 MB
DEBUG 2026-08-06 12:32:09 t_client.py:292 Received actions on device: cpu
DEBUG 2026-08-06 12:32:09 t_client.py:302 Actions kept on device: cpu
DEBUG 2026-08-06 12:32:09 t_client.py:209 Sent observation #1449 | 
DEBUG 2026-08-06 12:32:09 t_client.py:434 QUEUE SIZE: 49 (Must go: False)
DEBUG 2026-08-06 12:32:09 t_client.py:477 Control loop (ms): 369.46
DEBUG 2026-08-06 12:32:09 t_client.py:477 Control loop (ms): 0.39
DEBUG 2026-08-06 12:32:09 t_client.py:477 Control loop (ms): 0.46
DEBUG 2026-08-06 12:32:09 t_client.py:477 Control loop (ms): 0.39
DEBUG 2026-08-06 12:32:09 t_client.py:292 Received actions on device: cpu
DEBUG 2026-08-06 12:32:09 t_client.py:302 Actions kept on device: cpu
DEBUG 2026-08-06 12:32:09 t_client.py:477 Control loop (ms): 0.33
DEBUG 2026-08-06 12:32:09 t_client.py:477 Control loop (ms): 0.25
DEBUG 2026-08-06 12:32:09 t_client.py:477 Control loop (ms): 0.36
DEBUG 2026-08-06 12:32:09 t_client.py:477 Control loop (ms): 0.35
DEBUG 2026-08-06 12:32:10 t_client.py:477 Control loop (ms): 0.37
DEBUG 2026-08-06 12:32:10 t_client.py:477 Control loop (ms): 0.26
DEBUG 2026-08-06 12:32:10 t_client.py:477 Control loop (ms): 0.37
DEBUG 2026-08-06 12:32:10 t_client.py:477 Control loop (ms): 0.35
DEBUG 2026-08-06 12:32:10 t_client.py:477 Control loop (ms): 0.40
DEBUG 2026-08-06 12:32:10 t_client.py:477 Control loop (ms): 0.34
DEBUG 2026-08-06 12:32:10 t_client.py:477 Control loop (ms): 0.42
DEBUG 2026-08-06 12:32:10 t_client.py:477 Control loop (ms): 0.44
DEBUG 2026-08-06 12:32:10 t_client.py:477 Control loop (ms): 0.42
DEBUG 2026-08-06 12:32:10 t_client.py:477 Control loop (ms): 0.32
DEBUG 2026-08-06 12:32:10 t_client.py:477 Control loop (ms): 0.39
DEBUG 2026-08-06 12:32:10 t_client.py:477 Control loop (ms): 0.33
DEBUG 2026-08-06 12:32:10 t_client.py:477 Control loop (ms): 0.46
DEBUG 2026-08-06 12:32:10 t_client.py:477 Control loop (ms): 0.25
DEBUG 2026-08-06 12:32:10 t_client.py:477 Control loop (ms): 0.39
DEBUG 2026-08-06 12:32:10 t_client.py:477 Control loop (ms): 0.42
DEBUG 2026-08-06 12:32:10 t_client.py:477 Control loop (ms): 0.28
DEBUG 2026-08-06 12:32:10 t_client.py:477 Control loop (ms): 0.45
DEBUG 2026-08-06 12:32:10 t_client.py:477 Control loop (ms): 0.39
DEBUG 2026-08-06 12:32:10 t_client.py:477 Control loop (ms): 0.38
DEBUG 2026-08-06 12:32:11 t_client.py:477 Control loop (ms): 0.33
DEBUG 2026-08-06 12:32:11 t_client.py:477 Control loop (ms): 0.36
DEBUG 2026-08-06 12:32:11 t_client.py:477 Control loop (ms): 0.31
DEBUG 2026-08-06 12:32:11 t_client.py:477 Control loop (ms): 0.38
DEBUG 2026-08-06 12:32:11 t_client.py:477 Control loop (ms): 0.31
DEBUG 2026-08-06 12:32:11 t_client.py:477 Control loop (ms): 0.37
DEBUG 2026-08-06 12:32:11 t_client.py:477 Control loop (ms): 0.32
DEBUG 2026-08-06 12:32:11 t_client.py:477 Control loop (ms): 0.44
DEBUG 2026-08-06 12:32:11 t_client.py:477 Control loop (ms): 0.36
DEBUG 2026-08-06 12:32:11 t_client.py:477 Control loop (ms): 0.34
DEBUG 2026-08-06 12:32:11 t_client.py:477 Control loop (ms): 0.30
DEBUG 2026-08-06 12:32:11 t_client.py:477 Control loop (ms): 0.34
DEBUG 2026-08-06 12:32:11 t_client.py:477 Control loop (ms): 0.36
DEBUG 2026-08-06 12:32:11 t_client.py:477 Control loop (ms): 0.22
DEBUG 2026-08-06 12:32:11 t_client.py:477 Control loop (ms): 0.29
DEBUG 2026-08-06 12:32:11 t_client.py:477 Control loop (ms): 0.27
DEBUG 2026-08-06 12:32:11 t_client.py:477 Control loop (ms): 0.37
DEBUG 2026-08-06 12:32:11 t_client.py:477 Control loop (ms): 0.43
DEBUG 2026-08-06 12:32:11 t_client.py:477 Control loop (ms): 0.46
DEBUG 2026-08-06 12:32:11 t_client.py:477 Control loop (ms): 0.41
DEBUG 2026-08-06 12:32:12 t_client.py:477 Control loop (ms): 0.35
DEBUG 2026-08-06 12:32:12 follower.py:188 guardian_follower_left SOFollower read state: 1.3ms
DEBUG 2026-08-06 12:32:12 follower.py:196 guardian_follower_left SOFollower read left_wrist: 0.0ms
DEBUG 2026-08-06 12:32:12 follower.py:196 guardian_follower_left SOFollower read right_wrist: 0.0ms
DEBUG 2026-08-06 12:32:12 follower.py:196 guardian_follower_left SOFollower read overhead: 0.0ms
DEBUG 2026-08-06 12:32:12 follower.py:188 guardian_follower_right SOFollower read state: 0.9ms
DEBUG 2026-08-06 12:32:12 t_client.py:198 Observation serialization time: 0.001838s
DEBUG 2026-08-06 12:32:12 ort/utils.py:54 [CLIENT] Observation Buffer size 2.6375579833984375 MB with
DEBUG 2026-08-06 12:32:12 ort/utils.py:69 [CLIENT] Observation Sent 2097152/2765680 bytes with state 1
DEBUG 2026-08-06 12:32:12 ort/utils.py:69 [CLIENT] Observation Sent 2765680/2765680 bytes with state 3
DEBUG 2026-08-06 12:32:12 ort/utils.py:71 [CLIENT] Observation Published 2.6375579833984375 MB
DEBUG 2026-08-06 12:32:12 t_client.py:209 Sent observation #1498 | 
DEBUG 2026-08-06 12:32:12 t_client.py:434 QUEUE SIZE: 50 (Must go: False)
DEBUG 2026-08-06 12:32:12 t_client.py:477 Control loop (ms): 543.93
DEBUG 2026-08-06 12:32:12 follower.py:188 guardian_follower_left SOFollower read state: 1.3ms
DEBUG 2026-08-06 12:32:12 follower.py:196 guardian_follower_left SOFollower read left_wrist: 0.0ms
DEBUG 2026-08-06 12:32:12 follower.py:196 guardian_follower_left SOFollower read right_wrist: 0.0ms
DEBUG 2026-08-06 12:32:12 follower.py:196 guardian_follower_left SOFollower read overhead: 0.0ms
DEBUG 2026-08-06 12:32:12 follower.py:188 guardian_follower_right SOFollower read state: 0.9ms
DEBUG 2026-08-06 12:32:12 t_client.py:198 Observation serialization time: 0.001673s
DEBUG 2026-08-06 12:32:12 ort/utils.py:54 [CLIENT] Observation Buffer size 2.6375579833984375 MB with
DEBUG 2026-08-06 12:32:12 ort/utils.py:69 [CLIENT] Observation Sent 2097152/2765680 bytes with state 1
DEBUG 2026-08-06 12:32:12 ort/utils.py:69 [CLIENT] Observation Sent 2765680/2765680 bytes with state 3
DEBUG 2026-08-06 12:32:12 ort/utils.py:71 [CLIENT] Observation Published 2.6375579833984375 MB
DEBUG 2026-08-06 12:32:12 t_client.py:292 Received actions on device: cpu
DEBUG 2026-08-06 12:32:12 t_client.py:302 Actions kept on device: cpu
DEBUG 2026-08-06 12:32:12 t_client.py:209 Sent observation #1499 | 
DEBUG 2026-08-06 12:32:12 t_client.py:434 QUEUE SIZE: 49 (Must go: False)
DEBUG 2026-08-06 12:32:12 t_client.py:477 Control loop (ms): 367.35
DEBUG 2026-08-06 12:32:12 t_client.py:477 Control loop (ms): 0.37
DEBUG 2026-08-06 12:32:13 t_client.py:477 Control loop (ms): 0.41
DEBUG 2026-08-06 12:32:13 t_client.py:477 Control loop (ms): 0.38
DEBUG 2026-08-06 12:32:13 t_client.py:477 Control loop (ms): 0.42
DEBUG 2026-08-06 12:32:13 t_client.py:477 Control loop (ms): 0.33
DEBUG 2026-08-06 12:32:13 t_client.py:477 Control loop (ms): 0.43
DEBUG 2026-08-06 12:32:13 t_client.py:477 Control loop (ms): 0.31
DEBUG 2026-08-06 12:32:13 t_client.py:477 Control loop (ms): 0.38
DEBUG 2026-08-06 12:32:13 t_client.py:477 Control loop (ms): 0.27
DEBUG 2026-08-06 12:32:13 t_client.py:477 Control loop (ms): 0.39
DEBUG 2026-08-06 12:32:13 t_client.py:477 Control loop (ms): 0.35
DEBUG 2026-08-06 12:32:13 t_client.py:477 Control loop (ms): 0.43
DEBUG 2026-08-06 12:32:13 t_client.py:477 Control loop (ms): 0.36
DEBUG 2026-08-06 12:32:13 t_client.py:477 Control loop (ms): 0.40
DEBUG 2026-08-06 12:32:13 t_client.py:477 Control loop (ms): 0.30
DEBUG 2026-08-06 12:32:13 t_client.py:477 Control loop (ms): 0.37
DEBUG 2026-08-06 12:32:13 t_client.py:477 Control loop (ms): 0.30
DEBUG 2026-08-06 12:32:13 t_client.py:477 Control loop (ms): 0.38
DEBUG 2026-08-06 12:32:13 t_client.py:477 Control loop (ms): 0.41
DEBUG 2026-08-06 12:32:13 t_client.py:477 Control loop (ms): 0.26
DEBUG 2026-08-06 12:32:13 t_client.py:477 Control loop (ms): 0.40
DEBUG 2026-08-06 12:32:14 t_client.py:477 Control loop (ms): 0.24
DEBUG 2026-08-06 12:32:14 t_client.py:477 Control loop (ms): 0.37
DEBUG 2026-08-06 12:32:14 t_client.py:477 Control loop (ms): 0.26
DEBUG 2026-08-06 12:32:14 t_client.py:477 Control loop (ms): 0.26
DEBUG 2026-08-06 12:32:14 t_client.py:477 Control loop (ms): 0.24
DEBUG 2026-08-06 12:32:14 t_client.py:477 Control loop (ms): 0.42
DEBUG 2026-08-06 12:32:14 t_client.py:477 Control loop (ms): 0.34
DEBUG 2026-08-06 12:32:14 t_client.py:477 Control loop (ms): 0.43
DEBUG 2026-08-06 12:32:14 t_client.py:477 Control loop (ms): 0.36
DEBUG 2026-08-06 12:32:14 t_client.py:477 Control loop (ms): 0.33
DEBUG 2026-08-06 12:32:14 t_client.py:477 Control loop (ms): 0.29
DEBUG 2026-08-06 12:32:14 t_client.py:477 Control loop (ms): 0.37
DEBUG 2026-08-06 12:32:14 t_client.py:477 Control loop (ms): 0.34
DEBUG 2026-08-06 12:32:14 t_client.py:477 Control loop (ms): 0.40
DEBUG 2026-08-06 12:32:14 t_client.py:477 Control loop (ms): 0.23
DEBUG 2026-08-06 12:32:14 t_client.py:477 Control loop (ms): 0.20
DEBUG 2026-08-06 12:32:14 t_client.py:477 Control loop (ms): 0.22
DEBUG 2026-08-06 12:32:14 t_client.py:477 Control loop (ms): 0.30
DEBUG 2026-08-06 12:32:14 t_client.py:477 Control loop (ms): 0.40
DEBUG 2026-08-06 12:32:14 t_client.py:477 Control loop (ms): 0.33
DEBUG 2026-08-06 12:32:15 t_client.py:477 Control loop (ms): 0.31
DEBUG 2026-08-06 12:32:15 t_client.py:477 Control loop (ms): 0.29
DEBUG 2026-08-06 12:32:15 t_client.py:477 Control loop (ms): 0.34
DEBUG 2026-08-06 12:32:15 t_client.py:477 Control loop (ms): 0.27
DEBUG 2026-08-06 12:32:15 t_client.py:477 Control loop (ms): 0.35
DEBUG 2026-08-06 12:32:15 t_client.py:477 Control loop (ms): 0.31
DEBUG 2026-08-06 12:32:15 follower.py:188 guardian_follower_left SOFollower read state: 1.4ms
DEBUG 2026-08-06 12:32:15 follower.py:196 guardian_follower_left SOFollower read left_wrist: 0.0ms
DEBUG 2026-08-06 12:32:15 follower.py:196 guardian_follower_left SOFollower read right_wrist: 0.0ms
DEBUG 2026-08-06 12:32:15 follower.py:196 guardian_follower_left SOFollower read overhead: 0.0ms
DEBUG 2026-08-06 12:32:15 follower.py:188 guardian_follower_right SOFollower read state: 0.9ms
DEBUG 2026-08-06 12:32:15 t_client.py:198 Observation serialization time: 0.001703s
DEBUG 2026-08-06 12:32:15 ort/utils.py:54 [CLIENT] Observation Buffer size 2.6375579833984375 MB with
DEBUG 2026-08-06 12:32:15 ort/utils.py:69 [CLIENT] Observation Sent 2097152/2765680 bytes with state 1
DEBUG 2026-08-06 12:32:15 ort/utils.py:69 [CLIENT] Observation Sent 2765680/2765680 bytes with state 3
DEBUG 2026-08-06 12:32:15 ort/utils.py:71 [CLIENT] Observation Published 2.6375579833984375 MB
DEBUG 2026-08-06 12:32:15 t_client.py:209 Sent observation #1547 | 
DEBUG 2026-08-06 12:32:15 t_client.py:434 QUEUE SIZE: 50 (Must go: False)
DEBUG 2026-08-06 12:32:15 t_client.py:477 Control loop (ms): 350.07
DEBUG 2026-08-06 12:32:15 follower.py:188 guardian_follower_left SOFollower read state: 1.3ms
DEBUG 2026-08-06 12:32:15 follower.py:196 guardian_follower_left SOFollower read left_wrist: 0.0ms
DEBUG 2026-08-06 12:32:15 follower.py:196 guardian_follower_left SOFollower read right_wrist: 0.0ms
DEBUG 2026-08-06 12:32:15 follower.py:196 guardian_follower_left SOFollower read overhead: 0.0ms
DEBUG 2026-08-06 12:32:15 follower.py:188 guardian_follower_right SOFollower read state: 0.9ms
DEBUG 2026-08-06 12:32:15 t_client.py:198 Observation serialization time: 0.001697s
DEBUG 2026-08-06 12:32:15 ort/utils.py:54 [CLIENT] Observation Buffer size 2.6375579833984375 MB with
DEBUG 2026-08-06 12:32:15 ort/utils.py:69 [CLIENT] Observation Sent 2097152/2765680 bytes with state 1
DEBUG 2026-08-06 12:32:15 ort/utils.py:69 [CLIENT] Observation Sent 2765680/2765680 bytes with state 3
DEBUG 2026-08-06 12:32:15 ort/utils.py:71 [CLIENT] Observation Published 2.6375579833984375 MB
DEBUG 2026-08-06 12:32:15 t_client.py:292 Received actions on device: cpu
DEBUG 2026-08-06 12:32:15 t_client.py:302 Actions kept on device: cpu
DEBUG 2026-08-06 12:32:16 t_client.py:209 Sent observation #1548 | 
DEBUG 2026-08-06 12:32:16 t_client.py:434 QUEUE SIZE: 49 (Must go: False)
DEBUG 2026-08-06 12:32:16 t_client.py:477 Control loop (ms): 360.23
DEBUG 2026-08-06 12:32:16 t_client.py:477 Control loop (ms): 0.47
DEBUG 2026-08-06 12:32:16 t_client.py:477 Control loop (ms): 0.32
DEBUG 2026-08-06 12:32:16 t_client.py:477 Control loop (ms): 0.46
DEBUG 2026-08-06 12:32:16 t_client.py:292 Received actions on device: cpu
DEBUG 2026-08-06 12:32:16 t_client.py:302 Actions kept on device: cpu
DEBUG 2026-08-06 12:32:16 t_client.py:477 Control loop (ms): 0.36
DEBUG 2026-08-06 12:32:16 t_client.py:477 Control loop (ms): 0.43
DEBUG 2026-08-06 12:32:16 t_client.py:477 Control loop (ms): 0.28
DEBUG 2026-08-06 12:32:16 t_client.py:477 Control loop (ms): 0.38
DEBUG 2026-08-06 12:32:16 t_client.py:477 Control loop (ms): 0.40
DEBUG 2026-08-06 12:32:16 t_client.py:477 Control loop (ms): 0.40
DEBUG 2026-08-06 12:32:16 t_client.py:477 Control loop (ms): 0.30
DEBUG 2026-08-06 12:32:16 t_client.py:477 Control loop (ms): 0.36
DEBUG 2026-08-06 12:32:16 t_client.py:477 Control loop (ms): 0.27
DEBUG 2026-08-06 12:32:16 t_client.py:477 Control loop (ms): 0.32
DEBUG 2026-08-06 12:32:16 t_client.py:477 Control loop (ms): 0.46
DEBUG 2026-08-06 12:32:16 t_client.py:477 Control loop (ms): 0.40
DEBUG 2026-08-06 12:32:16 t_client.py:477 Control loop (ms): 0.26
DEBUG 2026-08-06 12:32:16 t_client.py:477 Control loop (ms): 0.25
DEBUG 2026-08-06 12:32:16 t_client.py:477 Control loop (ms): 0.29
DEBUG 2026-08-06 12:32:16 t_client.py:477 Control loop (ms): 0.49
DEBUG 2026-08-06 12:32:16 t_client.py:477 Control loop (ms): 0.32
DEBUG 2026-08-06 12:32:17 t_client.py:477 Control loop (ms): 0.42
DEBUG 2026-08-06 12:32:17 t_client.py:477 Control loop (ms): 0.28
DEBUG 2026-08-06 12:32:17 t_client.py:477 Control loop (ms): 0.29
DEBUG 2026-08-06 12:32:17 t_client.py:477 Control loop (ms): 0.31
DEBUG 2026-08-06 12:32:17 t_client.py:477 Control loop (ms): 0.42
DEBUG 2026-08-06 12:32:17 t_client.py:477 Control loop (ms): 0.41
DEBUG 2026-08-06 12:32:17 t_client.py:477 Control loop (ms): 0.29
DEBUG 2026-08-06 12:32:17 t_client.py:477 Control loop (ms): 0.38
DEBUG 2026-08-06 12:32:17 t_client.py:477 Control loop (ms): 0.41
DEBUG 2026-08-06 12:32:17 t_client.py:477 Control loop (ms): 0.35
DEBUG 2026-08-06 12:32:17 t_client.py:477 Control loop (ms): 0.27
DEBUG 2026-08-06 12:32:17 t_client.py:477 Control loop (ms): 0.30
DEBUG 2026-08-06 12:32:17 t_client.py:477 Control loop (ms): 0.20
DEBUG 2026-08-06 12:32:17 t_client.py:477 Control loop (ms): 0.31
DEBUG 2026-08-06 12:32:17 t_client.py:477 Control loop (ms): 0.26
DEBUG 2026-08-06 12:32:17 t_client.py:477 Control loop (ms): 0.36
DEBUG 2026-08-06 12:32:17 t_client.py:477 Control loop (ms): 0.28
DEBUG 2026-08-06 12:32:17 t_client.py:477 Control loop (ms): 0.38
DEBUG 2026-08-06 12:32:17 t_client.py:477 Control loop (ms): 0.45
DEBUG 2026-08-06 12:32:17 t_client.py:477 Control loop (ms): 0.53
DEBUG 2026-08-06 12:32:18 t_client.py:477 Control loop (ms): 0.60
DEBUG 2026-08-06 12:32:18 t_client.py:477 Control loop (ms): 0.42
DEBUG 2026-08-06 12:32:18 t_client.py:477 Control loop (ms): 0.49
DEBUG 2026-08-06 12:32:18 t_client.py:477 Control loop (ms): 0.39
DEBUG 2026-08-06 12:32:18 t_client.py:477 Control loop (ms): 0.50
DEBUG 2026-08-06 12:32:18 t_client.py:477 Control loop (ms): 0.40
DEBUG 2026-08-06 12:32:18 t_client.py:477 Control loop (ms): 0.47
DEBUG 2026-08-06 12:32:18 t_client.py:477 Control loop (ms): 0.36
DEBUG 2026-08-06 12:32:18 follower.py:188 guardian_follower_left SOFollower read state: 1.4ms
DEBUG 2026-08-06 12:32:18 follower.py:196 guardian_follower_left SOFollower read left_wrist: 0.0ms
DEBUG 2026-08-06 12:32:18 follower.py:196 guardian_follower_left SOFollower read right_wrist: 0.0ms
DEBUG 2026-08-06 12:32:18 follower.py:196 guardian_follower_left SOFollower read overhead: 0.0ms
DEBUG 2026-08-06 12:32:18 follower.py:188 guardian_follower_right SOFollower read state: 0.9ms
DEBUG 2026-08-06 12:32:18 t_client.py:198 Observation serialization time: 0.001682s
DEBUG 2026-08-06 12:32:18 ort/utils.py:54 [CLIENT] Observation Buffer size 2.6375579833984375 MB with
DEBUG 2026-08-06 12:32:18 ort/utils.py:69 [CLIENT] Observation Sent 2097152/2765680 bytes with state 1
DEBUG 2026-08-06 12:32:18 ort/utils.py:69 [CLIENT] Observation Sent 2765680/2765680 bytes with state 3
DEBUG 2026-08-06 12:32:18 ort/utils.py:71 [CLIENT] Observation Published 2.6375579833984375 MB
DEBUG 2026-08-06 12:32:18 t_client.py:209 Sent observation #1597 | 
DEBUG 2026-08-06 12:32:18 t_client.py:434 QUEUE SIZE: 50 (Must go: False)
DEBUG 2026-08-06 12:32:18 t_client.py:477 Control loop (ms): 346.02
DEBUG 2026-08-06 12:32:18 follower.py:188 guardian_follower_left SOFollower read state: 1.3ms
DEBUG 2026-08-06 12:32:18 follower.py:196 guardian_follower_left SOFollower read left_wrist: 0.0ms
DEBUG 2026-08-06 12:32:18 follower.py:196 guardian_follower_left SOFollower read right_wrist: 0.0ms
DEBUG 2026-08-06 12:32:18 follower.py:196 guardian_follower_left SOFollower read overhead: 0.0ms
DEBUG 2026-08-06 12:32:18 follower.py:188 guardian_follower_right SOFollower read state: 0.9ms
DEBUG 2026-08-06 12:32:18 t_client.py:198 Observation serialization time: 0.002343s
DEBUG 2026-08-06 12:32:18 ort/utils.py:54 [CLIENT] Observation Buffer size 2.6375579833984375 MB with
DEBUG 2026-08-06 12:32:18 ort/utils.py:69 [CLIENT] Observation Sent 2097152/2765680 bytes with state 1
DEBUG 2026-08-06 12:32:19 ort/utils.py:69 [CLIENT] Observation Sent 2765680/2765680 bytes with state 3
DEBUG 2026-08-06 12:32:19 ort/utils.py:71 [CLIENT] Observation Published 2.6375579833984375 MB
DEBUG 2026-08-06 12:32:19 t_client.py:292 Received actions on device: cpu
DEBUG 2026-08-06 12:32:19 t_client.py:302 Actions kept on device: cpu
DEBUG 2026-08-06 12:32:19 t_client.py:209 Sent observation #1598 | 
DEBUG 2026-08-06 12:32:19 t_client.py:434 QUEUE SIZE: 49 (Must go: False)
DEBUG 2026-08-06 12:32:19 t_client.py:477 Control loop (ms): 399.49
DEBUG 2026-08-06 12:32:19 t_client.py:477 Control loop (ms): 0.51
DEBUG 2026-08-06 12:32:19 t_client.py:477 Control loop (ms): 0.37
DEBUG 2026-08-06 12:32:19 t_client.py:477 Control loop (ms): 0.35
DEBUG 2026-08-06 12:32:19 t_client.py:292 Received actions on device: cpu
DEBUG 2026-08-06 12:32:19 t_client.py:302 Actions kept on device: cpu
DEBUG 2026-08-06 12:32:19 t_client.py:477 Control loop (ms): 0.58
DEBUG 2026-08-06 12:32:19 t_client.py:477 Control loop (ms): 0.37
DEBUG 2026-08-06 12:32:19 t_client.py:477 Control loop (ms): 0.34
DEBUG 2026-08-06 12:32:19 t_client.py:477 Control loop (ms): 0.30
DEBUG 2026-08-06 12:32:19 t_client.py:477 Control loop (ms): 0.30
DEBUG 2026-08-06 12:32:19 t_client.py:477 Control loop (ms): 0.29
DEBUG 2026-08-06 12:32:19 t_client.py:477 Control loop (ms): 0.34
DEBUG 2026-08-06 12:32:19 t_client.py:477 Control loop (ms): 0.30
DEBUG 2026-08-06 12:32:19 t_client.py:477 Control loop (ms): 0.31
DEBUG 2026-08-06 12:32:19 t_client.py:477 Control loop (ms): 0.29
DEBUG 2026-08-06 12:32:19 t_client.py:477 Control loop (ms): 0.31
DEBUG 2026-08-06 12:32:19 t_client.py:477 Control loop (ms): 0.29
DEBUG 2026-08-06 12:32:19 t_client.py:477 Control loop (ms): 0.30
DEBUG 2026-08-06 12:32:19 t_client.py:477 Control loop (ms): 0.30
DEBUG 2026-08-06 12:32:20 t_client.py:477 Control loop (ms): 0.34
DEBUG 2026-08-06 12:32:20 t_client.py:477 Control loop (ms): 0.50
DEBUG 2026-08-06 12:32:20 t_client.py:477 Control loop (ms): 0.33
DEBUG 2026-08-06 12:32:20 t_client.py:477 Control loop (ms): 0.31
DEBUG 2026-08-06 12:32:20 t_client.py:477 Control loop (ms): 0.36
DEBUG 2026-08-06 12:32:20 t_client.py:477 Control loop (ms): 0.32
DEBUG 2026-08-06 12:32:20 t_client.py:477 Control loop (ms): 0.31
DEBUG 2026-08-06 12:32:20 t_client.py:477 Control loop (ms): 0.29
DEBUG 2026-08-06 12:32:20 t_client.py:477 Control loop (ms): 0.29
DEBUG 2026-08-06 12:32:20 t_client.py:477 Control loop (ms): 0.31
DEBUG 2026-08-06 12:32:20 t_client.py:477 Control loop (ms): 0.33
DEBUG 2026-08-06 12:32:20 t_client.py:477 Control loop (ms): 0.30
DEBUG 2026-08-06 12:32:20 t_client.py:477 Control loop (ms): 0.29
DEBUG 2026-08-06 12:32:20 t_client.py:477 Control loop (ms): 0.57
DEBUG 2026-08-06 12:32:20 t_client.py:477 Control loop (ms): 0.37
DEBUG 2026-08-06 12:32:20 t_client.py:477 Control loop (ms): 0.37
DEBUG 2026-08-06 12:32:20 t_client.py:477 Control loop (ms): 0.35
DEBUG 2026-08-06 12:32:20 t_client.py:477 Control loop (ms): 0.31
DEBUG 2026-08-06 12:32:20 t_client.py:477 Control loop (ms): 0.25
DEBUG 2026-08-06 12:32:20 t_client.py:477 Control loop (ms): 0.32
DEBUG 2026-08-06 12:32:21 t_client.py:477 Control loop (ms): 0.29
DEBUG 2026-08-06 12:32:21 t_client.py:477 Control loop (ms): 0.37
DEBUG 2026-08-06 12:32:21 t_client.py:477 Control loop (ms): 0.38
DEBUG 2026-08-06 12:32:21 t_client.py:477 Control loop (ms): 0.30
DEBUG 2026-08-06 12:32:21 t_client.py:477 Control loop (ms): 0.33
DEBUG 2026-08-06 12:32:21 t_client.py:477 Control loop (ms): 0.31
DEBUG 2026-08-06 12:32:21 t_client.py:477 Control loop (ms): 0.32
DEBUG 2026-08-06 12:32:21 t_client.py:477 Control loop (ms): 0.29
DEBUG 2026-08-06 12:32:21 t_client.py:477 Control loop (ms): 0.30
DEBUG 2026-08-06 12:32:21 t_client.py:477 Control loop (ms): 0.35
DEBUG 2026-08-06 12:32:21 t_client.py:477 Control loop (ms): 0.29
DEBUG 2026-08-06 12:32:21 follower.py:188 guardian_follower_left SOFollower read state: 1.4ms
DEBUG 2026-08-06 12:32:21 follower.py:196 guardian_follower_left SOFollower read left_wrist: 0.0ms
DEBUG 2026-08-06 12:32:21 follower.py:196 guardian_follower_left SOFollower read right_wrist: 0.0ms
DEBUG 2026-08-06 12:32:21 follower.py:196 guardian_follower_left SOFollower read overhead: 0.0ms
DEBUG 2026-08-06 12:32:21 follower.py:188 guardian_follower_right SOFollower read state: 0.9ms
DEBUG 2026-08-06 12:32:21 t_client.py:198 Observation serialization time: 0.001719s
DEBUG 2026-08-06 12:32:21 ort/utils.py:54 [CLIENT] Observation Buffer size 2.6375579833984375 MB with
DEBUG 2026-08-06 12:32:21 ort/utils.py:69 [CLIENT] Observation Sent 2097152/2765680 bytes with state 1
DEBUG 2026-08-06 12:32:21 ort/utils.py:69 [CLIENT] Observation Sent 2765680/2765680 bytes with state 3
DEBUG 2026-08-06 12:32:21 ort/utils.py:71 [CLIENT] Observation Published 2.6375579833984375 MB
DEBUG 2026-08-06 12:32:21 t_client.py:209 Sent observation #1647 | 
DEBUG 2026-08-06 12:32:21 t_client.py:434 QUEUE SIZE: 50 (Must go: False)
DEBUG 2026-08-06 12:32:21 t_client.py:477 Control loop (ms): 388.09
DEBUG 2026-08-06 12:32:21 follower.py:188 guardian_follower_left SOFollower read state: 1.3ms
DEBUG 2026-08-06 12:32:21 follower.py:196 guardian_follower_left SOFollower read left_wrist: 0.0ms
DEBUG 2026-08-06 12:32:21 follower.py:196 guardian_follower_left SOFollower read right_wrist: 0.0ms
DEBUG 2026-08-06 12:32:21 follower.py:196 guardian_follower_left SOFollower read overhead: 0.0ms
DEBUG 2026-08-06 12:32:21 follower.py:188 guardian_follower_right SOFollower read state: 0.9ms
DEBUG 2026-08-06 12:32:21 t_client.py:198 Observation serialization time: 0.001675s
DEBUG 2026-08-06 12:32:21 ort/utils.py:54 [CLIENT] Observation Buffer size 2.6375579833984375 MB with
DEBUG 2026-08-06 12:32:22 ort/utils.py:69 [CLIENT] Observation Sent 2097152/2765680 bytes with state 1
DEBUG 2026-08-06 12:32:22 ort/utils.py:69 [CLIENT] Observation Sent 2765680/2765680 bytes with state 3
DEBUG 2026-08-06 12:32:22 ort/utils.py:71 [CLIENT] Observation Published 2.6375579833984375 MB
DEBUG 2026-08-06 12:32:22 t_client.py:292 Received actions on device: cpu
DEBUG 2026-08-06 12:32:22 t_client.py:302 Actions kept on device: cpu
DEBUG 2026-08-06 12:32:22 t_client.py:209 Sent observation #1648 | 
DEBUG 2026-08-06 12:32:22 t_client.py:434 QUEUE SIZE: 49 (Must go: False)
DEBUG 2026-08-06 12:32:22 t_client.py:477 Control loop (ms): 361.57
DEBUG 2026-08-06 12:32:22 t_client.py:477 Control loop (ms): 0.54
DEBUG 2026-08-06 12:32:22 t_client.py:477 Control loop (ms): 0.36
DEBUG 2026-08-06 12:32:22 t_client.py:477 Control loop (ms): 0.37
DEBUG 2026-08-06 12:32:22 t_client.py:292 Received actions on device: cpu
DEBUG 2026-08-06 12:32:22 t_client.py:302 Actions kept on device: cpu
DEBUG 2026-08-06 12:32:22 t_client.py:477 Control loop (ms): 0.40
DEBUG 2026-08-06 12:32:22 t_client.py:477 Control loop (ms): 0.42
DEBUG 2026-08-06 12:32:22 t_client.py:477 Control loop (ms): 0.34
DEBUG 2026-08-06 12:32:22 t_client.py:477 Control loop (ms): 0.32
DEBUG 2026-08-06 12:32:22 t_client.py:477 Control loop (ms): 0.38
DEBUG 2026-08-06 12:32:22 t_client.py:477 Control loop (ms): 0.40
DEBUG 2026-08-06 12:32:22 t_client.py:477 Control loop (ms): 0.34
DEBUG 2026-08-06 12:32:22 t_client.py:477 Control loop (ms): 0.33
DEBUG 2026-08-06 12:32:22 t_client.py:477 Control loop (ms): 0.32
DEBUG 2026-08-06 12:32:22 t_client.py:477 Control loop (ms): 0.38
DEBUG 2026-08-06 12:32:22 t_client.py:477 Control loop (ms): 0.35
DEBUG 2026-08-06 12:32:23 t_client.py:477 Control loop (ms): 0.49
DEBUG 2026-08-06 12:32:23 t_client.py:477 Control loop (ms): 0.41
DEBUG 2026-08-06 12:32:23 t_client.py:477 Control loop (ms): 0.35
DEBUG 2026-08-06 12:32:23 t_client.py:477 Control loop (ms): 0.36
DEBUG 2026-08-06 12:32:23 t_client.py:477 Control loop (ms): 0.26
DEBUG 2026-08-06 12:32:23 t_client.py:477 Control loop (ms): 0.50
DEBUG 2026-08-06 12:32:23 t_client.py:477 Control loop (ms): 0.28
DEBUG 2026-08-06 12:32:23 t_client.py:477 Control loop (ms): 0.48
DEBUG 2026-08-06 12:32:23 t_client.py:477 Control loop (ms): 0.26
DEBUG 2026-08-06 12:32:23 t_client.py:477 Control loop (ms): 0.45
DEBUG 2026-08-06 12:32:23 t_client.py:477 Control loop (ms): 0.24
DEBUG 2026-08-06 12:32:23 t_client.py:477 Control loop (ms): 0.31
DEBUG 2026-08-06 12:32:23 t_client.py:477 Control loop (ms): 0.20
DEBUG 2026-08-06 12:32:23 t_client.py:477 Control loop (ms): 0.33
DEBUG 2026-08-06 12:32:23 tors_bus.py:561 FeetechMotorsBus disconnected.
INFO 2026-08-06 12:32:23 a_opencv.py:601 OpenCVCamera(/dev/cam_left_wrist) disconnected.
INFO 2026-08-06 12:32:23 a_opencv.py:601 OpenCVCamera(/dev/cam_right_wrist) disconnected.
INFO 2026-08-06 12:32:24 a_opencv.py:601 OpenCVCamera(/dev/cam_overhead) disconnected.
INFO 2026-08-06 12:32:24 follower.py:240 guardian_follower_left SOFollower disconnected.
DEBUG 2026-08-06 12:32:24 tors_bus.py:561 FeetechMotorsBus disconnected.
INFO 2026-08-06 12:32:24 follower.py:240 guardian_follower_right SOFollower disconnected.
DEBUG 2026-08-06 12:32:24 t_client.py:178 Robot disconnected
DEBUG 2026-08-06 12:32:24 t_client.py:181 Client stopped, channel closed
ERROR 2026-08-06 12:32:24 t_client.py:359 Error receiving actions: <_InactiveRpcError of RPC that terminated with:
	status = StatusCode.CANCELLED
	details = "Channel closed!"
	debug_error_string = "CANCELLED:Channel closed!"
>
INFO 2026-08-06 12:32:24 t_client.py:512 Client stopped
