DEBUG 2026-08-06 12:27:50 rt_utils.py:248 Third-party plugin import summary: imported=[] failed=[]
DEBUG 2026-08-06 12:27:50 d_metavar.py:22 Metavar for type None: None
DEBUG 2026-08-06 12:27:50 formatter.py:52 action type: None, Result: , nargs: 0, default metavar: None
DEBUG 2026-08-06 12:27:50 d_metavar.py:22 Metavar for type <class 'str'>: str
DEBUG 2026-08-06 12:27:50 formatter.py:52 action type: <class 'str'>, Result: str, nargs: None, default metavar: None
DEBUG 2026-08-06 12:27:50 _wrapper.py:168 wrapped field at policy_type has a default value of None
DEBUG 2026-08-06 12:27:50 _wrapper.py:168 wrapped field at pretrained_name_or_path has a default value of None
DEBUG 2026-08-06 12:27:50 _wrapper.py:168 wrapped field at actions_per_chunk has a default value of None
DEBUG 2026-08-06 12:27:50 _wrapper.py:168 wrapped field at task has a default value of 
DEBUG 2026-08-06 12:27:50 _wrapper.py:168 wrapped field at server_address has a default value of localhost:8080
DEBUG 2026-08-06 12:27:50 _wrapper.py:168 wrapped field at policy_device has a default value of cpu
DEBUG 2026-08-06 12:27:50 _wrapper.py:168 wrapped field at client_device has a default value of cpu
DEBUG 2026-08-06 12:27:50 _wrapper.py:168 wrapped field at chunk_size_threshold has a default value of 0.5
DEBUG 2026-08-06 12:27:50 _wrapper.py:168 wrapped field at fps has a default value of 30
DEBUG 2026-08-06 12:27:50 _wrapper.py:168 wrapped field at aggregate_fn_name has a default value of weighted_average
DEBUG 2026-08-06 12:27:50 _wrapper.py:168 wrapped field at debug_visualize_queue_size has a default value of False
DEBUG 2026-08-06 12:27:50 _wrapper.py:309 Arg options for field 'policy_type': {'required': False, 'dest': 'policy_type', 'default': None, 'help': 'Policy configuration', 'type': <class 'str'>}
DEBUG 2026-08-06 12:27:50 _wrapper.py:309 Arg options for field 'pretrained_name_or_path': {'required': False, 'dest': 'pretrained_name_or_path', 'default': None, 'type': <class 'str'>}
DEBUG 2026-08-06 12:27:50 d_metavar.py:22 Metavar for type <class 'str'>: str
DEBUG 2026-08-06 12:27:50 formatter.py:52 action type: <class 'str'>, Result: str, nargs: None, default metavar: None
DEBUG 2026-08-06 12:27:50 _wrapper.py:168 wrapped field at robot.port has a default value of None
DEBUG 2026-08-06 12:27:50 _wrapper.py:168 wrapped field at robot.disable_torque_on_disconnect has a default value of True
DEBUG 2026-08-06 12:27:50 _wrapper.py:201 wrapped field at robot.max_relative_target has a default value of None
DEBUG 2026-08-06 12:27:50 _wrapper.py:201 wrapped field at robot.cameras has a default value of {}
DEBUG 2026-08-06 12:27:50 _wrapper.py:168 wrapped field at robot.use_degrees has a default value of True
DEBUG 2026-08-06 12:27:50 _wrapper.py:201 wrapped field at robot.id has a default value of None
DEBUG 2026-08-06 12:27:50 _wrapper.py:201 wrapped field at robot.calibration_dir has a default value of None
DEBUG 2026-08-06 12:27:50 _wrapper.py:168 wrapped field at robot.port has a default value of None
DEBUG 2026-08-06 12:27:50 _wrapper.py:168 wrapped field at robot.disable_torque_on_disconnect has a default value of True
DEBUG 2026-08-06 12:27:50 _wrapper.py:201 wrapped field at robot.max_relative_target has a default value of None
DEBUG 2026-08-06 12:27:50 _wrapper.py:201 wrapped field at robot.cameras has a default value of {}
DEBUG 2026-08-06 12:27:50 _wrapper.py:168 wrapped field at robot.use_degrees has a default value of True
DEBUG 2026-08-06 12:27:50 _wrapper.py:201 wrapped field at robot.id has a default value of None
DEBUG 2026-08-06 12:27:50 _wrapper.py:201 wrapped field at robot.calibration_dir has a default value of None
DEBUG 2026-08-06 12:27:50 _wrapper.py:201 wrapped field at robot.id has a default value of None
DEBUG 2026-08-06 12:27:50 _wrapper.py:201 wrapped field at robot.calibration_dir has a default value of None
DEBUG 2026-08-06 12:27:50 _wrapper.py:168 wrapped field at robot.left_arm_config.port has a default value of None
DEBUG 2026-08-06 12:27:50 _wrapper.py:168 wrapped field at robot.left_arm_config.disable_torque_on_disconnect has a default value of True
DEBUG 2026-08-06 12:27:50 _wrapper.py:201 wrapped field at robot.left_arm_config.max_relative_target has a default value of None
DEBUG 2026-08-06 12:27:50 _wrapper.py:201 wrapped field at robot.left_arm_config.cameras has a default value of {}
DEBUG 2026-08-06 12:27:50 _wrapper.py:168 wrapped field at robot.left_arm_config.use_degrees has a default value of True
DEBUG 2026-08-06 12:27:50 _wrapper.py:168 wrapped field at robot.right_arm_config.port has a default value of None
DEBUG 2026-08-06 12:27:50 _wrapper.py:168 wrapped field at robot.right_arm_config.disable_torque_on_disconnect has a default value of True
DEBUG 2026-08-06 12:27:50 _wrapper.py:201 wrapped field at robot.right_arm_config.max_relative_target has a default value of None
DEBUG 2026-08-06 12:27:50 _wrapper.py:201 wrapped field at robot.right_arm_config.cameras has a default value of {}
DEBUG 2026-08-06 12:27:50 _wrapper.py:168 wrapped field at robot.right_arm_config.use_degrees has a default value of True
DEBUG 2026-08-06 12:27:50 _wrapper.py:201 wrapped field at robot.cameras has a default value of {}
DEBUG 2026-08-06 12:27:50 _wrapper.py:201 wrapped field at robot.id has a default value of None
DEBUG 2026-08-06 12:27:50 _wrapper.py:201 wrapped field at robot.calibration_dir has a default value of None
DEBUG 2026-08-06 12:27:50 _wrapper.py:168 wrapped field at robot.port has a default value of None
DEBUG 2026-08-06 12:27:50 _wrapper.py:168 wrapped field at robot.disable_torque_on_disconnect has a default value of True
DEBUG 2026-08-06 12:27:50 _wrapper.py:201 wrapped field at robot.max_relative_target has a default value of None
DEBUG 2026-08-06 12:27:50 _wrapper.py:201 wrapped field at robot.cameras has a default value of {}
DEBUG 2026-08-06 12:27:50 _wrapper.py:168 wrapped field at robot.use_degrees has a default value of False
DEBUG 2026-08-06 12:27:50 _wrapper.py:201 wrapped field at robot.id has a default value of None
DEBUG 2026-08-06 12:27:50 _wrapper.py:201 wrapped field at robot.calibration_dir has a default value of None
DEBUG 2026-08-06 12:27:50 _wrapper.py:168 wrapped field at robot.port has a default value of None
DEBUG 2026-08-06 12:27:50 _wrapper.py:168 wrapped field at robot.disable_torque_on_disconnect has a default value of True
DEBUG 2026-08-06 12:27:50 _wrapper.py:201 wrapped field at robot.max_relative_target has a default value of None
DEBUG 2026-08-06 12:27:50 _wrapper.py:201 wrapped field at robot.cameras has a default value of {}
DEBUG 2026-08-06 12:27:50 _wrapper.py:168 wrapped field at robot.use_degrees has a default value of False
DEBUG 2026-08-06 12:27:50 docstring.py:65 Couldn't find the attribute docstring: could not find class definition
DEBUG 2026-08-06 12:27:50 _wrapper.py:309 Arg options for field 'port': {'required': False, 'dest': 'robot.port', 'default': None, 'type': <class 'str'>}
DEBUG 2026-08-06 12:27:50 docstring.py:65 Couldn't find the attribute docstring: could not find class definition
DEBUG 2026-08-06 12:27:50 _wrapper.py:309 Arg options for field 'disable_torque_on_disconnect': {'required': False, 'dest': 'robot.disable_torque_on_disconnect', 'default': True, 'help': ' ', 'type': <class 'bool'>}
DEBUG 2026-08-06 12:27:50 docstring.py:65 Couldn't find the attribute docstring: could not find class definition
DEBUG 2026-08-06 12:27:50 _wrapper.py:309 Arg options for field 'max_relative_target': {'required': False, 'dest': 'robot.max_relative_target', 'default': None, 'type': typing.Union[float, typing.Dict[str, float], NoneType]}
DEBUG 2026-08-06 12:27:50 docstring.py:65 Couldn't find the attribute docstring: could not find class definition
DEBUG 2026-08-06 12:27:50 _wrapper.py:309 Arg options for field 'cameras': {'required': False, 'dest': 'robot.cameras', 'default': {}, 'help': ' ', 'type': typing.Dict[str, lerobot.cameras.configs.CameraConfig]}
DEBUG 2026-08-06 12:27:50 docstring.py:65 Couldn't find the attribute docstring: could not find class definition
DEBUG 2026-08-06 12:27:50 _wrapper.py:309 Arg options for field 'use_degrees': {'required': False, 'dest': 'robot.use_degrees', 'default': True, 'help': ' ', 'type': <class 'bool'>}
DEBUG 2026-08-06 12:27:50 _wrapper.py:309 Arg options for field 'id': {'required': False, 'dest': 'robot.id', 'default': None, 'help': 'Allows to distinguish between different robots of the same type', 'type': typing.Optional[str]}
DEBUG 2026-08-06 12:27:50 _wrapper.py:309 Arg options for field 'calibration_dir': {'required': False, 'dest': 'robot.calibration_dir', 'default': None, 'help': 'Directory to store calibration file', 'type': typing.Optional[pathlib.Path]}
DEBUG 2026-08-06 12:27:50 docstring.py:65 Couldn't find the attribute docstring: could not find class definition
DEBUG 2026-08-06 12:27:50 _wrapper.py:309 Arg options for field 'port': {'required': False, 'dest': 'robot.port', 'default': None, 'type': <class 'str'>}
DEBUG 2026-08-06 12:27:50 docstring.py:65 Couldn't find the attribute docstring: could not find class definition
DEBUG 2026-08-06 12:27:50 _wrapper.py:309 Arg options for field 'disable_torque_on_disconnect': {'required': False, 'dest': 'robot.disable_torque_on_disconnect', 'default': True, 'help': ' ', 'type': <class 'bool'>}
DEBUG 2026-08-06 12:27:50 docstring.py:65 Couldn't find the attribute docstring: could not find class definition
DEBUG 2026-08-06 12:27:50 _wrapper.py:309 Arg options for field 'max_relative_target': {'required': False, 'dest': 'robot.max_relative_target', 'default': None, 'type': typing.Union[float, typing.Dict[str, float], NoneType]}
DEBUG 2026-08-06 12:27:50 docstring.py:65 Couldn't find the attribute docstring: could not find class definition
DEBUG 2026-08-06 12:27:50 _wrapper.py:309 Arg options for field 'cameras': {'required': False, 'dest': 'robot.cameras', 'default': {}, 'help': ' ', 'type': typing.Dict[str, lerobot.cameras.configs.CameraConfig]}
DEBUG 2026-08-06 12:27:50 docstring.py:65 Couldn't find the attribute docstring: could not find class definition
DEBUG 2026-08-06 12:27:50 _wrapper.py:309 Arg options for field 'use_degrees': {'required': False, 'dest': 'robot.use_degrees', 'default': True, 'help': ' ', 'type': <class 'bool'>}
DEBUG 2026-08-06 12:27:50 _wrapper.py:309 Arg options for field 'id': {'required': False, 'dest': 'robot.id', 'default': None, 'help': 'Allows to distinguish between different robots of the same type', 'type': typing.Optional[str]}
DEBUG 2026-08-06 12:27:50 _wrapper.py:309 Arg options for field 'calibration_dir': {'required': False, 'dest': 'robot.calibration_dir', 'default': None, 'help': 'Directory to store calibration file', 'type': typing.Optional[pathlib.Path]}
DEBUG 2026-08-06 12:27:50 _wrapper.py:309 Arg options for field 'id': {'required': False, 'dest': 'robot.id', 'default': None, 'help': 'Allows to distinguish between different robots of the same type', 'type': typing.Optional[str]}
DEBUG 2026-08-06 12:27:50 _wrapper.py:309 Arg options for field 'calibration_dir': {'required': False, 'dest': 'robot.calibration_dir', 'default': None, 'help': 'Directory to store calibration file', 'type': typing.Optional[pathlib.Path]}
DEBUG 2026-08-06 12:27:50 d_metavar.py:22 Metavar for type <class 'str'>: str
DEBUG 2026-08-06 12:27:50 formatter.py:52 action type: <class 'str'>, Result: str, nargs: None, default metavar: None
DEBUG 2026-08-06 12:27:50 _wrapper.py:309 Arg options for field 'port': {'required': False, 'dest': 'robot.left_arm_config.port', 'default': None, 'help': 'Port to connect to the arm', 'type': <class 'str'>}
DEBUG 2026-08-06 12:27:50 _wrapper.py:309 Arg options for field 'disable_torque_on_disconnect': {'required': False, 'dest': 'robot.left_arm_config.disable_torque_on_disconnect', 'default': True, 'help': ' ', 'type': <class 'bool'>}
DEBUG 2026-08-06 12:27:50 _wrapper.py:309 Arg options for field 'max_relative_target': {'required': False, 'dest': 'robot.left_arm_config.max_relative_target', 'default': None, 'help': '`max_relative_target` limits the magnitude of the relative positional target vector for safety purposes.\nSet this to a positive scalar to have the same value for all motors, or a dictionary that maps motor\nnames to the max_relative_target value for that motor.', 'type': typing.Union[float, typing.Dict[str, float], NoneType]}
DEBUG 2026-08-06 12:27:50 _wrapper.py:309 Arg options for field 'cameras': {'required': False, 'dest': 'robot.left_arm_config.cameras', 'default': {}, 'help': 'cameras', 'type': typing.Dict[str, lerobot.cameras.configs.CameraConfig]}
DEBUG 2026-08-06 12:27:50 _wrapper.py:309 Arg options for field 'use_degrees': {'required': False, 'dest': 'robot.left_arm_config.use_degrees', 'default': True, 'help': 'Set to `True` for backward compatibility with previous policies/dataset', 'type': <class 'bool'>}
DEBUG 2026-08-06 12:27:50 d_metavar.py:22 Metavar for type <class 'str'>: str
DEBUG 2026-08-06 12:27:50 formatter.py:52 action type: <class 'str'>, Result: str, nargs: None, default metavar: None
DEBUG 2026-08-06 12:27:50 _wrapper.py:309 Arg options for field 'port': {'required': False, 'dest': 'robot.right_arm_config.port', 'default': None, 'help': 'Port to connect to the arm', 'type': <class 'str'>}
DEBUG 2026-08-06 12:27:50 _wrapper.py:309 Arg options for field 'disable_torque_on_disconnect': {'required': False, 'dest': 'robot.right_arm_config.disable_torque_on_disconnect', 'default': True, 'help': ' ', 'type': <class 'bool'>}
DEBUG 2026-08-06 12:27:50 _wrapper.py:309 Arg options for field 'max_relative_target': {'required': False, 'dest': 'robot.right_arm_config.max_relative_target', 'default': None, 'help': '`max_relative_target` limits the magnitude of the relative positional target vector for safety purposes.\nSet this to a positive scalar to have the same value for all motors, or a dictionary that maps motor\nnames to the max_relative_target value for that motor.', 'type': typing.Union[float, typing.Dict[str, float], NoneType]}
DEBUG 2026-08-06 12:27:50 _wrapper.py:309 Arg options for field 'cameras': {'required': False, 'dest': 'robot.right_arm_config.cameras', 'default': {}, 'help': 'cameras', 'type': typing.Dict[str, lerobot.cameras.configs.CameraConfig]}
DEBUG 2026-08-06 12:27:50 _wrapper.py:309 Arg options for field 'use_degrees': {'required': False, 'dest': 'robot.right_arm_config.use_degrees', 'default': True, 'help': 'Set to `True` for backward compatibility with previous policies/dataset', 'type': <class 'bool'>}
DEBUG 2026-08-06 12:27:50 _wrapper.py:309 Arg options for field 'cameras': {'required': False, 'dest': 'robot.cameras', 'default': {}, 'help': 'Top-level cameras not attached to a specific side. Keys are kept as-is in\nobservations (no `left_`/`right_` prefix). Per-arm cameras (declared on\n`{left,right}_arm_config.cameras`) are prefixed.', 'type': typing.Dict[str, lerobot.cameras.configs.CameraConfig]}
DEBUG 2026-08-06 12:27:50 _wrapper.py:309 Arg options for field 'id': {'required': False, 'dest': 'robot.id', 'default': None, 'help': 'Allows to distinguish between different robots of the same type', 'type': typing.Optional[str]}
DEBUG 2026-08-06 12:27:50 _wrapper.py:309 Arg options for field 'calibration_dir': {'required': False, 'dest': 'robot.calibration_dir', 'default': None, 'help': 'Directory to store calibration file', 'type': typing.Optional[pathlib.Path]}
DEBUG 2026-08-06 12:27:50 _wrapper.py:309 Arg options for field 'port': {'required': False, 'dest': 'robot.port', 'default': None, 'help': 'Port to connect to the arm', 'type': <class 'str'>}
DEBUG 2026-08-06 12:27:50 _wrapper.py:309 Arg options for field 'disable_torque_on_disconnect': {'required': False, 'dest': 'robot.disable_torque_on_disconnect', 'default': True, 'help': ' ', 'type': <class 'bool'>}
DEBUG 2026-08-06 12:27:50 _wrapper.py:309 Arg options for field 'max_relative_target': {'required': False, 'dest': 'robot.max_relative_target', 'default': None, 'help': '`max_relative_target` limits the magnitude of the relative positional target vector for safety purposes.\nSet this to a positive scalar to have the same value for all motors, or a dictionary that maps motor\nnames to the max_relative_target value for that motor.', 'type': typing.Union[float, typing.Dict[str, float], NoneType]}
DEBUG 2026-08-06 12:27:50 _wrapper.py:309 Arg options for field 'cameras': {'required': False, 'dest': 'robot.cameras', 'default': {}, 'help': 'cameras', 'type': typing.Dict[str, lerobot.cameras.configs.CameraConfig]}
DEBUG 2026-08-06 12:27:50 _wrapper.py:309 Arg options for field 'use_degrees': {'required': False, 'dest': 'robot.use_degrees', 'default': False, 'help': 'Set to `True` for backward compatibility with previous policies/dataset', 'type': <class 'bool'>}
DEBUG 2026-08-06 12:27:50 _wrapper.py:309 Arg options for field 'id': {'required': False, 'dest': 'robot.id', 'default': None, 'help': 'Allows to distinguish between different robots of the same type', 'type': typing.Optional[str]}
DEBUG 2026-08-06 12:27:50 _wrapper.py:309 Arg options for field 'calibration_dir': {'required': False, 'dest': 'robot.calibration_dir', 'default': None, 'help': 'Directory to store calibration file', 'type': typing.Optional[pathlib.Path]}
DEBUG 2026-08-06 12:27:50 _wrapper.py:309 Arg options for field 'port': {'required': False, 'dest': 'robot.port', 'default': None, 'help': 'Port to connect to the arm', 'type': <class 'str'>}
DEBUG 2026-08-06 12:27:50 _wrapper.py:309 Arg options for field 'disable_torque_on_disconnect': {'required': False, 'dest': 'robot.disable_torque_on_disconnect', 'default': True, 'help': ' ', 'type': <class 'bool'>}
DEBUG 2026-08-06 12:27:50 _wrapper.py:309 Arg options for field 'max_relative_target': {'required': False, 'dest': 'robot.max_relative_target', 'default': None, 'help': '`max_relative_target` limits the magnitude of the relative positional target vector for safety purposes.\nSet this to a positive scalar to have the same value for all motors, or a dictionary that maps motor\nnames to the max_relative_target value for that motor.', 'type': typing.Union[float, typing.Dict[str, float], NoneType]}
DEBUG 2026-08-06 12:27:50 _wrapper.py:309 Arg options for field 'cameras': {'required': False, 'dest': 'robot.cameras', 'default': {}, 'help': 'cameras', 'type': typing.Dict[str, lerobot.cameras.configs.CameraConfig]}
DEBUG 2026-08-06 12:27:50 _wrapper.py:309 Arg options for field 'use_degrees': {'required': False, 'dest': 'robot.use_degrees', 'default': False, 'help': 'Set to `True` for backward compatibility with previous policies/dataset', 'type': <class 'bool'>}
DEBUG 2026-08-06 12:27:50 _wrapper.py:309 Arg options for field 'actions_per_chunk': {'required': False, 'dest': 'actions_per_chunk', 'default': None, 'help': 'Policies typically output K actions at max, but we can use less to avoid wasting bandwidth (as actions\nwould be aggregated on the client side anyway, depending on the value of `chunk_size_threshold`)', 'type': <class 'int'>}
DEBUG 2026-08-06 12:27:50 _wrapper.py:309 Arg options for field 'task': {'required': False, 'dest': 'task', 'default': '', 'help': "Task instruction for the robot to execute (e.g., 'fold my tshirt')", 'type': <class 'str'>}
DEBUG 2026-08-06 12:27:50 _wrapper.py:309 Arg options for field 'server_address': {'required': False, 'dest': 'server_address', 'default': 'localhost:8080', 'help': 'Network configuration', 'type': <class 'str'>}
DEBUG 2026-08-06 12:27:50 _wrapper.py:309 Arg options for field 'policy_device': {'required': False, 'dest': 'policy_device', 'default': 'cpu', 'help': 'Device configuration', 'type': <class 'str'>}
DEBUG 2026-08-06 12:27:50 ocstring.py:253 Warning: Unable to parse attribute docstring:         default="cpu",
DEBUG 2026-08-06 12:27:50 _wrapper.py:309 Arg options for field 'client_device': {'required': False, 'dest': 'client_device', 'default': 'cpu', 'help': ' ', 'type': <class 'str'>}
DEBUG 2026-08-06 12:27:50 _wrapper.py:309 Arg options for field 'chunk_size_threshold': {'required': False, 'dest': 'chunk_size_threshold', 'default': 0.5, 'help': '\n\nControl behavior configuration', 'type': <class 'float'>}
DEBUG 2026-08-06 12:27:50 _wrapper.py:309 Arg options for field 'fps': {'required': False, 'dest': 'fps', 'default': 30, 'help': ' ', 'type': <class 'int'>}
DEBUG 2026-08-06 12:27:50 ocstring.py:253 Warning: Unable to parse attribute docstring:         default="weighted_average",
DEBUG 2026-08-06 12:27:50 _wrapper.py:309 Arg options for field 'aggregate_fn_name': {'required': False, 'dest': 'aggregate_fn_name', 'default': 'weighted_average', 'help': 'Aggregate function configuration (CLI-compatible)', 'type': <class 'str'>}
DEBUG 2026-08-06 12:27:50 ocstring.py:253 Warning: Unable to parse attribute docstring:         default=False, metadata={"help": "Visualize the action queue size"}
DEBUG 2026-08-06 12:27:50 _wrapper.py:309 Arg options for field 'debug_visualize_queue_size': {'required': False, 'dest': 'debug_visualize_queue_size', 'default': False, 'help': '\n\n\nDebug configuration', 'type': <class 'bool'>}
DEBUG 2026-08-06 12:27:50 gparsing.py:143 
POST PROCESSING

DEBUG 2026-08-06 12:27:50 gparsing.py:144 (raw) parsed args: Namespace(policy_type='act', pretrained_name_or_path='policies/batch7_step40k', actions_per_chunk='100', server_address='10.1.239.122:8080', policy_device='cuda', client_device='cpu', task='Pick up the strawberry and place it in the bin', fps='20', **{'robot.type': 'bi_so_follower', 'robot.id': 'guardian_follower', 'robot.left_arm_config.port': '/dev/guardian_left_follower', 'robot.right_arm_config.port': '/dev/guardian_right_follower', 'robot.left_arm_config.cameras': '{left_wrist: {type: opencv, index_or_path: /dev/cam_left_wrist, width: 640, height: 480, fps: 20, fourcc: MJPG}, right_wrist: {type: opencv, index_or_path: /dev/cam_right_wrist, width: 640, height: 480, fps: 20, fourcc: MJPG}, overhead: {type: opencv, index_or_path: /dev/cam_overhead, width: 640, height: 480, fps: 20, fourcc: MJPG, rotation: 180}}'})
DEBUG 2026-08-06 12:27:50 decoding.py:112 from_dict for <class 'lerobot.async_inference.configs.RobotClientConfig'>
DEBUG 2026-08-06 12:27:50 decoding.py:132 Decode name = policy_type, type = <class 'str'>
DEBUG 2026-08-06 12:27:50 decoding.py:132 Decode name = pretrained_name_or_path, type = <class 'str'>
DEBUG 2026-08-06 12:27:50 decoding.py:132 Decode name = robot, type = <class 'lerobot.robots.config.RobotConfig'>
DEBUG 2026-08-06 12:27:50 decoding.py:112 from_dict for <class 'lerobot.robots.bi_so_follower.config_bi_so_follower.BiSOFollowerConfig'>
DEBUG 2026-08-06 12:27:50 decoding.py:132 Decode name = id, type = typing.Optional[str]
DEBUG 2026-08-06 12:27:50 decoding.py:293 Decoding a Union field: typing.Optional[str]
DEBUG 2026-08-06 12:27:50 decoding.py:132 Decode name = left_arm_config, type = <class 'lerobot.robots.so_follower.config_so_follower.SOFollowerConfig'>
DEBUG 2026-08-06 12:27:50 decoding.py:112 from_dict for <class 'lerobot.robots.so_follower.config_so_follower.SOFollowerConfig'>
DEBUG 2026-08-06 12:27:50 decoding.py:132 Decode name = port, type = <class 'str'>
DEBUG 2026-08-06 12:27:50 decoding.py:132 Decode name = cameras, type = dict[str, lerobot.cameras.configs.CameraConfig]
DEBUG 2026-08-06 12:27:50 decoding.py:261 Decoding a Dict field: dict[str, lerobot.cameras.configs.CameraConfig]
DEBUG 2026-08-06 12:27:50 decoding.py:112 from_dict for <class 'lerobot.cameras.opencv.configuration_opencv.OpenCVCameraConfig'>
DEBUG 2026-08-06 12:27:50 decoding.py:132 Decode name = fps, type = typing.Optional[int]
DEBUG 2026-08-06 12:27:50 decoding.py:293 Decoding a Union field: typing.Optional[int]
DEBUG 2026-08-06 12:27:50 decoding.py:132 Decode name = width, type = typing.Optional[int]
DEBUG 2026-08-06 12:27:50 decoding.py:132 Decode name = height, type = typing.Optional[int]
DEBUG 2026-08-06 12:27:50 decoding.py:132 Decode name = index_or_path, type = typing.Union[int, pathlib.Path]
DEBUG 2026-08-06 12:27:50 decoding.py:293 Decoding a Union field: typing.Union[int, pathlib.Path]
DEBUG 2026-08-06 12:27:50 decoding.py:132 Decode name = fourcc, type = typing.Optional[str]
DEBUG 2026-08-06 12:27:50 decoding.py:112 from_dict for <class 'lerobot.cameras.opencv.configuration_opencv.OpenCVCameraConfig'>
DEBUG 2026-08-06 12:27:50 decoding.py:132 Decode name = fps, type = typing.Optional[int]
DEBUG 2026-08-06 12:27:50 decoding.py:132 Decode name = width, type = typing.Optional[int]
DEBUG 2026-08-06 12:27:50 decoding.py:132 Decode name = height, type = typing.Optional[int]
DEBUG 2026-08-06 12:27:50 decoding.py:132 Decode name = index_or_path, type = typing.Union[int, pathlib.Path]
DEBUG 2026-08-06 12:27:50 decoding.py:132 Decode name = fourcc, type = typing.Optional[str]
DEBUG 2026-08-06 12:27:50 decoding.py:112 from_dict for <class 'lerobot.cameras.opencv.configuration_opencv.OpenCVCameraConfig'>
DEBUG 2026-08-06 12:27:50 decoding.py:132 Decode name = fps, type = typing.Optional[int]
DEBUG 2026-08-06 12:27:50 decoding.py:132 Decode name = width, type = typing.Optional[int]
DEBUG 2026-08-06 12:27:50 decoding.py:132 Decode name = height, type = typing.Optional[int]
DEBUG 2026-08-06 12:27:50 decoding.py:132 Decode name = index_or_path, type = typing.Union[int, pathlib.Path]
DEBUG 2026-08-06 12:27:50 decoding.py:132 Decode name = rotation, type = <enum 'Cv2Rotation'>
DEBUG 2026-08-06 12:27:50 decoding.py:132 Decode name = fourcc, type = typing.Optional[str]
DEBUG 2026-08-06 12:27:50 decoding.py:132 Decode name = right_arm_config, type = <class 'lerobot.robots.so_follower.config_so_follower.SOFollowerConfig'>
DEBUG 2026-08-06 12:27:50 decoding.py:112 from_dict for <class 'lerobot.robots.so_follower.config_so_follower.SOFollowerConfig'>
DEBUG 2026-08-06 12:27:50 decoding.py:132 Decode name = port, type = <class 'str'>
DEBUG 2026-08-06 12:27:50 decoding.py:132 Decode name = actions_per_chunk, type = <class 'int'>
DEBUG 2026-08-06 12:27:50 decoding.py:132 Decode name = task, type = <class 'str'>
DEBUG 2026-08-06 12:27:50 decoding.py:132 Decode name = server_address, type = <class 'str'>
DEBUG 2026-08-06 12:27:50 decoding.py:132 Decode name = policy_device, type = <class 'str'>
DEBUG 2026-08-06 12:27:50 decoding.py:132 Decode name = client_device, type = <class 'str'>
DEBUG 2026-08-06 12:27:50 decoding.py:132 Decode name = fps, type = <class 'int'>
INFO 2026-08-06 12:27:50 t_client.py:486 {'actions_per_chunk': 100,
 'aggregate_fn_name': 'weighted_average',
 'chunk_size_threshold': 0.5,
 'client_device': 'cpu',
 'debug_visualize_queue_size': False,
 'fps': 20,
 'policy_device': 'cuda',
 'policy_type': 'act',
 'pretrained_name_or_path': 'policies/batch7_step40k',
 'robot': {'calibration_dir': None,
           'cameras': {},
           'id': 'guardian_follower',
           'left_arm_config': {'cameras': {'left_wrist': {'backend': <Cv2Backends.ANY: 0>,
                                                          'color_mode': <ColorMode.RGB: 'rgb'>,
                                                          'fourcc': 'MJPG',
                                                          'fps': 20,
                                                          'height': 480,
                                                          'index_or_path': PosixPath('/dev/cam_left_wrist'),
                                                          'rotation': <Cv2Rotation.NO_ROTATION: 0>,
                                                          'warmup_s': 1,
                                                          'width': 640},
                                           'overhead': {'backend': <Cv2Backends.ANY: 0>,
                                                        'color_mode': <ColorMode.RGB: 'rgb'>,
                                                        'fourcc': 'MJPG',
                                                        'fps': 20,
                                                        'height': 480,
                                                        'index_or_path': PosixPath('/dev/cam_overhead'),
                                                        'rotation': <Cv2Rotation.ROTATE_180: 180>,
                                                        'warmup_s': 1,
                                                        'width': 640},
                                           'right_wrist': {'backend': <Cv2Backends.ANY: 0>,
                                                           'color_mode': <ColorMode.RGB: 'rgb'>,
                                                           'fourcc': 'MJPG',
                                                           'fps': 20,
                                                           'height': 480,
                                                           'index_or_path': PosixPath('/dev/cam_right_wrist'),
                                                           'rotation': <Cv2Rotation.NO_ROTATION: 0>,
                                                           'warmup_s': 1,
                                                           'width': 640}},
                               'disable_torque_on_disconnect': True,
                               'max_relative_target': None,
                               'port': '/dev/guardian_left_follower',
                               'use_degrees': True},
           'right_arm_config': {'cameras': {},
                                'disable_torque_on_disconnect': True,
                                'max_relative_target': None,
                                'port': '/dev/guardian_right_follower',
                                'use_degrees': True}},
 'server_address': '10.1.239.122:8080',
 'task': 'Pick up the strawberry and place it in the bin'}
DEBUG 2026-08-06 12:27:50 decoding.py:261 Decoding a Dict field: typing.Dict[str, lerobot.motors.motors_bus.MotorCalibration]
DEBUG 2026-08-06 12:27:50 decoding.py:112 from_dict for <class 'lerobot.motors.motors_bus.MotorCalibration'>
DEBUG 2026-08-06 12:27:50 decoding.py:132 Decode name = id, type = <class 'int'>
DEBUG 2026-08-06 12:27:50 decoding.py:132 Decode name = drive_mode, type = <class 'int'>
DEBUG 2026-08-06 12:27:50 decoding.py:132 Decode name = homing_offset, type = <class 'int'>
DEBUG 2026-08-06 12:27:50 decoding.py:132 Decode name = range_min, type = <class 'int'>
DEBUG 2026-08-06 12:27:50 decoding.py:132 Decode name = range_max, type = <class 'int'>
DEBUG 2026-08-06 12:27:50 decoding.py:112 from_dict for <class 'lerobot.motors.motors_bus.MotorCalibration'>
DEBUG 2026-08-06 12:27:50 decoding.py:132 Decode name = id, type = <class 'int'>
DEBUG 2026-08-06 12:27:50 decoding.py:132 Decode name = drive_mode, type = <class 'int'>
DEBUG 2026-08-06 12:27:50 decoding.py:132 Decode name = homing_offset, type = <class 'int'>
DEBUG 2026-08-06 12:27:50 decoding.py:132 Decode name = range_min, type = <class 'int'>
DEBUG 2026-08-06 12:27:50 decoding.py:132 Decode name = range_max, type = <class 'int'>
DEBUG 2026-08-06 12:27:50 decoding.py:112 from_dict for <class 'lerobot.motors.motors_bus.MotorCalibration'>
DEBUG 2026-08-06 12:27:50 decoding.py:132 Decode name = id, type = <class 'int'>
DEBUG 2026-08-06 12:27:50 decoding.py:132 Decode name = drive_mode, type = <class 'int'>
DEBUG 2026-08-06 12:27:50 decoding.py:132 Decode name = homing_offset, type = <class 'int'>
DEBUG 2026-08-06 12:27:50 decoding.py:132 Decode name = range_min, type = <class 'int'>
DEBUG 2026-08-06 12:27:50 decoding.py:132 Decode name = range_max, type = <class 'int'>
DEBUG 2026-08-06 12:27:50 decoding.py:112 from_dict for <class 'lerobot.motors.motors_bus.MotorCalibration'>
DEBUG 2026-08-06 12:27:50 decoding.py:132 Decode name = id, type = <class 'int'>
DEBUG 2026-08-06 12:27:50 decoding.py:132 Decode name = drive_mode, type = <class 'int'>
DEBUG 2026-08-06 12:27:50 decoding.py:132 Decode name = homing_offset, type = <class 'int'>
DEBUG 2026-08-06 12:27:50 decoding.py:132 Decode name = range_min, type = <class 'int'>
DEBUG 2026-08-06 12:27:50 decoding.py:132 Decode name = range_max, type = <class 'int'>
DEBUG 2026-08-06 12:27:50 decoding.py:112 from_dict for <class 'lerobot.motors.motors_bus.MotorCalibration'>
DEBUG 2026-08-06 12:27:50 decoding.py:132 Decode name = id, type = <class 'int'>
DEBUG 2026-08-06 12:27:50 decoding.py:132 Decode name = drive_mode, type = <class 'int'>
DEBUG 2026-08-06 12:27:50 decoding.py:132 Decode name = homing_offset, type = <class 'int'>
DEBUG 2026-08-06 12:27:50 decoding.py:132 Decode name = range_min, type = <class 'int'>
DEBUG 2026-08-06 12:27:50 decoding.py:132 Decode name = range_max, type = <class 'int'>
DEBUG 2026-08-06 12:27:50 decoding.py:112 from_dict for <class 'lerobot.motors.motors_bus.MotorCalibration'>
DEBUG 2026-08-06 12:27:50 decoding.py:132 Decode name = id, type = <class 'int'>
DEBUG 2026-08-06 12:27:50 decoding.py:132 Decode name = drive_mode, type = <class 'int'>
DEBUG 2026-08-06 12:27:50 decoding.py:132 Decode name = homing_offset, type = <class 'int'>
DEBUG 2026-08-06 12:27:50 decoding.py:132 Decode name = range_min, type = <class 'int'>
DEBUG 2026-08-06 12:27:50 decoding.py:132 Decode name = range_max, type = <class 'int'>
DEBUG 2026-08-06 12:27:50 ort_utils.py:65 Detected feetech-servo-sdk version: 1.0.0
DEBUG 2026-08-06 12:27:50 ort_utils.py:65 Detected pyserial version: 3.5
DEBUG 2026-08-06 12:27:50 ort_utils.py:65 Detected deepdiff version: 8.6.2
DEBUG 2026-08-06 12:27:50 decoding.py:112 from_dict for <class 'lerobot.motors.motors_bus.MotorCalibration'>
DEBUG 2026-08-06 12:27:50 decoding.py:132 Decode name = id, type = <class 'int'>
DEBUG 2026-08-06 12:27:50 decoding.py:132 Decode name = drive_mode, type = <class 'int'>
DEBUG 2026-08-06 12:27:50 decoding.py:132 Decode name = homing_offset, type = <class 'int'>
DEBUG 2026-08-06 12:27:50 decoding.py:132 Decode name = range_min, type = <class 'int'>
DEBUG 2026-08-06 12:27:50 decoding.py:132 Decode name = range_max, type = <class 'int'>
DEBUG 2026-08-06 12:27:50 decoding.py:112 from_dict for <class 'lerobot.motors.motors_bus.MotorCalibration'>
DEBUG 2026-08-06 12:27:50 decoding.py:132 Decode name = id, type = <class 'int'>
DEBUG 2026-08-06 12:27:50 decoding.py:132 Decode name = drive_mode, type = <class 'int'>
DEBUG 2026-08-06 12:27:50 decoding.py:132 Decode name = homing_offset, type = <class 'int'>
DEBUG 2026-08-06 12:27:50 decoding.py:132 Decode name = range_min, type = <class 'int'>
DEBUG 2026-08-06 12:27:50 decoding.py:132 Decode name = range_max, type = <class 'int'>
DEBUG 2026-08-06 12:27:50 decoding.py:112 from_dict for <class 'lerobot.motors.motors_bus.MotorCalibration'>
DEBUG 2026-08-06 12:27:50 decoding.py:132 Decode name = id, type = <class 'int'>
DEBUG 2026-08-06 12:27:50 decoding.py:132 Decode name = drive_mode, type = <class 'int'>
DEBUG 2026-08-06 12:27:50 decoding.py:132 Decode name = homing_offset, type = <class 'int'>
DEBUG 2026-08-06 12:27:50 decoding.py:132 Decode name = range_min, type = <class 'int'>
DEBUG 2026-08-06 12:27:50 decoding.py:132 Decode name = range_max, type = <class 'int'>
DEBUG 2026-08-06 12:27:50 decoding.py:112 from_dict for <class 'lerobot.motors.motors_bus.MotorCalibration'>
DEBUG 2026-08-06 12:27:50 decoding.py:132 Decode name = id, type = <class 'int'>
DEBUG 2026-08-06 12:27:50 decoding.py:132 Decode name = drive_mode, type = <class 'int'>
DEBUG 2026-08-06 12:27:50 decoding.py:132 Decode name = homing_offset, type = <class 'int'>
DEBUG 2026-08-06 12:27:50 decoding.py:132 Decode name = range_min, type = <class 'int'>
DEBUG 2026-08-06 12:27:50 decoding.py:132 Decode name = range_max, type = <class 'int'>
DEBUG 2026-08-06 12:27:50 decoding.py:112 from_dict for <class 'lerobot.motors.motors_bus.MotorCalibration'>
DEBUG 2026-08-06 12:27:50 decoding.py:132 Decode name = id, type = <class 'int'>
DEBUG 2026-08-06 12:27:50 decoding.py:132 Decode name = drive_mode, type = <class 'int'>
DEBUG 2026-08-06 12:27:50 decoding.py:132 Decode name = homing_offset, type = <class 'int'>
DEBUG 2026-08-06 12:27:50 decoding.py:132 Decode name = range_min, type = <class 'int'>
DEBUG 2026-08-06 12:27:50 decoding.py:132 Decode name = range_max, type = <class 'int'>
DEBUG 2026-08-06 12:27:50 decoding.py:112 from_dict for <class 'lerobot.motors.motors_bus.MotorCalibration'>
DEBUG 2026-08-06 12:27:50 decoding.py:132 Decode name = id, type = <class 'int'>
DEBUG 2026-08-06 12:27:50 decoding.py:132 Decode name = drive_mode, type = <class 'int'>
DEBUG 2026-08-06 12:27:50 decoding.py:132 Decode name = homing_offset, type = <class 'int'>
DEBUG 2026-08-06 12:27:50 decoding.py:132 Decode name = range_min, type = <class 'int'>
DEBUG 2026-08-06 12:27:50 decoding.py:132 Decode name = range_max, type = <class 'int'>
DEBUG 2026-08-06 12:27:50 tors_bus.py:527 FeetechMotorsBus connected.
INFO 2026-08-06 12:27:51 a_opencv.py:179 OpenCVCamera(/dev/cam_left_wrist) connected.
INFO 2026-08-06 12:27:53 a_opencv.py:179 OpenCVCamera(/dev/cam_right_wrist) connected.
INFO 2026-08-06 12:27:54 a_opencv.py:179 OpenCVCamera(/dev/cam_overhead) connected.
INFO 2026-08-06 12:27:54 follower.py:109 guardian_follower_left SOFollower connected.
DEBUG 2026-08-06 12:27:54 tors_bus.py:527 FeetechMotorsBus connected.
INFO 2026-08-06 12:27:54 follower.py:109 guardian_follower_right SOFollower connected.
INFO 2026-08-06 12:27:54 t_client.py:114 Initializing client to connect to server at 10.1.239.122:8080
INFO 2026-08-06 12:27:54 t_client.py:133 Robot connected and ready
DEBUG 2026-08-06 12:27:54 t_client.py:150 Connected to policy server in 0.0813s
INFO 2026-08-06 12:27:54 t_client.py:156 Sending policy instructions to policy server
DEBUG 2026-08-06 12:27:54 t_client.py:157 Policy type: act | Pretrained name or path: policies/batch7_step40k | Device: cuda
INFO 2026-08-06 12:27:58 t_client.py:495 Starting action receiver thread...
INFO 2026-08-06 12:27:58 t_client.py:462 Control loop thread starting
INFO 2026-08-06 12:27:58 t_client.py:273 Action receiving thread starting
DEBUG 2026-08-06 12:27:58 follower.py:188 guardian_follower_left SOFollower read state: 1.7ms
DEBUG 2026-08-06 12:27:58 follower.py:196 guardian_follower_left SOFollower read left_wrist: 0.0ms
DEBUG 2026-08-06 12:27:58 follower.py:196 guardian_follower_left SOFollower read right_wrist: 0.0ms
DEBUG 2026-08-06 12:27:58 follower.py:196 guardian_follower_left SOFollower read overhead: 0.0ms
DEBUG 2026-08-06 12:27:58 follower.py:188 guardian_follower_right SOFollower read state: 1.1ms
DEBUG 2026-08-06 12:27:58 t_client.py:198 Observation serialization time: 0.001856s
DEBUG 2026-08-06 12:27:58 ort/utils.py:54 [CLIENT] Observation Buffer size 2.637557029724121 MB with
DEBUG 2026-08-06 12:27:58 ort/utils.py:69 [CLIENT] Observation Sent 2097152/2765679 bytes with state 1
DEBUG 2026-08-06 12:27:58 ort/utils.py:69 [CLIENT] Observation Sent 2765679/2765679 bytes with state 3
DEBUG 2026-08-06 12:27:58 ort/utils.py:71 [CLIENT] Observation Published 2.637557029724121 MB
DEBUG 2026-08-06 12:27:58 t_client.py:209 Sent observation #0 | 
DEBUG 2026-08-06 12:27:58 t_client.py:434 QUEUE SIZE: 0 (Must go: True)
DEBUG 2026-08-06 12:27:58 t_client.py:477 Control loop (ms): 514.78
DEBUG 2026-08-06 12:27:58 follower.py:188 guardian_follower_left SOFollower read state: 1.4ms
DEBUG 2026-08-06 12:27:58 follower.py:196 guardian_follower_left SOFollower read left_wrist: 0.0ms
DEBUG 2026-08-06 12:27:58 follower.py:196 guardian_follower_left SOFollower read right_wrist: 0.0ms
DEBUG 2026-08-06 12:27:58 follower.py:196 guardian_follower_left SOFollower read overhead: 0.0ms
DEBUG 2026-08-06 12:27:58 follower.py:188 guardian_follower_right SOFollower read state: 0.9ms
DEBUG 2026-08-06 12:27:58 t_client.py:198 Observation serialization time: 0.000961s
DEBUG 2026-08-06 12:27:58 ort/utils.py:54 [CLIENT] Observation Buffer size 2.637557029724121 MB with
DEBUG 2026-08-06 12:27:58 ort/utils.py:69 [CLIENT] Observation Sent 2097152/2765679 bytes with state 1
DEBUG 2026-08-06 12:27:59 ort/utils.py:69 [CLIENT] Observation Sent 2765679/2765679 bytes with state 3
DEBUG 2026-08-06 12:27:59 ort/utils.py:71 [CLIENT] Observation Published 2.637557029724121 MB
DEBUG 2026-08-06 12:27:59 t_client.py:209 Sent observation #0 | 
DEBUG 2026-08-06 12:27:59 t_client.py:434 QUEUE SIZE: 0 (Must go: False)
DEBUG 2026-08-06 12:27:59 t_client.py:477 Control loop (ms): 891.67
DEBUG 2026-08-06 12:27:59 follower.py:188 guardian_follower_left SOFollower read state: 1.4ms
DEBUG 2026-08-06 12:27:59 follower.py:196 guardian_follower_left SOFollower read left_wrist: 0.0ms
DEBUG 2026-08-06 12:27:59 follower.py:196 guardian_follower_left SOFollower read right_wrist: 0.0ms
DEBUG 2026-08-06 12:27:59 follower.py:196 guardian_follower_left SOFollower read overhead: 0.0ms
DEBUG 2026-08-06 12:27:59 follower.py:188 guardian_follower_right SOFollower read state: 1.0ms
DEBUG 2026-08-06 12:27:59 t_client.py:198 Observation serialization time: 0.002034s
DEBUG 2026-08-06 12:27:59 ort/utils.py:54 [CLIENT] Observation Buffer size 2.637557029724121 MB with
DEBUG 2026-08-06 12:27:59 t_client.py:292 Received actions on device: cpu
DEBUG 2026-08-06 12:27:59 t_client.py:302 Actions kept on device: cpu
DEBUG 2026-08-06 12:27:59 ort/utils.py:69 [CLIENT] Observation Sent 2097152/2765679 bytes with state 1
DEBUG 2026-08-06 12:27:59 ort/utils.py:69 [CLIENT] Observation Sent 2765679/2765679 bytes with state 3
DEBUG 2026-08-06 12:27:59 ort/utils.py:71 [CLIENT] Observation Published 2.637557029724121 MB
DEBUG 2026-08-06 12:28:00 t_client.py:209 Sent observation #0 | 
DEBUG 2026-08-06 12:28:00 t_client.py:434 QUEUE SIZE: 0 (Must go: False)
DEBUG 2026-08-06 12:28:00 t_client.py:477 Control loop (ms): 674.01
DEBUG 2026-08-06 12:28:00 t_client.py:477 Control loop (ms): 1.35
DEBUG 2026-08-06 12:28:00 t_client.py:477 Control loop (ms): 0.39
DEBUG 2026-08-06 12:28:00 t_client.py:477 Control loop (ms): 0.46
DEBUG 2026-08-06 12:28:00 t_client.py:477 Control loop (ms): 0.41
DEBUG 2026-08-06 12:28:00 t_client.py:477 Control loop (ms): 0.48
DEBUG 2026-08-06 12:28:00 t_client.py:477 Control loop (ms): 0.39
DEBUG 2026-08-06 12:28:00 t_client.py:477 Control loop (ms): 0.48
DEBUG 2026-08-06 12:28:00 t_client.py:477 Control loop (ms): 0.52
DEBUG 2026-08-06 12:28:00 t_client.py:477 Control loop (ms): 0.48
DEBUG 2026-08-06 12:28:00 t_client.py:477 Control loop (ms): 0.46
DEBUG 2026-08-06 12:28:00 t_client.py:477 Control loop (ms): 0.27
DEBUG 2026-08-06 12:28:00 t_client.py:477 Control loop (ms): 0.26
DEBUG 2026-08-06 12:28:00 t_client.py:477 Control loop (ms): 0.26
DEBUG 2026-08-06 12:28:00 t_client.py:477 Control loop (ms): 0.42
DEBUG 2026-08-06 12:28:00 t_client.py:477 Control loop (ms): 0.39
DEBUG 2026-08-06 12:28:00 t_client.py:477 Control loop (ms): 0.41
DEBUG 2026-08-06 12:28:00 t_client.py:477 Control loop (ms): 0.39
DEBUG 2026-08-06 12:28:00 t_client.py:477 Control loop (ms): 0.36
DEBUG 2026-08-06 12:28:00 t_client.py:477 Control loop (ms): 0.30
DEBUG 2026-08-06 12:28:01 t_client.py:477 Control loop (ms): 0.37
DEBUG 2026-08-06 12:28:01 t_client.py:477 Control loop (ms): 0.41
DEBUG 2026-08-06 12:28:01 t_client.py:477 Control loop (ms): 0.38
DEBUG 2026-08-06 12:28:01 t_client.py:477 Control loop (ms): 0.37
DEBUG 2026-08-06 12:28:01 t_client.py:477 Control loop (ms): 0.39
DEBUG 2026-08-06 12:28:01 t_client.py:477 Control loop (ms): 0.42
DEBUG 2026-08-06 12:28:01 t_client.py:477 Control loop (ms): 0.36
DEBUG 2026-08-06 12:28:01 t_client.py:477 Control loop (ms): 0.25
DEBUG 2026-08-06 12:28:01 t_client.py:477 Control loop (ms): 0.38
DEBUG 2026-08-06 12:28:01 t_client.py:477 Control loop (ms): 0.29
DEBUG 2026-08-06 12:28:01 t_client.py:477 Control loop (ms): 0.39
DEBUG 2026-08-06 12:28:01 t_client.py:477 Control loop (ms): 0.25
DEBUG 2026-08-06 12:28:01 t_client.py:477 Control loop (ms): 0.39
DEBUG 2026-08-06 12:28:01 t_client.py:477 Control loop (ms): 0.34
DEBUG 2026-08-06 12:28:01 t_client.py:477 Control loop (ms): 0.34
DEBUG 2026-08-06 12:28:01 t_client.py:477 Control loop (ms): 0.25
DEBUG 2026-08-06 12:28:01 t_client.py:477 Control loop (ms): 0.35
DEBUG 2026-08-06 12:28:01 t_client.py:477 Control loop (ms): 0.38
DEBUG 2026-08-06 12:28:01 t_client.py:477 Control loop (ms): 0.45
DEBUG 2026-08-06 12:28:01 t_client.py:477 Control loop (ms): 0.39
DEBUG 2026-08-06 12:28:02 t_client.py:477 Control loop (ms): 0.47
DEBUG 2026-08-06 12:28:02 t_client.py:477 Control loop (ms): 0.24
DEBUG 2026-08-06 12:28:02 t_client.py:477 Control loop (ms): 0.50
DEBUG 2026-08-06 12:28:02 t_client.py:477 Control loop (ms): 0.28
DEBUG 2026-08-06 12:28:02 t_client.py:477 Control loop (ms): 0.41
DEBUG 2026-08-06 12:28:02 t_client.py:477 Control loop (ms): 0.34
DEBUG 2026-08-06 12:28:02 t_client.py:477 Control loop (ms): 0.28
DEBUG 2026-08-06 12:28:02 t_client.py:477 Control loop (ms): 0.35
DEBUG 2026-08-06 12:28:02 t_client.py:477 Control loop (ms): 0.38
DEBUG 2026-08-06 12:28:02 t_client.py:477 Control loop (ms): 0.25
DEBUG 2026-08-06 12:28:02 follower.py:188 guardian_follower_left SOFollower read state: 1.3ms
DEBUG 2026-08-06 12:28:02 follower.py:196 guardian_follower_left SOFollower read left_wrist: 0.0ms
DEBUG 2026-08-06 12:28:02 follower.py:196 guardian_follower_left SOFollower read right_wrist: 0.0ms
DEBUG 2026-08-06 12:28:02 follower.py:196 guardian_follower_left SOFollower read overhead: 0.0ms
DEBUG 2026-08-06 12:28:02 follower.py:188 guardian_follower_right SOFollower read state: 0.9ms
DEBUG 2026-08-06 12:28:02 t_client.py:198 Observation serialization time: 0.001744s
DEBUG 2026-08-06 12:28:02 ort/utils.py:54 [CLIENT] Observation Buffer size 2.637557029724121 MB with
DEBUG 2026-08-06 12:28:02 ort/utils.py:69 [CLIENT] Observation Sent 2097152/2765679 bytes with state 1
DEBUG 2026-08-06 12:28:02 ort/utils.py:69 [CLIENT] Observation Sent 2765679/2765679 bytes with state 3
DEBUG 2026-08-06 12:28:02 ort/utils.py:71 [CLIENT] Observation Published 2.637557029724121 MB
DEBUG 2026-08-06 12:28:03 t_client.py:209 Sent observation #49 | 
DEBUG 2026-08-06 12:28:03 t_client.py:434 QUEUE SIZE: 50 (Must go: False)
DEBUG 2026-08-06 12:28:03 t_client.py:477 Control loop (ms): 606.14
DEBUG 2026-08-06 12:28:03 follower.py:188 guardian_follower_left SOFollower read state: 1.4ms
DEBUG 2026-08-06 12:28:03 follower.py:196 guardian_follower_left SOFollower read left_wrist: 0.0ms
DEBUG 2026-08-06 12:28:03 follower.py:196 guardian_follower_left SOFollower read right_wrist: 0.0ms
DEBUG 2026-08-06 12:28:03 follower.py:196 guardian_follower_left SOFollower read overhead: 0.0ms
DEBUG 2026-08-06 12:28:03 follower.py:188 guardian_follower_right SOFollower read state: 0.9ms
DEBUG 2026-08-06 12:28:03 t_client.py:198 Observation serialization time: 0.001635s
DEBUG 2026-08-06 12:28:03 ort/utils.py:54 [CLIENT] Observation Buffer size 2.637557029724121 MB with
DEBUG 2026-08-06 12:28:03 ort/utils.py:69 [CLIENT] Observation Sent 2097152/2765679 bytes with state 1
DEBUG 2026-08-06 12:28:03 ort/utils.py:69 [CLIENT] Observation Sent 2765679/2765679 bytes with state 3
DEBUG 2026-08-06 12:28:03 ort/utils.py:71 [CLIENT] Observation Published 2.637557029724121 MB
DEBUG 2026-08-06 12:28:03 t_client.py:209 Sent observation #50 | 
DEBUG 2026-08-06 12:28:03 t_client.py:434 QUEUE SIZE: 49 (Must go: False)
DEBUG 2026-08-06 12:28:03 t_client.py:477 Control loop (ms): 531.36
DEBUG 2026-08-06 12:28:03 follower.py:188 guardian_follower_left SOFollower read state: 1.6ms
DEBUG 2026-08-06 12:28:03 follower.py:196 guardian_follower_left SOFollower read left_wrist: 0.0ms
DEBUG 2026-08-06 12:28:03 follower.py:196 guardian_follower_left SOFollower read right_wrist: 0.0ms
DEBUG 2026-08-06 12:28:03 follower.py:196 guardian_follower_left SOFollower read overhead: 0.0ms
DEBUG 2026-08-06 12:28:03 follower.py:188 guardian_follower_right SOFollower read state: 1.0ms
DEBUG 2026-08-06 12:28:03 t_client.py:198 Observation serialization time: 0.002129s
DEBUG 2026-08-06 12:28:03 ort/utils.py:54 [CLIENT] Observation Buffer size 2.637557029724121 MB with
DEBUG 2026-08-06 12:28:03 t_client.py:292 Received actions on device: cpu
DEBUG 2026-08-06 12:28:03 t_client.py:302 Actions kept on device: cpu
DEBUG 2026-08-06 12:28:03 ort/utils.py:69 [CLIENT] Observation Sent 2097152/2765679 bytes with state 1
DEBUG 2026-08-06 12:28:03 ort/utils.py:69 [CLIENT] Observation Sent 2765679/2765679 bytes with state 3
DEBUG 2026-08-06 12:28:03 ort/utils.py:71 [CLIENT] Observation Published 2.637557029724121 MB
DEBUG 2026-08-06 12:28:04 t_client.py:209 Sent observation #51 | 
DEBUG 2026-08-06 12:28:04 t_client.py:434 QUEUE SIZE: 48 (Must go: False)
DEBUG 2026-08-06 12:28:04 t_client.py:477 Control loop (ms): 522.25
DEBUG 2026-08-06 12:28:04 t_client.py:477 Control loop (ms): 0.51
DEBUG 2026-08-06 12:28:04 t_client.py:477 Control loop (ms): 0.45
DEBUG 2026-08-06 12:28:04 t_client.py:477 Control loop (ms): 0.39
DEBUG 2026-08-06 12:28:04 t_client.py:477 Control loop (ms): 0.58
DEBUG 2026-08-06 12:28:04 t_client.py:477 Control loop (ms): 0.40
DEBUG 2026-08-06 12:28:04 t_client.py:477 Control loop (ms): 0.47
DEBUG 2026-08-06 12:28:04 t_client.py:477 Control loop (ms): 0.44
DEBUG 2026-08-06 12:28:04 t_client.py:477 Control loop (ms): 0.46
DEBUG 2026-08-06 12:28:04 t_client.py:477 Control loop (ms): 0.37
DEBUG 2026-08-06 12:28:04 t_client.py:477 Control loop (ms): 0.33
DEBUG 2026-08-06 12:28:04 t_client.py:477 Control loop (ms): 0.31
DEBUG 2026-08-06 12:28:04 t_client.py:477 Control loop (ms): 0.37
DEBUG 2026-08-06 12:28:04 t_client.py:477 Control loop (ms): 0.36
DEBUG 2026-08-06 12:28:04 t_client.py:477 Control loop (ms): 0.39
DEBUG 2026-08-06 12:28:04 t_client.py:477 Control loop (ms): 0.40
DEBUG 2026-08-06 12:28:04 t_client.py:477 Control loop (ms): 0.24
DEBUG 2026-08-06 12:28:05 t_client.py:477 Control loop (ms): 0.38
DEBUG 2026-08-06 12:28:05 t_client.py:477 Control loop (ms): 0.43
DEBUG 2026-08-06 12:28:05 t_client.py:477 Control loop (ms): 0.34
DEBUG 2026-08-06 12:28:05 t_client.py:477 Control loop (ms): 0.44
DEBUG 2026-08-06 12:28:05 t_client.py:477 Control loop (ms): 0.41
DEBUG 2026-08-06 12:28:05 t_client.py:477 Control loop (ms): 0.41
DEBUG 2026-08-06 12:28:05 t_client.py:477 Control loop (ms): 0.39
DEBUG 2026-08-06 12:28:05 t_client.py:477 Control loop (ms): 0.44
DEBUG 2026-08-06 12:28:05 t_client.py:477 Control loop (ms): 0.32
DEBUG 2026-08-06 12:28:05 t_client.py:477 Control loop (ms): 0.32
DEBUG 2026-08-06 12:28:05 t_client.py:477 Control loop (ms): 0.27
DEBUG 2026-08-06 12:28:05 t_client.py:477 Control loop (ms): 0.30
DEBUG 2026-08-06 12:28:05 t_client.py:477 Control loop (ms): 1.14
DEBUG 2026-08-06 12:28:05 t_client.py:477 Control loop (ms): 0.60
DEBUG 2026-08-06 12:28:05 t_client.py:477 Control loop (ms): 0.37
DEBUG 2026-08-06 12:28:05 t_client.py:477 Control loop (ms): 0.36
DEBUG 2026-08-06 12:28:05 t_client.py:477 Control loop (ms): 0.43
DEBUG 2026-08-06 12:28:05 t_client.py:477 Control loop (ms): 0.48
DEBUG 2026-08-06 12:28:05 t_client.py:477 Control loop (ms): 0.35
DEBUG 2026-08-06 12:28:05 t_client.py:477 Control loop (ms): 0.36
DEBUG 2026-08-06 12:28:06 t_client.py:477 Control loop (ms): 0.40
DEBUG 2026-08-06 12:28:06 t_client.py:477 Control loop (ms): 0.39
DEBUG 2026-08-06 12:28:06 t_client.py:477 Control loop (ms): 0.38
DEBUG 2026-08-06 12:28:06 t_client.py:477 Control loop (ms): 0.25
DEBUG 2026-08-06 12:28:06 t_client.py:477 Control loop (ms): 0.37
DEBUG 2026-08-06 12:28:06 t_client.py:477 Control loop (ms): 0.34
DEBUG 2026-08-06 12:28:06 t_client.py:477 Control loop (ms): 0.37
DEBUG 2026-08-06 12:28:06 t_client.py:477 Control loop (ms): 0.30
DEBUG 2026-08-06 12:28:06 t_client.py:477 Control loop (ms): 0.39
DEBUG 2026-08-06 12:28:06 t_client.py:477 Control loop (ms): 0.31
DEBUG 2026-08-06 12:28:06 follower.py:188 guardian_follower_left SOFollower read state: 1.3ms
DEBUG 2026-08-06 12:28:06 follower.py:196 guardian_follower_left SOFollower read left_wrist: 0.0ms
DEBUG 2026-08-06 12:28:06 follower.py:196 guardian_follower_left SOFollower read right_wrist: 0.0ms
DEBUG 2026-08-06 12:28:06 follower.py:196 guardian_follower_left SOFollower read overhead: 0.0ms
DEBUG 2026-08-06 12:28:06 follower.py:188 guardian_follower_right SOFollower read state: 0.9ms
DEBUG 2026-08-06 12:28:06 t_client.py:198 Observation serialization time: 0.001646s
DEBUG 2026-08-06 12:28:06 ort/utils.py:54 [CLIENT] Observation Buffer size 2.637557029724121 MB with
DEBUG 2026-08-06 12:28:06 ort/utils.py:69 [CLIENT] Observation Sent 2097152/2765679 bytes with state 1
DEBUG 2026-08-06 12:28:06 ort/utils.py:69 [CLIENT] Observation Sent 2765679/2765679 bytes with state 3
DEBUG 2026-08-06 12:28:06 ort/utils.py:71 [CLIENT] Observation Published 2.637557029724121 MB
DEBUG 2026-08-06 12:28:07 t_client.py:209 Sent observation #98 | 
DEBUG 2026-08-06 12:28:07 t_client.py:434 QUEUE SIZE: 50 (Must go: False)
DEBUG 2026-08-06 12:28:07 t_client.py:477 Control loop (ms): 569.64
DEBUG 2026-08-06 12:28:07 follower.py:188 guardian_follower_left SOFollower read state: 1.4ms
DEBUG 2026-08-06 12:28:07 follower.py:196 guardian_follower_left SOFollower read left_wrist: 0.0ms
DEBUG 2026-08-06 12:28:07 follower.py:196 guardian_follower_left SOFollower read right_wrist: 0.0ms
DEBUG 2026-08-06 12:28:07 follower.py:196 guardian_follower_left SOFollower read overhead: 0.0ms
DEBUG 2026-08-06 12:28:07 follower.py:188 guardian_follower_right SOFollower read state: 0.9ms
DEBUG 2026-08-06 12:28:07 t_client.py:198 Observation serialization time: 0.001641s
DEBUG 2026-08-06 12:28:07 ort/utils.py:54 [CLIENT] Observation Buffer size 2.637557029724121 MB with
DEBUG 2026-08-06 12:28:07 ort/utils.py:69 [CLIENT] Observation Sent 2097152/2765679 bytes with state 1
DEBUG 2026-08-06 12:28:07 ort/utils.py:69 [CLIENT] Observation Sent 2765679/2765679 bytes with state 3
DEBUG 2026-08-06 12:28:07 ort/utils.py:71 [CLIENT] Observation Published 2.637557029724121 MB
DEBUG 2026-08-06 12:28:07 t_client.py:209 Sent observation #99 | 
DEBUG 2026-08-06 12:28:07 t_client.py:434 QUEUE SIZE: 49 (Must go: False)
DEBUG 2026-08-06 12:28:07 t_client.py:477 Control loop (ms): 572.47
DEBUG 2026-08-06 12:28:07 follower.py:188 guardian_follower_left SOFollower read state: 1.4ms
DEBUG 2026-08-06 12:28:07 follower.py:196 guardian_follower_left SOFollower read left_wrist: 0.0ms
DEBUG 2026-08-06 12:28:07 follower.py:196 guardian_follower_left SOFollower read right_wrist: 0.0ms
DEBUG 2026-08-06 12:28:07 follower.py:196 guardian_follower_left SOFollower read overhead: 0.0ms
DEBUG 2026-08-06 12:28:07 follower.py:188 guardian_follower_right SOFollower read state: 1.0ms
DEBUG 2026-08-06 12:28:07 t_client.py:198 Observation serialization time: 0.001895s
DEBUG 2026-08-06 12:28:07 ort/utils.py:54 [CLIENT] Observation Buffer size 2.637557029724121 MB with
DEBUG 2026-08-06 12:28:07 t_client.py:292 Received actions on device: cpu
DEBUG 2026-08-06 12:28:07 t_client.py:302 Actions kept on device: cpu
DEBUG 2026-08-06 12:28:07 ort/utils.py:69 [CLIENT] Observation Sent 2097152/2765679 bytes with state 1
DEBUG 2026-08-06 12:28:07 ort/utils.py:69 [CLIENT] Observation Sent 2765679/2765679 bytes with state 3
DEBUG 2026-08-06 12:28:07 ort/utils.py:71 [CLIENT] Observation Published 2.637557029724121 MB
DEBUG 2026-08-06 12:28:08 t_client.py:209 Sent observation #100 | 
DEBUG 2026-08-06 12:28:08 t_client.py:434 QUEUE SIZE: 48 (Must go: False)
DEBUG 2026-08-06 12:28:08 t_client.py:477 Control loop (ms): 621.86
DEBUG 2026-08-06 12:28:08 t_client.py:477 Control loop (ms): 0.95
DEBUG 2026-08-06 12:28:08 t_client.py:292 Received actions on device: cpu
DEBUG 2026-08-06 12:28:08 t_client.py:302 Actions kept on device: cpu
DEBUG 2026-08-06 12:28:08 t_client.py:477 Control loop (ms): 0.45
DEBUG 2026-08-06 12:28:08 t_client.py:477 Control loop (ms): 0.34
DEBUG 2026-08-06 12:28:08 t_client.py:292 Received actions on device: cpu
DEBUG 2026-08-06 12:28:08 t_client.py:302 Actions kept on device: cpu
DEBUG 2026-08-06 12:28:08 t_client.py:477 Control loop (ms): 0.35
DEBUG 2026-08-06 12:28:08 t_client.py:477 Control loop (ms): 0.27
DEBUG 2026-08-06 12:28:08 t_client.py:477 Control loop (ms): 0.34
DEBUG 2026-08-06 12:28:08 t_client.py:477 Control loop (ms): 0.43
DEBUG 2026-08-06 12:28:08 t_client.py:477 Control loop (ms): 0.36
DEBUG 2026-08-06 12:28:08 t_client.py:477 Control loop (ms): 0.30
DEBUG 2026-08-06 12:28:08 t_client.py:477 Control loop (ms): 0.37
DEBUG 2026-08-06 12:28:08 t_client.py:477 Control loop (ms): 0.26
DEBUG 2026-08-06 12:28:08 t_client.py:477 Control loop (ms): 0.32
DEBUG 2026-08-06 12:28:08 t_client.py:477 Control loop (ms): 0.23
DEBUG 2026-08-06 12:28:08 t_client.py:477 Control loop (ms): 0.44
DEBUG 2026-08-06 12:28:08 t_client.py:477 Control loop (ms): 0.37
DEBUG 2026-08-06 12:28:09 t_client.py:477 Control loop (ms): 0.27
DEBUG 2026-08-06 12:28:09 t_client.py:477 Control loop (ms): 0.48
DEBUG 2026-08-06 12:28:09 t_client.py:477 Control loop (ms): 0.42
DEBUG 2026-08-06 12:28:09 t_client.py:477 Control loop (ms): 0.35
DEBUG 2026-08-06 12:28:09 t_client.py:477 Control loop (ms): 0.38
DEBUG 2026-08-06 12:28:09 t_client.py:477 Control loop (ms): 0.42
DEBUG 2026-08-06 12:28:09 t_client.py:477 Control loop (ms): 0.37
DEBUG 2026-08-06 12:28:09 t_client.py:477 Control loop (ms): 0.34
DEBUG 2026-08-06 12:28:09 t_client.py:477 Control loop (ms): 0.33
DEBUG 2026-08-06 12:28:09 t_client.py:477 Control loop (ms): 0.42
DEBUG 2026-08-06 12:28:09 t_client.py:477 Control loop (ms): 0.25
DEBUG 2026-08-06 12:28:09 t_client.py:477 Control loop (ms): 0.31
DEBUG 2026-08-06 12:28:09 t_client.py:477 Control loop (ms): 0.43
DEBUG 2026-08-06 12:28:09 t_client.py:477 Control loop (ms): 0.32
DEBUG 2026-08-06 12:28:09 t_client.py:477 Control loop (ms): 0.39
DEBUG 2026-08-06 12:28:09 t_client.py:477 Control loop (ms): 0.34
DEBUG 2026-08-06 12:28:09 t_client.py:477 Control loop (ms): 0.38
DEBUG 2026-08-06 12:28:09 t_client.py:477 Control loop (ms): 0.32
DEBUG 2026-08-06 12:28:09 t_client.py:477 Control loop (ms): 0.41
DEBUG 2026-08-06 12:28:09 t_client.py:477 Control loop (ms): 0.36
DEBUG 2026-08-06 12:28:10 t_client.py:477 Control loop (ms): 0.34
DEBUG 2026-08-06 12:28:10 t_client.py:477 Control loop (ms): 0.36
DEBUG 2026-08-06 12:28:10 t_client.py:477 Control loop (ms): 0.41
DEBUG 2026-08-06 12:28:10 t_client.py:477 Control loop (ms): 0.45
DEBUG 2026-08-06 12:28:10 t_client.py:477 Control loop (ms): 0.45
DEBUG 2026-08-06 12:28:10 t_client.py:477 Control loop (ms): 0.38
DEBUG 2026-08-06 12:28:10 t_client.py:477 Control loop (ms): 0.46
DEBUG 2026-08-06 12:28:10 t_client.py:477 Control loop (ms): 0.32
DEBUG 2026-08-06 12:28:10 t_client.py:477 Control loop (ms): 0.35
DEBUG 2026-08-06 12:28:10 t_client.py:477 Control loop (ms): 0.30
DEBUG 2026-08-06 12:28:10 t_client.py:477 Control loop (ms): 0.35
DEBUG 2026-08-06 12:28:10 t_client.py:477 Control loop (ms): 0.37
DEBUG 2026-08-06 12:28:10 t_client.py:477 Control loop (ms): 0.41
DEBUG 2026-08-06 12:28:10 follower.py:188 guardian_follower_left SOFollower read state: 1.4ms
DEBUG 2026-08-06 12:28:10 follower.py:196 guardian_follower_left SOFollower read left_wrist: 0.0ms
DEBUG 2026-08-06 12:28:10 follower.py:196 guardian_follower_left SOFollower read right_wrist: 0.0ms
DEBUG 2026-08-06 12:28:10 follower.py:196 guardian_follower_left SOFollower read overhead: 0.0ms
DEBUG 2026-08-06 12:28:10 follower.py:188 guardian_follower_right SOFollower read state: 0.9ms
DEBUG 2026-08-06 12:28:10 t_client.py:198 Observation serialization time: 0.001814s
DEBUG 2026-08-06 12:28:10 ort/utils.py:54 [CLIENT] Observation Buffer size 2.637557029724121 MB with
DEBUG 2026-08-06 12:28:10 ort/utils.py:69 [CLIENT] Observation Sent 2097152/2765679 bytes with state 1
DEBUG 2026-08-06 12:28:10 ort/utils.py:69 [CLIENT] Observation Sent 2765679/2765679 bytes with state 3
DEBUG 2026-08-06 12:28:10 ort/utils.py:71 [CLIENT] Observation Published 2.637557029724121 MB
DEBUG 2026-08-06 12:28:11 t_client.py:209 Sent observation #149 | 
DEBUG 2026-08-06 12:28:11 t_client.py:434 QUEUE SIZE: 50 (Must go: False)
DEBUG 2026-08-06 12:28:11 t_client.py:477 Control loop (ms): 441.13
DEBUG 2026-08-06 12:28:11 follower.py:188 guardian_follower_left SOFollower read state: 1.3ms
DEBUG 2026-08-06 12:28:11 follower.py:196 guardian_follower_left SOFollower read left_wrist: 0.0ms
DEBUG 2026-08-06 12:28:11 follower.py:196 guardian_follower_left SOFollower read right_wrist: 0.0ms
DEBUG 2026-08-06 12:28:11 follower.py:196 guardian_follower_left SOFollower read overhead: 0.0ms
DEBUG 2026-08-06 12:28:11 follower.py:188 guardian_follower_right SOFollower read state: 0.9ms
DEBUG 2026-08-06 12:28:11 t_client.py:198 Observation serialization time: 0.002128s
DEBUG 2026-08-06 12:28:11 ort/utils.py:54 [CLIENT] Observation Buffer size 2.637557029724121 MB with
DEBUG 2026-08-06 12:28:11 ort/utils.py:69 [CLIENT] Observation Sent 2097152/2765679 bytes with state 1
DEBUG 2026-08-06 12:28:11 ort/utils.py:69 [CLIENT] Observation Sent 2765679/2765679 bytes with state 3
DEBUG 2026-08-06 12:28:11 ort/utils.py:71 [CLIENT] Observation Published 2.637557029724121 MB
DEBUG 2026-08-06 12:28:11 t_client.py:292 Received actions on device: cpu
DEBUG 2026-08-06 12:28:11 t_client.py:302 Actions kept on device: cpu
DEBUG 2026-08-06 12:28:11 t_client.py:209 Sent observation #150 | 
DEBUG 2026-08-06 12:28:11 t_client.py:434 QUEUE SIZE: 49 (Must go: False)
DEBUG 2026-08-06 12:28:11 t_client.py:477 Control loop (ms): 643.67
DEBUG 2026-08-06 12:28:11 t_client.py:477 Control loop (ms): 0.50
DEBUG 2026-08-06 12:28:11 t_client.py:477 Control loop (ms): 0.45
DEBUG 2026-08-06 12:28:11 t_client.py:292 Received actions on device: cpu
DEBUG 2026-08-06 12:28:11 t_client.py:302 Actions kept on device: cpu
DEBUG 2026-08-06 12:28:11 t_client.py:477 Control loop (ms): 0.41
DEBUG 2026-08-06 12:28:11 t_client.py:477 Control loop (ms): 0.33
DEBUG 2026-08-06 12:28:11 t_client.py:477 Control loop (ms): 0.32
DEBUG 2026-08-06 12:28:12 t_client.py:477 Control loop (ms): 0.30
DEBUG 2026-08-06 12:28:12 t_client.py:477 Control loop (ms): 0.30
DEBUG 2026-08-06 12:28:12 t_client.py:477 Control loop (ms): 0.33
DEBUG 2026-08-06 12:28:12 t_client.py:477 Control loop (ms): 0.29
DEBUG 2026-08-06 12:28:12 t_client.py:477 Control loop (ms): 0.37
DEBUG 2026-08-06 12:28:12 t_client.py:477 Control loop (ms): 0.32
DEBUG 2026-08-06 12:28:12 t_client.py:477 Control loop (ms): 0.29
DEBUG 2026-08-06 12:28:12 t_client.py:477 Control loop (ms): 0.40
DEBUG 2026-08-06 12:28:12 t_client.py:477 Control loop (ms): 0.31
DEBUG 2026-08-06 12:28:12 t_client.py:477 Control loop (ms): 0.31
DEBUG 2026-08-06 12:28:12 t_client.py:477 Control loop (ms): 0.31
DEBUG 2026-08-06 12:28:12 t_client.py:477 Control loop (ms): 0.31
DEBUG 2026-08-06 12:28:12 t_client.py:477 Control loop (ms): 0.30
DEBUG 2026-08-06 12:28:12 t_client.py:477 Control loop (ms): 0.32
DEBUG 2026-08-06 12:28:12 t_client.py:477 Control loop (ms): 0.30
DEBUG 2026-08-06 12:28:12 t_client.py:477 Control loop (ms): 0.29
DEBUG 2026-08-06 12:28:12 t_client.py:477 Control loop (ms): 0.30
DEBUG 2026-08-06 12:28:12 t_client.py:477 Control loop (ms): 0.32
DEBUG 2026-08-06 12:28:12 t_client.py:477 Control loop (ms): 0.29
DEBUG 2026-08-06 12:28:12 t_client.py:477 Control loop (ms): 0.29
DEBUG 2026-08-06 12:28:13 t_client.py:477 Control loop (ms): 0.32
DEBUG 2026-08-06 12:28:13 t_client.py:477 Control loop (ms): 0.29
DEBUG 2026-08-06 12:28:13 t_client.py:477 Control loop (ms): 0.28
DEBUG 2026-08-06 12:28:13 t_client.py:477 Control loop (ms): 0.34
DEBUG 2026-08-06 12:28:13 t_client.py:477 Control loop (ms): 0.29
DEBUG 2026-08-06 12:28:13 t_client.py:477 Control loop (ms): 0.29
DEBUG 2026-08-06 12:28:13 t_client.py:477 Control loop (ms): 0.33
DEBUG 2026-08-06 12:28:13 t_client.py:477 Control loop (ms): 0.45
DEBUG 2026-08-06 12:28:13 t_client.py:477 Control loop (ms): 0.35
DEBUG 2026-08-06 12:28:13 t_client.py:477 Control loop (ms): 0.32
DEBUG 2026-08-06 12:28:13 t_client.py:477 Control loop (ms): 0.30
DEBUG 2026-08-06 12:28:13 t_client.py:477 Control loop (ms): 0.31
DEBUG 2026-08-06 12:28:13 t_client.py:477 Control loop (ms): 0.39
DEBUG 2026-08-06 12:28:13 t_client.py:477 Control loop (ms): 0.57
DEBUG 2026-08-06 12:28:13 t_client.py:477 Control loop (ms): 0.50
DEBUG 2026-08-06 12:28:13 t_client.py:477 Control loop (ms): 0.45
DEBUG 2026-08-06 12:28:13 t_client.py:477 Control loop (ms): 0.38
DEBUG 2026-08-06 12:28:13 t_client.py:477 Control loop (ms): 0.37
DEBUG 2026-08-06 12:28:13 t_client.py:477 Control loop (ms): 0.36
DEBUG 2026-08-06 12:28:13 t_client.py:477 Control loop (ms): 0.43
DEBUG 2026-08-06 12:28:14 t_client.py:477 Control loop (ms): 0.35
DEBUG 2026-08-06 12:28:14 t_client.py:477 Control loop (ms): 0.40
DEBUG 2026-08-06 12:28:14 t_client.py:477 Control loop (ms): 0.33
DEBUG 2026-08-06 12:28:14 follower.py:188 guardian_follower_left SOFollower read state: 1.3ms
DEBUG 2026-08-06 12:28:14 follower.py:196 guardian_follower_left SOFollower read left_wrist: 0.0ms
DEBUG 2026-08-06 12:28:14 follower.py:196 guardian_follower_left SOFollower read right_wrist: 0.0ms
DEBUG 2026-08-06 12:28:14 follower.py:196 guardian_follower_left SOFollower read overhead: 0.0ms
DEBUG 2026-08-06 12:28:14 follower.py:188 guardian_follower_right SOFollower read state: 0.9ms
DEBUG 2026-08-06 12:28:14 t_client.py:198 Observation serialization time: 0.001611s
DEBUG 2026-08-06 12:28:14 ort/utils.py:54 [CLIENT] Observation Buffer size 2.637557029724121 MB with
DEBUG 2026-08-06 12:28:14 ort/utils.py:69 [CLIENT] Observation Sent 2097152/2765679 bytes with state 1
DEBUG 2026-08-06 12:28:14 ort/utils.py:69 [CLIENT] Observation Sent 2765679/2765679 bytes with state 3
DEBUG 2026-08-06 12:28:14 ort/utils.py:71 [CLIENT] Observation Published 2.637557029724121 MB
DEBUG 2026-08-06 12:28:14 t_client.py:209 Sent observation #199 | 
DEBUG 2026-08-06 12:28:14 t_client.py:434 QUEUE SIZE: 50 (Must go: False)
DEBUG 2026-08-06 12:28:14 t_client.py:477 Control loop (ms): 479.62
DEBUG 2026-08-06 12:28:14 follower.py:188 guardian_follower_left SOFollower read state: 1.4ms
DEBUG 2026-08-06 12:28:14 follower.py:196 guardian_follower_left SOFollower read left_wrist: 0.0ms
DEBUG 2026-08-06 12:28:14 follower.py:196 guardian_follower_left SOFollower read right_wrist: 0.0ms
DEBUG 2026-08-06 12:28:14 follower.py:196 guardian_follower_left SOFollower read overhead: 0.0ms
DEBUG 2026-08-06 12:28:14 follower.py:188 guardian_follower_right SOFollower read state: 0.9ms
DEBUG 2026-08-06 12:28:14 t_client.py:198 Observation serialization time: 0.001714s
DEBUG 2026-08-06 12:28:14 ort/utils.py:54 [CLIENT] Observation Buffer size 2.637557029724121 MB with
DEBUG 2026-08-06 12:28:14 ort/utils.py:69 [CLIENT] Observation Sent 2097152/2765679 bytes with state 1
DEBUG 2026-08-06 12:28:14 ort/utils.py:69 [CLIENT] Observation Sent 2765679/2765679 bytes with state 3
DEBUG 2026-08-06 12:28:14 ort/utils.py:71 [CLIENT] Observation Published 2.637557029724121 MB
DEBUG 2026-08-06 12:28:15 t_client.py:292 Received actions on device: cpu
DEBUG 2026-08-06 12:28:15 t_client.py:302 Actions kept on device: cpu
DEBUG 2026-08-06 12:28:15 t_client.py:209 Sent observation #200 | 
DEBUG 2026-08-06 12:28:15 t_client.py:434 QUEUE SIZE: 49 (Must go: False)
DEBUG 2026-08-06 12:28:15 t_client.py:477 Control loop (ms): 454.74
DEBUG 2026-08-06 12:28:15 t_client.py:477 Control loop (ms): 0.36
DEBUG 2026-08-06 12:28:15 t_client.py:477 Control loop (ms): 0.33
DEBUG 2026-08-06 12:28:15 t_client.py:477 Control loop (ms): 0.33
DEBUG 2026-08-06 12:28:15 t_client.py:292 Received actions on device: cpu
DEBUG 2026-08-06 12:28:15 t_client.py:302 Actions kept on device: cpu
DEBUG 2026-08-06 12:28:15 t_client.py:477 Control loop (ms): 0.49
DEBUG 2026-08-06 12:28:15 t_client.py:477 Control loop (ms): 0.40
DEBUG 2026-08-06 12:28:15 t_client.py:477 Control loop (ms): 0.46
DEBUG 2026-08-06 12:28:15 t_client.py:477 Control loop (ms): 0.41
DEBUG 2026-08-06 12:28:15 t_client.py:477 Control loop (ms): 0.42
DEBUG 2026-08-06 12:28:15 t_client.py:477 Control loop (ms): 0.35
DEBUG 2026-08-06 12:28:15 t_client.py:477 Control loop (ms): 0.31
DEBUG 2026-08-06 12:28:15 t_client.py:477 Control loop (ms): 0.38
DEBUG 2026-08-06 12:28:15 t_client.py:477 Control loop (ms): 0.44
DEBUG 2026-08-06 12:28:15 t_client.py:477 Control loop (ms): 0.37
DEBUG 2026-08-06 12:28:15 t_client.py:477 Control loop (ms): 0.42
DEBUG 2026-08-06 12:28:15 t_client.py:477 Control loop (ms): 0.26
DEBUG 2026-08-06 12:28:15 t_client.py:477 Control loop (ms): 0.43
DEBUG 2026-08-06 12:28:15 t_client.py:477 Control loop (ms): 0.31
DEBUG 2026-08-06 12:28:15 t_client.py:477 Control loop (ms): 0.38
DEBUG 2026-08-06 12:28:15 t_client.py:477 Control loop (ms): 0.32
DEBUG 2026-08-06 12:28:16 t_client.py:477 Control loop (ms): 0.41
DEBUG 2026-08-06 12:28:16 t_client.py:477 Control loop (ms): 0.33
DEBUG 2026-08-06 12:28:16 t_client.py:477 Control loop (ms): 0.30
DEBUG 2026-08-06 12:28:16 t_client.py:477 Control loop (ms): 0.39
DEBUG 2026-08-06 12:28:16 t_client.py:477 Control loop (ms): 0.37
DEBUG 2026-08-06 12:28:16 t_client.py:477 Control loop (ms): 0.40
DEBUG 2026-08-06 12:28:16 t_client.py:477 Control loop (ms): 0.39
DEBUG 2026-08-06 12:28:16 t_client.py:477 Control loop (ms): 0.31
DEBUG 2026-08-06 12:28:16 t_client.py:477 Control loop (ms): 0.36
DEBUG 2026-08-06 12:28:16 t_client.py:477 Control loop (ms): 0.39
DEBUG 2026-08-06 12:28:16 t_client.py:477 Control loop (ms): 0.37
DEBUG 2026-08-06 12:28:16 t_client.py:477 Control loop (ms): 0.31
DEBUG 2026-08-06 12:28:16 t_client.py:477 Control loop (ms): 0.26
DEBUG 2026-08-06 12:28:16 t_client.py:477 Control loop (ms): 0.25
DEBUG 2026-08-06 12:28:16 t_client.py:477 Control loop (ms): 0.26
DEBUG 2026-08-06 12:28:16 t_client.py:477 Control loop (ms): 0.21
DEBUG 2026-08-06 12:28:16 t_client.py:477 Control loop (ms): 0.24
DEBUG 2026-08-06 12:28:16 t_client.py:477 Control loop (ms): 0.32
DEBUG 2026-08-06 12:28:16 t_client.py:477 Control loop (ms): 0.43
DEBUG 2026-08-06 12:28:16 t_client.py:477 Control loop (ms): 0.26
DEBUG 2026-08-06 12:28:17 t_client.py:477 Control loop (ms): 0.38
DEBUG 2026-08-06 12:28:17 t_client.py:477 Control loop (ms): 0.28
DEBUG 2026-08-06 12:28:17 t_client.py:477 Control loop (ms): 0.44
DEBUG 2026-08-06 12:28:17 t_client.py:477 Control loop (ms): 0.30
DEBUG 2026-08-06 12:28:17 t_client.py:477 Control loop (ms): 0.37
DEBUG 2026-08-06 12:28:17 t_client.py:477 Control loop (ms): 0.31
DEBUG 2026-08-06 12:28:17 t_client.py:477 Control loop (ms): 0.40
DEBUG 2026-08-06 12:28:17 t_client.py:477 Control loop (ms): 0.32
DEBUG 2026-08-06 12:28:17 t_client.py:477 Control loop (ms): 0.41
DEBUG 2026-08-06 12:28:17 follower.py:188 guardian_follower_left SOFollower read state: 1.3ms
DEBUG 2026-08-06 12:28:17 follower.py:196 guardian_follower_left SOFollower read left_wrist: 0.0ms
DEBUG 2026-08-06 12:28:17 follower.py:196 guardian_follower_left SOFollower read right_wrist: 0.0ms
DEBUG 2026-08-06 12:28:17 follower.py:196 guardian_follower_left SOFollower read overhead: 0.0ms
DEBUG 2026-08-06 12:28:17 follower.py:188 guardian_follower_right SOFollower read state: 0.9ms
DEBUG 2026-08-06 12:28:17 t_client.py:198 Observation serialization time: 0.001730s
DEBUG 2026-08-06 12:28:17 ort/utils.py:54 [CLIENT] Observation Buffer size 2.637557029724121 MB with
DEBUG 2026-08-06 12:28:17 ort/utils.py:69 [CLIENT] Observation Sent 2097152/2765679 bytes with state 1
DEBUG 2026-08-06 12:28:17 ort/utils.py:69 [CLIENT] Observation Sent 2765679/2765679 bytes with state 3
DEBUG 2026-08-06 12:28:17 ort/utils.py:71 [CLIENT] Observation Published 2.637557029724121 MB
DEBUG 2026-08-06 12:28:17 t_client.py:209 Sent observation #249 | 
DEBUG 2026-08-06 12:28:17 t_client.py:434 QUEUE SIZE: 50 (Must go: False)
DEBUG 2026-08-06 12:28:17 t_client.py:477 Control loop (ms): 403.45
DEBUG 2026-08-06 12:28:17 follower.py:188 guardian_follower_left SOFollower read state: 1.3ms
DEBUG 2026-08-06 12:28:17 follower.py:196 guardian_follower_left SOFollower read left_wrist: 0.0ms
DEBUG 2026-08-06 12:28:17 follower.py:196 guardian_follower_left SOFollower read right_wrist: 0.0ms
DEBUG 2026-08-06 12:28:17 follower.py:196 guardian_follower_left SOFollower read overhead: 0.0ms
DEBUG 2026-08-06 12:28:17 follower.py:188 guardian_follower_right SOFollower read state: 0.9ms
DEBUG 2026-08-06 12:28:17 t_client.py:198 Observation serialization time: 0.002061s
DEBUG 2026-08-06 12:28:17 ort/utils.py:54 [CLIENT] Observation Buffer size 2.637557029724121 MB with
DEBUG 2026-08-06 12:28:18 ort/utils.py:69 [CLIENT] Observation Sent 2097152/2765679 bytes with state 1
DEBUG 2026-08-06 12:28:18 ort/utils.py:69 [CLIENT] Observation Sent 2765679/2765679 bytes with state 3
DEBUG 2026-08-06 12:28:18 ort/utils.py:71 [CLIENT] Observation Published 2.637557029724121 MB
DEBUG 2026-08-06 12:28:18 t_client.py:209 Sent observation #250 | 
DEBUG 2026-08-06 12:28:18 t_client.py:434 QUEUE SIZE: 49 (Must go: False)
DEBUG 2026-08-06 12:28:18 t_client.py:477 Control loop (ms): 591.81
DEBUG 2026-08-06 12:28:18 follower.py:188 guardian_follower_left SOFollower read state: 2.6ms
DEBUG 2026-08-06 12:28:18 follower.py:196 guardian_follower_left SOFollower read left_wrist: 0.0ms
DEBUG 2026-08-06 12:28:18 follower.py:196 guardian_follower_left SOFollower read right_wrist: 0.0ms
DEBUG 2026-08-06 12:28:18 follower.py:196 guardian_follower_left SOFollower read overhead: 0.0ms
DEBUG 2026-08-06 12:28:18 t_client.py:292 Received actions on device: cpu
DEBUG 2026-08-06 12:28:18 t_client.py:302 Actions kept on device: cpu
DEBUG 2026-08-06 12:28:18 follower.py:188 guardian_follower_right SOFollower read state: 1.0ms
DEBUG 2026-08-06 12:28:18 t_client.py:198 Observation serialization time: 0.001598s
DEBUG 2026-08-06 12:28:18 ort/utils.py:54 [CLIENT] Observation Buffer size 2.637557029724121 MB with
DEBUG 2026-08-06 12:28:18 ort/utils.py:69 [CLIENT] Observation Sent 2097152/2765679 bytes with state 1
DEBUG 2026-08-06 12:28:18 ort/utils.py:69 [CLIENT] Observation Sent 2765679/2765679 bytes with state 3
DEBUG 2026-08-06 12:28:18 ort/utils.py:71 [CLIENT] Observation Published 2.637557029724121 MB
DEBUG 2026-08-06 12:28:19 t_client.py:209 Sent observation #251 | 
DEBUG 2026-08-06 12:28:19 t_client.py:434 QUEUE SIZE: 48 (Must go: False)
DEBUG 2026-08-06 12:28:19 t_client.py:477 Control loop (ms): 699.58
DEBUG 2026-08-06 12:28:19 t_client.py:292 Received actions on device: cpu
DEBUG 2026-08-06 12:28:19 t_client.py:302 Actions kept on device: cpu
DEBUG 2026-08-06 12:28:19 t_client.py:477 Control loop (ms): 2.15
DEBUG 2026-08-06 12:28:19 t_client.py:477 Control loop (ms): 0.41
DEBUG 2026-08-06 12:28:19 t_client.py:477 Control loop (ms): 0.44
DEBUG 2026-08-06 12:28:19 t_client.py:292 Received actions on device: cpu
DEBUG 2026-08-06 12:28:19 t_client.py:302 Actions kept on device: cpu
DEBUG 2026-08-06 12:28:19 t_client.py:477 Control loop (ms): 0.42
DEBUG 2026-08-06 12:28:19 t_client.py:477 Control loop (ms): 0.56
DEBUG 2026-08-06 12:28:19 t_client.py:477 Control loop (ms): 0.42
DEBUG 2026-08-06 12:28:19 t_client.py:477 Control loop (ms): 0.42
DEBUG 2026-08-06 12:28:19 t_client.py:477 Control loop (ms): 0.36
DEBUG 2026-08-06 12:28:19 t_client.py:477 Control loop (ms): 0.43
DEBUG 2026-08-06 12:28:19 t_client.py:477 Control loop (ms): 0.38
DEBUG 2026-08-06 12:28:19 t_client.py:477 Control loop (ms): 0.48
DEBUG 2026-08-06 12:28:19 t_client.py:477 Control loop (ms): 0.37
DEBUG 2026-08-06 12:28:19 t_client.py:477 Control loop (ms): 0.36
DEBUG 2026-08-06 12:28:19 t_client.py:477 Control loop (ms): 0.33
DEBUG 2026-08-06 12:28:19 t_client.py:477 Control loop (ms): 0.38
DEBUG 2026-08-06 12:28:19 t_client.py:477 Control loop (ms): 0.34
DEBUG 2026-08-06 12:28:19 t_client.py:477 Control loop (ms): 0.31
DEBUG 2026-08-06 12:28:20 t_client.py:477 Control loop (ms): 0.36
DEBUG 2026-08-06 12:28:20 t_client.py:477 Control loop (ms): 0.59
DEBUG 2026-08-06 12:28:20 t_client.py:477 Control loop (ms): 0.69
DEBUG 2026-08-06 12:28:20 t_client.py:477 Control loop (ms): 0.60
DEBUG 2026-08-06 12:28:20 t_client.py:477 Control loop (ms): 0.44
DEBUG 2026-08-06 12:28:20 t_client.py:477 Control loop (ms): 0.40
DEBUG 2026-08-06 12:28:20 t_client.py:477 Control loop (ms): 0.33
DEBUG 2026-08-06 12:28:20 t_client.py:477 Control loop (ms): 0.53
DEBUG 2026-08-06 12:28:20 t_client.py:477 Control loop (ms): 0.45
DEBUG 2026-08-06 12:28:20 t_client.py:477 Control loop (ms): 0.46
DEBUG 2026-08-06 12:28:20 t_client.py:477 Control loop (ms): 0.47
DEBUG 2026-08-06 12:28:20 t_client.py:477 Control loop (ms): 0.44
DEBUG 2026-08-06 12:28:20 t_client.py:477 Control loop (ms): 0.42
DEBUG 2026-08-06 12:28:20 t_client.py:477 Control loop (ms): 0.51
DEBUG 2026-08-06 12:28:20 t_client.py:477 Control loop (ms): 0.56
DEBUG 2026-08-06 12:28:20 t_client.py:477 Control loop (ms): 0.57
DEBUG 2026-08-06 12:28:20 t_client.py:477 Control loop (ms): 0.47
DEBUG 2026-08-06 12:28:20 t_client.py:477 Control loop (ms): 0.36
DEBUG 2026-08-06 12:28:20 t_client.py:477 Control loop (ms): 0.46
DEBUG 2026-08-06 12:28:20 t_client.py:477 Control loop (ms): 0.38
DEBUG 2026-08-06 12:28:21 t_client.py:477 Control loop (ms): 0.32
DEBUG 2026-08-06 12:28:21 t_client.py:477 Control loop (ms): 0.21
DEBUG 2026-08-06 12:28:21 t_client.py:477 Control loop (ms): 0.34
DEBUG 2026-08-06 12:28:21 t_client.py:477 Control loop (ms): 0.41
DEBUG 2026-08-06 12:28:21 t_client.py:477 Control loop (ms): 0.57
DEBUG 2026-08-06 12:28:21 t_client.py:477 Control loop (ms): 0.37
DEBUG 2026-08-06 12:28:21 t_client.py:477 Control loop (ms): 0.27
DEBUG 2026-08-06 12:28:21 t_client.py:477 Control loop (ms): 0.34
DEBUG 2026-08-06 12:28:21 t_client.py:477 Control loop (ms): 0.29
DEBUG 2026-08-06 12:28:21 t_client.py:477 Control loop (ms): 0.36
DEBUG 2026-08-06 12:28:21 t_client.py:477 Control loop (ms): 0.29
DEBUG 2026-08-06 12:28:21 t_client.py:477 Control loop (ms): 0.31
DEBUG 2026-08-06 12:28:21 follower.py:188 guardian_follower_left SOFollower read state: 1.4ms
DEBUG 2026-08-06 12:28:21 follower.py:196 guardian_follower_left SOFollower read left_wrist: 0.0ms
DEBUG 2026-08-06 12:28:21 follower.py:196 guardian_follower_left SOFollower read right_wrist: 0.0ms
DEBUG 2026-08-06 12:28:21 follower.py:196 guardian_follower_left SOFollower read overhead: 0.0ms
DEBUG 2026-08-06 12:28:21 follower.py:188 guardian_follower_right SOFollower read state: 0.9ms
DEBUG 2026-08-06 12:28:21 t_client.py:198 Observation serialization time: 0.002022s
DEBUG 2026-08-06 12:28:21 ort/utils.py:54 [CLIENT] Observation Buffer size 2.6375579833984375 MB with
DEBUG 2026-08-06 12:28:21 ort/utils.py:69 [CLIENT] Observation Sent 2097152/2765680 bytes with state 1
DEBUG 2026-08-06 12:28:21 ort/utils.py:69 [CLIENT] Observation Sent 2765680/2765680 bytes with state 3
DEBUG 2026-08-06 12:28:21 ort/utils.py:71 [CLIENT] Observation Published 2.6375579833984375 MB
DEBUG 2026-08-06 12:28:22 t_client.py:209 Sent observation #300 | 
DEBUG 2026-08-06 12:28:22 t_client.py:434 QUEUE SIZE: 50 (Must go: False)
DEBUG 2026-08-06 12:28:22 t_client.py:477 Control loop (ms): 534.07
DEBUG 2026-08-06 12:28:22 follower.py:188 guardian_follower_left SOFollower read state: 1.4ms
DEBUG 2026-08-06 12:28:22 follower.py:196 guardian_follower_left SOFollower read left_wrist: 0.0ms
DEBUG 2026-08-06 12:28:22 follower.py:196 guardian_follower_left SOFollower read right_wrist: 0.0ms
DEBUG 2026-08-06 12:28:22 follower.py:196 guardian_follower_left SOFollower read overhead: 0.0ms
DEBUG 2026-08-06 12:28:22 follower.py:188 guardian_follower_right SOFollower read state: 0.9ms
DEBUG 2026-08-06 12:28:22 t_client.py:198 Observation serialization time: 0.002193s
DEBUG 2026-08-06 12:28:22 ort/utils.py:54 [CLIENT] Observation Buffer size 2.6375579833984375 MB with
DEBUG 2026-08-06 12:28:22 ort/utils.py:69 [CLIENT] Observation Sent 2097152/2765680 bytes with state 1
DEBUG 2026-08-06 12:28:22 ort/utils.py:69 [CLIENT] Observation Sent 2765680/2765680 bytes with state 3
DEBUG 2026-08-06 12:28:22 ort/utils.py:71 [CLIENT] Observation Published 2.6375579833984375 MB
DEBUG 2026-08-06 12:28:22 t_client.py:292 Received actions on device: cpu
DEBUG 2026-08-06 12:28:22 t_client.py:302 Actions kept on device: cpu
DEBUG 2026-08-06 12:28:22 t_client.py:209 Sent observation #301 | 
DEBUG 2026-08-06 12:28:22 t_client.py:434 QUEUE SIZE: 49 (Must go: False)
DEBUG 2026-08-06 12:28:22 t_client.py:477 Control loop (ms): 436.06
DEBUG 2026-08-06 12:28:22 t_client.py:477 Control loop (ms): 0.62
DEBUG 2026-08-06 12:28:22 t_client.py:477 Control loop (ms): 0.41
DEBUG 2026-08-06 12:28:22 t_client.py:292 Received actions on device: cpu
DEBUG 2026-08-06 12:28:22 t_client.py:302 Actions kept on device: cpu
DEBUG 2026-08-06 12:28:22 t_client.py:477 Control loop (ms): 0.45
DEBUG 2026-08-06 12:28:22 t_client.py:477 Control loop (ms): 0.33
DEBUG 2026-08-06 12:28:22 t_client.py:477 Control loop (ms): 0.52
DEBUG 2026-08-06 12:28:22 t_client.py:477 Control loop (ms): 0.43
DEBUG 2026-08-06 12:28:22 t_client.py:477 Control loop (ms): 0.40
DEBUG 2026-08-06 12:28:22 t_client.py:477 Control loop (ms): 0.36
DEBUG 2026-08-06 12:28:23 t_client.py:477 Control loop (ms): 0.30
DEBUG 2026-08-06 12:28:23 t_client.py:477 Control loop (ms): 0.35
DEBUG 2026-08-06 12:28:23 t_client.py:477 Control loop (ms): 0.33
DEBUG 2026-08-06 12:28:23 t_client.py:477 Control loop (ms): 0.32
DEBUG 2026-08-06 12:28:23 t_client.py:477 Control loop (ms): 0.40
DEBUG 2026-08-06 12:28:23 t_client.py:477 Control loop (ms): 0.31
DEBUG 2026-08-06 12:28:23 t_client.py:477 Control loop (ms): 0.40
DEBUG 2026-08-06 12:28:23 t_client.py:477 Control loop (ms): 0.32
DEBUG 2026-08-06 12:28:23 t_client.py:477 Control loop (ms): 0.32
DEBUG 2026-08-06 12:28:23 t_client.py:477 Control loop (ms): 0.36
DEBUG 2026-08-06 12:28:23 t_client.py:477 Control loop (ms): 0.42
DEBUG 2026-08-06 12:28:23 t_client.py:477 Control loop (ms): 0.34
DEBUG 2026-08-06 12:28:23 t_client.py:477 Control loop (ms): 0.30
DEBUG 2026-08-06 12:28:23 t_client.py:477 Control loop (ms): 0.24
DEBUG 2026-08-06 12:28:23 t_client.py:477 Control loop (ms): 0.27
DEBUG 2026-08-06 12:28:23 t_client.py:477 Control loop (ms): 0.34
DEBUG 2026-08-06 12:28:23 t_client.py:477 Control loop (ms): 0.47
DEBUG 2026-08-06 12:28:23 t_client.py:477 Control loop (ms): 0.38
DEBUG 2026-08-06 12:28:23 t_client.py:477 Control loop (ms): 0.35
DEBUG 2026-08-06 12:28:23 t_client.py:477 Control loop (ms): 0.33
DEBUG 2026-08-06 12:28:24 t_client.py:477 Control loop (ms): 0.53
DEBUG 2026-08-06 12:28:24 t_client.py:477 Control loop (ms): 0.44
DEBUG 2026-08-06 12:28:24 t_client.py:477 Control loop (ms): 0.37
DEBUG 2026-08-06 12:28:24 t_client.py:477 Control loop (ms): 0.33
DEBUG 2026-08-06 12:28:24 t_client.py:477 Control loop (ms): 0.35
DEBUG 2026-08-06 12:28:24 t_client.py:477 Control loop (ms): 0.46
DEBUG 2026-08-06 12:28:24 t_client.py:477 Control loop (ms): 0.40
DEBUG 2026-08-06 12:28:24 t_client.py:477 Control loop (ms): 0.38
DEBUG 2026-08-06 12:28:24 t_client.py:477 Control loop (ms): 0.40
DEBUG 2026-08-06 12:28:24 t_client.py:477 Control loop (ms): 0.57
DEBUG 2026-08-06 12:28:24 t_client.py:477 Control loop (ms): 0.38
DEBUG 2026-08-06 12:28:24 t_client.py:477 Control loop (ms): 0.39
DEBUG 2026-08-06 12:28:24 t_client.py:477 Control loop (ms): 0.41
DEBUG 2026-08-06 12:28:24 t_client.py:477 Control loop (ms): 0.30
DEBUG 2026-08-06 12:28:24 t_client.py:477 Control loop (ms): 0.36
DEBUG 2026-08-06 12:28:24 t_client.py:477 Control loop (ms): 0.37
DEBUG 2026-08-06 12:28:24 t_client.py:477 Control loop (ms): 0.36
DEBUG 2026-08-06 12:28:24 t_client.py:477 Control loop (ms): 0.41
DEBUG 2026-08-06 12:28:24 t_client.py:477 Control loop (ms): 0.28
DEBUG 2026-08-06 12:28:24 t_client.py:477 Control loop (ms): 0.27
DEBUG 2026-08-06 12:28:25 follower.py:188 guardian_follower_left SOFollower read state: 1.3ms
DEBUG 2026-08-06 12:28:25 follower.py:196 guardian_follower_left SOFollower read left_wrist: 0.0ms
DEBUG 2026-08-06 12:28:25 follower.py:196 guardian_follower_left SOFollower read right_wrist: 0.0ms
DEBUG 2026-08-06 12:28:25 follower.py:196 guardian_follower_left SOFollower read overhead: 0.0ms
DEBUG 2026-08-06 12:28:25 follower.py:188 guardian_follower_right SOFollower read state: 0.9ms
DEBUG 2026-08-06 12:28:25 t_client.py:198 Observation serialization time: 0.001683s
DEBUG 2026-08-06 12:28:25 ort/utils.py:54 [CLIENT] Observation Buffer size 2.6375579833984375 MB with
DEBUG 2026-08-06 12:28:25 ort/utils.py:69 [CLIENT] Observation Sent 2097152/2765680 bytes with state 1
DEBUG 2026-08-06 12:28:25 ort/utils.py:69 [CLIENT] Observation Sent 2765680/2765680 bytes with state 3
DEBUG 2026-08-06 12:28:25 ort/utils.py:71 [CLIENT] Observation Published 2.6375579833984375 MB
DEBUG 2026-08-06 12:28:25 t_client.py:209 Sent observation #350 | 
DEBUG 2026-08-06 12:28:25 t_client.py:434 QUEUE SIZE: 50 (Must go: False)
DEBUG 2026-08-06 12:28:25 t_client.py:477 Control loop (ms): 450.44
DEBUG 2026-08-06 12:28:25 follower.py:188 guardian_follower_left SOFollower read state: 1.3ms
DEBUG 2026-08-06 12:28:25 follower.py:196 guardian_follower_left SOFollower read left_wrist: 0.0ms
DEBUG 2026-08-06 12:28:25 follower.py:196 guardian_follower_left SOFollower read right_wrist: 0.0ms
DEBUG 2026-08-06 12:28:25 follower.py:196 guardian_follower_left SOFollower read overhead: 0.0ms
DEBUG 2026-08-06 12:28:25 follower.py:188 guardian_follower_right SOFollower read state: 0.9ms
DEBUG 2026-08-06 12:28:25 t_client.py:198 Observation serialization time: 0.001659s
DEBUG 2026-08-06 12:28:25 ort/utils.py:54 [CLIENT] Observation Buffer size 2.6375579833984375 MB with
DEBUG 2026-08-06 12:28:25 ort/utils.py:69 [CLIENT] Observation Sent 2097152/2765680 bytes with state 1
DEBUG 2026-08-06 12:28:25 ort/utils.py:69 [CLIENT] Observation Sent 2765680/2765680 bytes with state 3
DEBUG 2026-08-06 12:28:25 ort/utils.py:71 [CLIENT] Observation Published 2.6375579833984375 MB
DEBUG 2026-08-06 12:28:25 t_client.py:292 Received actions on device: cpu
DEBUG 2026-08-06 12:28:25 t_client.py:302 Actions kept on device: cpu
DEBUG 2026-08-06 12:28:26 t_client.py:209 Sent observation #351 | 
DEBUG 2026-08-06 12:28:26 t_client.py:434 QUEUE SIZE: 49 (Must go: False)
DEBUG 2026-08-06 12:28:26 t_client.py:477 Control loop (ms): 564.17
DEBUG 2026-08-06 12:28:26 t_client.py:477 Control loop (ms): 0.39
DEBUG 2026-08-06 12:28:26 t_client.py:477 Control loop (ms): 0.38
DEBUG 2026-08-06 12:28:26 t_client.py:477 Control loop (ms): 0.40
DEBUG 2026-08-06 12:28:26 t_client.py:292 Received actions on device: cpu
DEBUG 2026-08-06 12:28:26 t_client.py:302 Actions kept on device: cpu
DEBUG 2026-08-06 12:28:26 t_client.py:477 Control loop (ms): 0.39
DEBUG 2026-08-06 12:28:26 t_client.py:477 Control loop (ms): 0.28
DEBUG 2026-08-06 12:28:26 t_client.py:477 Control loop (ms): 0.33
DEBUG 2026-08-06 12:28:26 t_client.py:477 Control loop (ms): 0.44
DEBUG 2026-08-06 12:28:26 t_client.py:477 Control loop (ms): 0.41
DEBUG 2026-08-06 12:28:26 t_client.py:477 Control loop (ms): 0.43
DEBUG 2026-08-06 12:28:26 t_client.py:477 Control loop (ms): 0.37
DEBUG 2026-08-06 12:28:26 t_client.py:477 Control loop (ms): 0.44
DEBUG 2026-08-06 12:28:26 t_client.py:477 Control loop (ms): 0.36
DEBUG 2026-08-06 12:28:26 t_client.py:477 Control loop (ms): 0.33
DEBUG 2026-08-06 12:28:26 t_client.py:477 Control loop (ms): 0.32
DEBUG 2026-08-06 12:28:26 t_client.py:477 Control loop (ms): 0.35
DEBUG 2026-08-06 12:28:26 t_client.py:477 Control loop (ms): 0.39
DEBUG 2026-08-06 12:28:26 t_client.py:477 Control loop (ms): 0.40
DEBUG 2026-08-06 12:28:26 t_client.py:477 Control loop (ms): 0.26
DEBUG 2026-08-06 12:28:26 t_client.py:477 Control loop (ms): 0.36
DEBUG 2026-08-06 12:28:26 t_client.py:477 Control loop (ms): 0.27
DEBUG 2026-08-06 12:28:27 t_client.py:477 Control loop (ms): 0.38
DEBUG 2026-08-06 12:28:27 t_client.py:477 Control loop (ms): 0.23
DEBUG 2026-08-06 12:28:27 t_client.py:477 Control loop (ms): 0.37
DEBUG 2026-08-06 12:28:27 t_client.py:477 Control loop (ms): 0.36
DEBUG 2026-08-06 12:28:27 t_client.py:477 Control loop (ms): 0.41
DEBUG 2026-08-06 12:28:27 t_client.py:477 Control loop (ms): 0.35
DEBUG 2026-08-06 12:28:27 t_client.py:477 Control loop (ms): 0.41
DEBUG 2026-08-06 12:28:27 t_client.py:477 Control loop (ms): 0.31
DEBUG 2026-08-06 12:28:27 t_client.py:477 Control loop (ms): 0.26
DEBUG 2026-08-06 12:28:27 t_client.py:477 Control loop (ms): 0.35
DEBUG 2026-08-06 12:28:27 t_client.py:477 Control loop (ms): 0.32
DEBUG 2026-08-06 12:28:27 t_client.py:477 Control loop (ms): 0.23
DEBUG 2026-08-06 12:28:27 t_client.py:477 Control loop (ms): 0.39
DEBUG 2026-08-06 12:28:27 t_client.py:477 Control loop (ms): 0.34
DEBUG 2026-08-06 12:28:27 t_client.py:477 Control loop (ms): 0.35
DEBUG 2026-08-06 12:28:27 t_client.py:477 Control loop (ms): 0.34
DEBUG 2026-08-06 12:28:27 t_client.py:477 Control loop (ms): 0.44
DEBUG 2026-08-06 12:28:27 t_client.py:477 Control loop (ms): 0.38
DEBUG 2026-08-06 12:28:27 t_client.py:477 Control loop (ms): 0.32
DEBUG 2026-08-06 12:28:27 t_client.py:477 Control loop (ms): 0.24
DEBUG 2026-08-06 12:28:28 t_client.py:477 Control loop (ms): 0.29
DEBUG 2026-08-06 12:28:28 t_client.py:477 Control loop (ms): 0.36
DEBUG 2026-08-06 12:28:28 t_client.py:477 Control loop (ms): 0.34
DEBUG 2026-08-06 12:28:28 t_client.py:477 Control loop (ms): 0.31
DEBUG 2026-08-06 12:28:28 t_client.py:477 Control loop (ms): 0.30
DEBUG 2026-08-06 12:28:28 t_client.py:477 Control loop (ms): 0.38
DEBUG 2026-08-06 12:28:28 t_client.py:477 Control loop (ms): 0.41
DEBUG 2026-08-06 12:28:28 t_client.py:477 Control loop (ms): 0.38
DEBUG 2026-08-06 12:28:28 follower.py:188 guardian_follower_left SOFollower read state: 1.4ms
DEBUG 2026-08-06 12:28:28 follower.py:196 guardian_follower_left SOFollower read left_wrist: 0.0ms
DEBUG 2026-08-06 12:28:28 follower.py:196 guardian_follower_left SOFollower read right_wrist: 0.0ms
DEBUG 2026-08-06 12:28:28 follower.py:196 guardian_follower_left SOFollower read overhead: 0.0ms
DEBUG 2026-08-06 12:28:28 follower.py:188 guardian_follower_right SOFollower read state: 0.9ms
DEBUG 2026-08-06 12:28:28 t_client.py:198 Observation serialization time: 0.001894s
DEBUG 2026-08-06 12:28:28 ort/utils.py:54 [CLIENT] Observation Buffer size 2.6375579833984375 MB with
DEBUG 2026-08-06 12:28:28 ort/utils.py:69 [CLIENT] Observation Sent 2097152/2765680 bytes with state 1
DEBUG 2026-08-06 12:28:28 ort/utils.py:69 [CLIENT] Observation Sent 2765680/2765680 bytes with state 3
DEBUG 2026-08-06 12:28:28 ort/utils.py:71 [CLIENT] Observation Published 2.6375579833984375 MB
DEBUG 2026-08-06 12:28:29 t_client.py:209 Sent observation #400 | 
DEBUG 2026-08-06 12:28:29 t_client.py:434 QUEUE SIZE: 50 (Must go: False)
DEBUG 2026-08-06 12:28:29 t_client.py:477 Control loop (ms): 649.99
DEBUG 2026-08-06 12:28:29 follower.py:188 guardian_follower_left SOFollower read state: 1.3ms
DEBUG 2026-08-06 12:28:29 follower.py:196 guardian_follower_left SOFollower read left_wrist: 0.0ms
DEBUG 2026-08-06 12:28:29 follower.py:196 guardian_follower_left SOFollower read right_wrist: 0.0ms
DEBUG 2026-08-06 12:28:29 follower.py:196 guardian_follower_left SOFollower read overhead: 0.0ms
DEBUG 2026-08-06 12:28:29 follower.py:188 guardian_follower_right SOFollower read state: 0.9ms
DEBUG 2026-08-06 12:28:29 t_client.py:198 Observation serialization time: 0.001685s
DEBUG 2026-08-06 12:28:29 ort/utils.py:54 [CLIENT] Observation Buffer size 2.6375579833984375 MB with
DEBUG 2026-08-06 12:28:29 ort/utils.py:69 [CLIENT] Observation Sent 2097152/2765680 bytes with state 1
DEBUG 2026-08-06 12:28:29 ort/utils.py:69 [CLIENT] Observation Sent 2765680/2765680 bytes with state 3
DEBUG 2026-08-06 12:28:29 ort/utils.py:71 [CLIENT] Observation Published 2.6375579833984375 MB
DEBUG 2026-08-06 12:28:29 t_client.py:292 Received actions on device: cpu
DEBUG 2026-08-06 12:28:29 t_client.py:302 Actions kept on device: cpu
DEBUG 2026-08-06 12:28:29 t_client.py:209 Sent observation #401 | 
DEBUG 2026-08-06 12:28:29 t_client.py:434 QUEUE SIZE: 49 (Must go: False)
DEBUG 2026-08-06 12:28:29 t_client.py:477 Control loop (ms): 499.14
DEBUG 2026-08-06 12:28:29 t_client.py:477 Control loop (ms): 0.59
DEBUG 2026-08-06 12:28:29 t_client.py:477 Control loop (ms): 0.42
DEBUG 2026-08-06 12:28:29 t_client.py:477 Control loop (ms): 0.35
DEBUG 2026-08-06 12:28:29 t_client.py:477 Control loop (ms): 0.30
DEBUG 2026-08-06 12:28:29 t_client.py:477 Control loop (ms): 0.40
DEBUG 2026-08-06 12:28:29 t_client.py:477 Control loop (ms): 0.34
DEBUG 2026-08-06 12:28:29 t_client.py:477 Control loop (ms): 0.31
DEBUG 2026-08-06 12:28:29 t_client.py:477 Control loop (ms): 0.32
DEBUG 2026-08-06 12:28:29 t_client.py:477 Control loop (ms): 0.34
DEBUG 2026-08-06 12:28:30 t_client.py:477 Control loop (ms): 0.36
DEBUG 2026-08-06 12:28:30 t_client.py:477 Control loop (ms): 0.32
DEBUG 2026-08-06 12:28:30 t_client.py:477 Control loop (ms): 0.33
DEBUG 2026-08-06 12:28:30 t_client.py:477 Control loop (ms): 0.32
DEBUG 2026-08-06 12:28:30 t_client.py:477 Control loop (ms): 0.31
DEBUG 2026-08-06 12:28:30 t_client.py:477 Control loop (ms): 0.33
DEBUG 2026-08-06 12:28:30 t_client.py:477 Control loop (ms): 0.30
DEBUG 2026-08-06 12:28:30 t_client.py:477 Control loop (ms): 0.44
DEBUG 2026-08-06 12:28:30 t_client.py:477 Control loop (ms): 0.52
DEBUG 2026-08-06 12:28:30 t_client.py:477 Control loop (ms): 0.53
DEBUG 2026-08-06 12:28:30 t_client.py:477 Control loop (ms): 0.39
DEBUG 2026-08-06 12:28:30 t_client.py:477 Control loop (ms): 0.43
DEBUG 2026-08-06 12:28:30 t_client.py:477 Control loop (ms): 0.47
DEBUG 2026-08-06 12:28:30 t_client.py:477 Control loop (ms): 0.38
DEBUG 2026-08-06 12:28:30 t_client.py:477 Control loop (ms): 0.46
DEBUG 2026-08-06 12:28:30 t_client.py:477 Control loop (ms): 0.34
DEBUG 2026-08-06 12:28:30 t_client.py:477 Control loop (ms): 0.37
DEBUG 2026-08-06 12:28:30 t_client.py:477 Control loop (ms): 0.45
DEBUG 2026-08-06 12:28:30 t_client.py:477 Control loop (ms): 0.39
DEBUG 2026-08-06 12:28:30 t_client.py:477 Control loop (ms): 0.35
DEBUG 2026-08-06 12:28:31 t_client.py:477 Control loop (ms): 0.33
DEBUG 2026-08-06 12:28:31 t_client.py:477 Control loop (ms): 0.43
DEBUG 2026-08-06 12:28:31 t_client.py:477 Control loop (ms): 0.37
DEBUG 2026-08-06 12:28:31 t_client.py:477 Control loop (ms): 0.36
DEBUG 2026-08-06 12:28:31 t_client.py:477 Control loop (ms): 0.32
DEBUG 2026-08-06 12:28:31 t_client.py:477 Control loop (ms): 0.43
DEBUG 2026-08-06 12:28:31 t_client.py:477 Control loop (ms): 0.34
DEBUG 2026-08-06 12:28:31 t_client.py:477 Control loop (ms): 0.40
DEBUG 2026-08-06 12:28:31 t_client.py:477 Control loop (ms): 0.35
DEBUG 2026-08-06 12:28:31 t_client.py:477 Control loop (ms): 0.42
DEBUG 2026-08-06 12:28:31 t_client.py:477 Control loop (ms): 0.36
DEBUG 2026-08-06 12:28:31 t_client.py:477 Control loop (ms): 0.43
DEBUG 2026-08-06 12:28:31 t_client.py:477 Control loop (ms): 0.38
DEBUG 2026-08-06 12:28:31 t_client.py:477 Control loop (ms): 0.45
DEBUG 2026-08-06 12:28:31 t_client.py:477 Control loop (ms): 0.39
DEBUG 2026-08-06 12:28:31 t_client.py:477 Control loop (ms): 0.38
DEBUG 2026-08-06 12:28:31 t_client.py:477 Control loop (ms): 0.30
DEBUG 2026-08-06 12:28:31 t_client.py:477 Control loop (ms): 0.32
DEBUG 2026-08-06 12:28:31 follower.py:188 guardian_follower_left SOFollower read state: 1.3ms
DEBUG 2026-08-06 12:28:31 follower.py:196 guardian_follower_left SOFollower read left_wrist: 0.0ms
DEBUG 2026-08-06 12:28:31 follower.py:196 guardian_follower_left SOFollower read right_wrist: 0.0ms
DEBUG 2026-08-06 12:28:31 follower.py:196 guardian_follower_left SOFollower read overhead: 0.0ms
DEBUG 2026-08-06 12:28:31 follower.py:188 guardian_follower_right SOFollower read state: 0.9ms
DEBUG 2026-08-06 12:28:31 t_client.py:198 Observation serialization time: 0.001582s
DEBUG 2026-08-06 12:28:31 ort/utils.py:54 [CLIENT] Observation Buffer size 2.6375579833984375 MB with
DEBUG 2026-08-06 12:28:32 ort/utils.py:69 [CLIENT] Observation Sent 2097152/2765680 bytes with state 1
DEBUG 2026-08-06 12:28:32 ort/utils.py:69 [CLIENT] Observation Sent 2765680/2765680 bytes with state 3
DEBUG 2026-08-06 12:28:32 ort/utils.py:71 [CLIENT] Observation Published 2.6375579833984375 MB
DEBUG 2026-08-06 12:28:32 t_client.py:209 Sent observation #449 | 
DEBUG 2026-08-06 12:28:32 t_client.py:434 QUEUE SIZE: 50 (Must go: False)
DEBUG 2026-08-06 12:28:32 t_client.py:477 Control loop (ms): 809.48
DEBUG 2026-08-06 12:28:32 follower.py:188 guardian_follower_left SOFollower read state: 1.3ms
DEBUG 2026-08-06 12:28:32 follower.py:196 guardian_follower_left SOFollower read left_wrist: 0.0ms
DEBUG 2026-08-06 12:28:32 follower.py:196 guardian_follower_left SOFollower read right_wrist: 0.0ms
DEBUG 2026-08-06 12:28:32 follower.py:196 guardian_follower_left SOFollower read overhead: 0.0ms
DEBUG 2026-08-06 12:28:32 follower.py:188 guardian_follower_right SOFollower read state: 0.9ms
DEBUG 2026-08-06 12:28:32 t_client.py:198 Observation serialization time: 0.001951s
DEBUG 2026-08-06 12:28:32 ort/utils.py:54 [CLIENT] Observation Buffer size 2.6375579833984375 MB with
DEBUG 2026-08-06 12:28:32 ort/utils.py:69 [CLIENT] Observation Sent 2097152/2765680 bytes with state 1
DEBUG 2026-08-06 12:28:33 ort/utils.py:69 [CLIENT] Observation Sent 2765680/2765680 bytes with state 3
DEBUG 2026-08-06 12:28:33 ort/utils.py:71 [CLIENT] Observation Published 2.6375579833984375 MB
DEBUG 2026-08-06 12:28:33 t_client.py:292 Received actions on device: cpu
DEBUG 2026-08-06 12:28:33 t_client.py:302 Actions kept on device: cpu
DEBUG 2026-08-06 12:28:33 t_client.py:209 Sent observation #450 | 
DEBUG 2026-08-06 12:28:33 t_client.py:434 QUEUE SIZE: 49 (Must go: False)
DEBUG 2026-08-06 12:28:33 t_client.py:477 Control loop (ms): 728.72
DEBUG 2026-08-06 12:28:33 t_client.py:477 Control loop (ms): 0.38
DEBUG 2026-08-06 12:28:33 t_client.py:477 Control loop (ms): 0.34
DEBUG 2026-08-06 12:28:33 t_client.py:477 Control loop (ms): 0.45
DEBUG 2026-08-06 12:28:33 t_client.py:292 Received actions on device: cpu
DEBUG 2026-08-06 12:28:33 t_client.py:302 Actions kept on device: cpu
DEBUG 2026-08-06 12:28:33 t_client.py:477 Control loop (ms): 0.31
DEBUG 2026-08-06 12:28:33 t_client.py:477 Control loop (ms): 0.34
DEBUG 2026-08-06 12:28:33 t_client.py:477 Control loop (ms): 0.26
DEBUG 2026-08-06 12:28:33 t_client.py:477 Control loop (ms): 0.37
DEBUG 2026-08-06 12:28:33 t_client.py:477 Control loop (ms): 0.22
DEBUG 2026-08-06 12:28:33 t_client.py:477 Control loop (ms): 0.28
DEBUG 2026-08-06 12:28:33 t_client.py:477 Control loop (ms): 0.25
DEBUG 2026-08-06 12:28:33 t_client.py:477 Control loop (ms): 0.27
DEBUG 2026-08-06 12:28:34 t_client.py:477 Control loop (ms): 0.22
DEBUG 2026-08-06 12:28:34 t_client.py:477 Control loop (ms): 0.23
DEBUG 2026-08-06 12:28:34 t_client.py:477 Control loop (ms): 0.19
DEBUG 2026-08-06 12:28:34 t_client.py:477 Control loop (ms): 0.28
DEBUG 2026-08-06 12:28:34 t_client.py:477 Control loop (ms): 0.41
DEBUG 2026-08-06 12:28:34 t_client.py:477 Control loop (ms): 0.32
DEBUG 2026-08-06 12:28:34 t_client.py:477 Control loop (ms): 0.33
DEBUG 2026-08-06 12:28:34 t_client.py:477 Control loop (ms): 0.33
DEBUG 2026-08-06 12:28:34 t_client.py:477 Control loop (ms): 0.22
DEBUG 2026-08-06 12:28:34 t_client.py:477 Control loop (ms): 0.27
DEBUG 2026-08-06 12:28:34 t_client.py:477 Control loop (ms): 0.38
DEBUG 2026-08-06 12:28:34 t_client.py:477 Control loop (ms): 0.45
DEBUG 2026-08-06 12:28:34 t_client.py:477 Control loop (ms): 0.34
DEBUG 2026-08-06 12:28:34 t_client.py:477 Control loop (ms): 0.32
DEBUG 2026-08-06 12:28:34 t_client.py:477 Control loop (ms): 0.36
DEBUG 2026-08-06 12:28:34 t_client.py:477 Control loop (ms): 0.28
DEBUG 2026-08-06 12:28:34 t_client.py:477 Control loop (ms): 0.32
DEBUG 2026-08-06 12:28:34 t_client.py:477 Control loop (ms): 0.40
DEBUG 2026-08-06 12:28:34 t_client.py:477 Control loop (ms): 0.40
DEBUG 2026-08-06 12:28:34 t_client.py:477 Control loop (ms): 0.31
DEBUG 2026-08-06 12:28:35 t_client.py:477 Control loop (ms): 0.44
DEBUG 2026-08-06 12:28:35 t_client.py:477 Control loop (ms): 0.29
DEBUG 2026-08-06 12:28:35 t_client.py:477 Control loop (ms): 0.26
DEBUG 2026-08-06 12:28:35 t_client.py:477 Control loop (ms): 0.25
DEBUG 2026-08-06 12:28:35 t_client.py:477 Control loop (ms): 0.41
DEBUG 2026-08-06 12:28:35 t_client.py:477 Control loop (ms): 0.34
DEBUG 2026-08-06 12:28:35 t_client.py:477 Control loop (ms): 0.34
DEBUG 2026-08-06 12:28:35 t_client.py:477 Control loop (ms): 0.41
DEBUG 2026-08-06 12:28:35 t_client.py:477 Control loop (ms): 0.26
DEBUG 2026-08-06 12:28:35 t_client.py:477 Control loop (ms): 0.35
DEBUG 2026-08-06 12:28:35 t_client.py:477 Control loop (ms): 0.23
DEBUG 2026-08-06 12:28:35 t_client.py:477 Control loop (ms): 0.41
DEBUG 2026-08-06 12:28:35 t_client.py:477 Control loop (ms): 0.24
DEBUG 2026-08-06 12:28:35 t_client.py:477 Control loop (ms): 0.38
DEBUG 2026-08-06 12:28:35 t_client.py:477 Control loop (ms): 0.33
DEBUG 2026-08-06 12:28:35 t_client.py:477 Control loop (ms): 0.40
DEBUG 2026-08-06 12:28:35 t_client.py:477 Control loop (ms): 0.36
DEBUG 2026-08-06 12:28:35 follower.py:188 guardian_follower_left SOFollower read state: 1.4ms
DEBUG 2026-08-06 12:28:35 follower.py:196 guardian_follower_left SOFollower read left_wrist: 0.0ms
DEBUG 2026-08-06 12:28:35 follower.py:196 guardian_follower_left SOFollower read right_wrist: 0.0ms
DEBUG 2026-08-06 12:28:35 follower.py:196 guardian_follower_left SOFollower read overhead: 0.0ms
DEBUG 2026-08-06 12:28:35 follower.py:188 guardian_follower_right SOFollower read state: 0.9ms
DEBUG 2026-08-06 12:28:35 t_client.py:198 Observation serialization time: 0.001883s
DEBUG 2026-08-06 12:28:35 ort/utils.py:54 [CLIENT] Observation Buffer size 2.6375579833984375 MB with
DEBUG 2026-08-06 12:28:36 ort/utils.py:69 [CLIENT] Observation Sent 2097152/2765680 bytes with state 1
DEBUG 2026-08-06 12:28:36 ort/utils.py:69 [CLIENT] Observation Sent 2765680/2765680 bytes with state 3
DEBUG 2026-08-06 12:28:36 ort/utils.py:71 [CLIENT] Observation Published 2.6375579833984375 MB
DEBUG 2026-08-06 12:28:36 t_client.py:209 Sent observation #499 | 
DEBUG 2026-08-06 12:28:36 t_client.py:434 QUEUE SIZE: 50 (Must go: False)
DEBUG 2026-08-06 12:28:36 t_client.py:477 Control loop (ms): 568.92
DEBUG 2026-08-06 12:28:36 follower.py:188 guardian_follower_left SOFollower read state: 1.3ms
DEBUG 2026-08-06 12:28:36 follower.py:196 guardian_follower_left SOFollower read left_wrist: 0.0ms
DEBUG 2026-08-06 12:28:36 follower.py:196 guardian_follower_left SOFollower read right_wrist: 0.0ms
DEBUG 2026-08-06 12:28:36 follower.py:196 guardian_follower_left SOFollower read overhead: 0.0ms
DEBUG 2026-08-06 12:28:36 follower.py:188 guardian_follower_right SOFollower read state: 0.9ms
DEBUG 2026-08-06 12:28:36 t_client.py:198 Observation serialization time: 0.002094s
DEBUG 2026-08-06 12:28:36 ort/utils.py:54 [CLIENT] Observation Buffer size 2.6375579833984375 MB with
DEBUG 2026-08-06 12:28:36 ort/utils.py:69 [CLIENT] Observation Sent 2097152/2765680 bytes with state 1
DEBUG 2026-08-06 12:28:36 ort/utils.py:69 [CLIENT] Observation Sent 2765680/2765680 bytes with state 3
DEBUG 2026-08-06 12:28:36 ort/utils.py:71 [CLIENT] Observation Published 2.6375579833984375 MB
DEBUG 2026-08-06 12:28:36 t_client.py:292 Received actions on device: cpu
DEBUG 2026-08-06 12:28:36 t_client.py:302 Actions kept on device: cpu
DEBUG 2026-08-06 12:28:37 t_client.py:209 Sent observation #500 | 
DEBUG 2026-08-06 12:28:37 t_client.py:434 QUEUE SIZE: 49 (Must go: False)
DEBUG 2026-08-06 12:28:37 t_client.py:477 Control loop (ms): 577.09
DEBUG 2026-08-06 12:28:37 t_client.py:477 Control loop (ms): 0.52
DEBUG 2026-08-06 12:28:37 t_client.py:477 Control loop (ms): 0.45
DEBUG 2026-08-06 12:28:37 t_client.py:292 Received actions on device: cpu
DEBUG 2026-08-06 12:28:37 t_client.py:302 Actions kept on device: cpu
DEBUG 2026-08-06 12:28:37 t_client.py:477 Control loop (ms): 0.43
DEBUG 2026-08-06 12:28:37 t_client.py:477 Control loop (ms): 0.55
DEBUG 2026-08-06 12:28:37 t_client.py:477 Control loop (ms): 0.41
DEBUG 2026-08-06 12:28:37 t_client.py:477 Control loop (ms): 0.55
DEBUG 2026-08-06 12:28:37 t_client.py:477 Control loop (ms): 0.59
DEBUG 2026-08-06 12:28:37 t_client.py:477 Control loop (ms): 0.43
DEBUG 2026-08-06 12:28:37 t_client.py:477 Control loop (ms): 0.47
DEBUG 2026-08-06 12:28:37 t_client.py:477 Control loop (ms): 0.32
DEBUG 2026-08-06 12:28:37 t_client.py:477 Control loop (ms): 0.50
DEBUG 2026-08-06 12:28:37 t_client.py:477 Control loop (ms): 0.31
DEBUG 2026-08-06 12:28:37 t_client.py:477 Control loop (ms): 0.27
DEBUG 2026-08-06 12:28:37 t_client.py:477 Control loop (ms): 0.27
DEBUG 2026-08-06 12:28:37 t_client.py:477 Control loop (ms): 0.27
DEBUG 2026-08-06 12:28:37 t_client.py:477 Control loop (ms): 0.28
DEBUG 2026-08-06 12:28:37 t_client.py:477 Control loop (ms): 0.37
DEBUG 2026-08-06 12:28:37 t_client.py:477 Control loop (ms): 0.21
DEBUG 2026-08-06 12:28:37 t_client.py:477 Control loop (ms): 0.34
DEBUG 2026-08-06 12:28:37 t_client.py:477 Control loop (ms): 0.26
DEBUG 2026-08-06 12:28:38 t_client.py:477 Control loop (ms): 0.43
DEBUG 2026-08-06 12:28:38 t_client.py:477 Control loop (ms): 0.32
DEBUG 2026-08-06 12:28:38 t_client.py:477 Control loop (ms): 0.25
DEBUG 2026-08-06 12:28:38 t_client.py:477 Control loop (ms): 0.47
DEBUG 2026-08-06 12:28:38 t_client.py:477 Control loop (ms): 0.40
DEBUG 2026-08-06 12:28:38 t_client.py:477 Control loop (ms): 0.37
DEBUG 2026-08-06 12:28:38 t_client.py:477 Control loop (ms): 0.32
DEBUG 2026-08-06 12:28:38 t_client.py:477 Control loop (ms): 0.31
DEBUG 2026-08-06 12:28:38 t_client.py:477 Control loop (ms): 0.28
DEBUG 2026-08-06 12:28:38 t_client.py:477 Control loop (ms): 0.42
DEBUG 2026-08-06 12:28:38 t_client.py:477 Control loop (ms): 0.40
DEBUG 2026-08-06 12:28:38 t_client.py:477 Control loop (ms): 0.50
DEBUG 2026-08-06 12:28:38 t_client.py:477 Control loop (ms): 0.36
DEBUG 2026-08-06 12:28:38 t_client.py:477 Control loop (ms): 0.38
DEBUG 2026-08-06 12:28:38 t_client.py:477 Control loop (ms): 0.29
DEBUG 2026-08-06 12:28:38 t_client.py:477 Control loop (ms): 0.39
DEBUG 2026-08-06 12:28:38 t_client.py:477 Control loop (ms): 0.27
DEBUG 2026-08-06 12:28:38 t_client.py:477 Control loop (ms): 0.42
DEBUG 2026-08-06 12:28:38 t_client.py:477 Control loop (ms): 0.24
DEBUG 2026-08-06 12:28:38 t_client.py:477 Control loop (ms): 0.43
DEBUG 2026-08-06 12:28:39 t_client.py:477 Control loop (ms): 0.42
DEBUG 2026-08-06 12:28:39 t_client.py:477 Control loop (ms): 0.41
DEBUG 2026-08-06 12:28:39 t_client.py:477 Control loop (ms): 0.34
DEBUG 2026-08-06 12:28:39 t_client.py:477 Control loop (ms): 0.37
DEBUG 2026-08-06 12:28:39 t_client.py:477 Control loop (ms): 0.32
DEBUG 2026-08-06 12:28:39 t_client.py:477 Control loop (ms): 0.40
DEBUG 2026-08-06 12:28:39 t_client.py:477 Control loop (ms): 0.42
DEBUG 2026-08-06 12:28:39 t_client.py:477 Control loop (ms): 0.35
DEBUG 2026-08-06 12:28:39 follower.py:188 guardian_follower_left SOFollower read state: 1.4ms
DEBUG 2026-08-06 12:28:39 follower.py:196 guardian_follower_left SOFollower read left_wrist: 0.0ms
DEBUG 2026-08-06 12:28:39 follower.py:196 guardian_follower_left SOFollower read right_wrist: 0.0ms
DEBUG 2026-08-06 12:28:39 follower.py:196 guardian_follower_left SOFollower read overhead: 0.0ms
DEBUG 2026-08-06 12:28:39 follower.py:188 guardian_follower_right SOFollower read state: 0.9ms
DEBUG 2026-08-06 12:28:39 t_client.py:198 Observation serialization time: 0.001679s
DEBUG 2026-08-06 12:28:39 ort/utils.py:54 [CLIENT] Observation Buffer size 2.6375579833984375 MB with
DEBUG 2026-08-06 12:28:39 ort/utils.py:69 [CLIENT] Observation Sent 2097152/2765680 bytes with state 1
DEBUG 2026-08-06 12:28:39 ort/utils.py:69 [CLIENT] Observation Sent 2765680/2765680 bytes with state 3
DEBUG 2026-08-06 12:28:39 ort/utils.py:71 [CLIENT] Observation Published 2.6375579833984375 MB
DEBUG 2026-08-06 12:28:40 t_client.py:209 Sent observation #549 | 
DEBUG 2026-08-06 12:28:40 t_client.py:434 QUEUE SIZE: 50 (Must go: False)
DEBUG 2026-08-06 12:28:40 t_client.py:477 Control loop (ms): 605.31
DEBUG 2026-08-06 12:28:40 follower.py:188 guardian_follower_left SOFollower read state: 1.3ms
DEBUG 2026-08-06 12:28:40 follower.py:196 guardian_follower_left SOFollower read left_wrist: 0.0ms
DEBUG 2026-08-06 12:28:40 follower.py:196 guardian_follower_left SOFollower read right_wrist: 0.0ms
DEBUG 2026-08-06 12:28:40 follower.py:196 guardian_follower_left SOFollower read overhead: 0.0ms
DEBUG 2026-08-06 12:28:40 follower.py:188 guardian_follower_right SOFollower read state: 1.0ms
DEBUG 2026-08-06 12:28:40 t_client.py:198 Observation serialization time: 0.001659s
DEBUG 2026-08-06 12:28:40 ort/utils.py:54 [CLIENT] Observation Buffer size 2.6375579833984375 MB with
DEBUG 2026-08-06 12:28:40 ort/utils.py:69 [CLIENT] Observation Sent 2097152/2765680 bytes with state 1
DEBUG 2026-08-06 12:28:40 ort/utils.py:69 [CLIENT] Observation Sent 2765680/2765680 bytes with state 3
DEBUG 2026-08-06 12:28:40 ort/utils.py:71 [CLIENT] Observation Published 2.6375579833984375 MB
DEBUG 2026-08-06 12:28:40 t_client.py:292 Received actions on device: cpu
DEBUG 2026-08-06 12:28:40 t_client.py:302 Actions kept on device: cpu
DEBUG 2026-08-06 12:28:40 t_client.py:209 Sent observation #550 | 
DEBUG 2026-08-06 12:28:40 t_client.py:434 QUEUE SIZE: 49 (Must go: False)
DEBUG 2026-08-06 12:28:40 t_client.py:477 Control loop (ms): 650.48
DEBUG 2026-08-06 12:28:40 t_client.py:477 Control loop (ms): 0.61
DEBUG 2026-08-06 12:28:40 t_client.py:477 Control loop (ms): 0.49
DEBUG 2026-08-06 12:28:40 t_client.py:477 Control loop (ms): 0.36
DEBUG 2026-08-06 12:28:40 t_client.py:292 Received actions on device: cpu
DEBUG 2026-08-06 12:28:40 t_client.py:302 Actions kept on device: cpu
DEBUG 2026-08-06 12:28:40 t_client.py:477 Control loop (ms): 0.41
DEBUG 2026-08-06 12:28:40 t_client.py:477 Control loop (ms): 0.35
DEBUG 2026-08-06 12:28:40 t_client.py:477 Control loop (ms): 0.29
DEBUG 2026-08-06 12:28:40 t_client.py:477 Control loop (ms): 0.34
DEBUG 2026-08-06 12:28:41 t_client.py:477 Control loop (ms): 0.57
DEBUG 2026-08-06 12:28:41 t_client.py:477 Control loop (ms): 0.37
DEBUG 2026-08-06 12:28:41 t_client.py:477 Control loop (ms): 0.26
DEBUG 2026-08-06 12:28:41 t_client.py:477 Control loop (ms): 0.50
DEBUG 2026-08-06 12:28:41 t_client.py:477 Control loop (ms): 0.43
DEBUG 2026-08-06 12:28:41 t_client.py:477 Control loop (ms): 0.36
DEBUG 2026-08-06 12:28:41 t_client.py:477 Control loop (ms): 0.40
DEBUG 2026-08-06 12:28:41 t_client.py:477 Control loop (ms): 0.39
DEBUG 2026-08-06 12:28:41 t_client.py:477 Control loop (ms): 0.32
DEBUG 2026-08-06 12:28:41 t_client.py:477 Control loop (ms): 0.43
DEBUG 2026-08-06 12:28:41 t_client.py:477 Control loop (ms): 0.37
DEBUG 2026-08-06 12:28:41 t_client.py:477 Control loop (ms): 0.56
DEBUG 2026-08-06 12:28:41 t_client.py:477 Control loop (ms): 0.25
DEBUG 2026-08-06 12:28:41 t_client.py:477 Control loop (ms): 0.25
DEBUG 2026-08-06 12:28:41 t_client.py:477 Control loop (ms): 0.22
DEBUG 2026-08-06 12:28:41 t_client.py:477 Control loop (ms): 0.35
DEBUG 2026-08-06 12:28:41 t_client.py:477 Control loop (ms): 0.25
DEBUG 2026-08-06 12:28:41 t_client.py:477 Control loop (ms): 0.28
DEBUG 2026-08-06 12:28:41 t_client.py:477 Control loop (ms): 0.20
DEBUG 2026-08-06 12:28:41 t_client.py:477 Control loop (ms): 0.42
DEBUG 2026-08-06 12:28:42 t_client.py:477 Control loop (ms): 0.39
DEBUG 2026-08-06 12:28:42 t_client.py:477 Control loop (ms): 0.40
DEBUG 2026-08-06 12:28:42 t_client.py:477 Control loop (ms): 0.34
DEBUG 2026-08-06 12:28:42 t_client.py:477 Control loop (ms): 0.29
DEBUG 2026-08-06 12:28:42 t_client.py:477 Control loop (ms): 0.22
DEBUG 2026-08-06 12:28:42 t_client.py:477 Control loop (ms): 0.30
DEBUG 2026-08-06 12:28:42 t_client.py:477 Control loop (ms): 0.41
DEBUG 2026-08-06 12:28:42 t_client.py:477 Control loop (ms): 0.26
DEBUG 2026-08-06 12:28:42 t_client.py:477 Control loop (ms): 0.32
DEBUG 2026-08-06 12:28:42 t_client.py:477 Control loop (ms): 0.48
DEBUG 2026-08-06 12:28:42 t_client.py:477 Control loop (ms): 0.43
DEBUG 2026-08-06 12:28:42 t_client.py:477 Control loop (ms): 0.39
DEBUG 2026-08-06 12:28:42 t_client.py:477 Control loop (ms): 0.33
DEBUG 2026-08-06 12:28:42 t_client.py:477 Control loop (ms): 0.37
DEBUG 2026-08-06 12:28:42 t_client.py:477 Control loop (ms): 0.32
DEBUG 2026-08-06 12:28:42 t_client.py:477 Control loop (ms): 0.40
DEBUG 2026-08-06 12:28:42 t_client.py:477 Control loop (ms): 0.39
DEBUG 2026-08-06 12:28:42 t_client.py:477 Control loop (ms): 0.34
DEBUG 2026-08-06 12:28:42 t_client.py:477 Control loop (ms): 0.32
DEBUG 2026-08-06 12:28:42 t_client.py:477 Control loop (ms): 0.22
DEBUG 2026-08-06 12:28:43 t_client.py:477 Control loop (ms): 0.30
DEBUG 2026-08-06 12:28:43 follower.py:188 guardian_follower_left SOFollower read state: 1.3ms
DEBUG 2026-08-06 12:28:43 follower.py:196 guardian_follower_left SOFollower read left_wrist: 0.0ms
DEBUG 2026-08-06 12:28:43 follower.py:196 guardian_follower_left SOFollower read right_wrist: 0.0ms
DEBUG 2026-08-06 12:28:43 follower.py:196 guardian_follower_left SOFollower read overhead: 0.0ms
DEBUG 2026-08-06 12:28:43 follower.py:188 guardian_follower_right SOFollower read state: 0.9ms
DEBUG 2026-08-06 12:28:43 t_client.py:198 Observation serialization time: 0.001633s
DEBUG 2026-08-06 12:28:43 ort/utils.py:54 [CLIENT] Observation Buffer size 2.6375579833984375 MB with
DEBUG 2026-08-06 12:28:43 ort/utils.py:69 [CLIENT] Observation Sent 2097152/2765680 bytes with state 1
DEBUG 2026-08-06 12:28:43 ort/utils.py:69 [CLIENT] Observation Sent 2765680/2765680 bytes with state 3
DEBUG 2026-08-06 12:28:43 ort/utils.py:71 [CLIENT] Observation Published 2.6375579833984375 MB
DEBUG 2026-08-06 12:28:43 t_client.py:209 Sent observation #599 | 
DEBUG 2026-08-06 12:28:43 t_client.py:434 QUEUE SIZE: 50 (Must go: False)
DEBUG 2026-08-06 12:28:43 t_client.py:477 Control loop (ms): 504.64
DEBUG 2026-08-06 12:28:43 follower.py:188 guardian_follower_left SOFollower read state: 1.4ms
DEBUG 2026-08-06 12:28:43 follower.py:196 guardian_follower_left SOFollower read left_wrist: 0.0ms
DEBUG 2026-08-06 12:28:43 follower.py:196 guardian_follower_left SOFollower read right_wrist: 0.0ms
DEBUG 2026-08-06 12:28:43 follower.py:196 guardian_follower_left SOFollower read overhead: 0.0ms
DEBUG 2026-08-06 12:28:43 follower.py:188 guardian_follower_right SOFollower read state: 0.9ms
DEBUG 2026-08-06 12:28:43 t_client.py:198 Observation serialization time: 0.001619s
DEBUG 2026-08-06 12:28:43 ort/utils.py:54 [CLIENT] Observation Buffer size 2.6375579833984375 MB with
DEBUG 2026-08-06 12:28:43 ort/utils.py:69 [CLIENT] Observation Sent 2097152/2765680 bytes with state 1
DEBUG 2026-08-06 12:28:43 ort/utils.py:69 [CLIENT] Observation Sent 2765680/2765680 bytes with state 3
DEBUG 2026-08-06 12:28:43 ort/utils.py:71 [CLIENT] Observation Published 2.6375579833984375 MB
DEBUG 2026-08-06 12:28:44 t_client.py:292 Received actions on device: cpu
DEBUG 2026-08-06 12:28:44 t_client.py:302 Actions kept on device: cpu
DEBUG 2026-08-06 12:28:44 t_client.py:209 Sent observation #600 | 
DEBUG 2026-08-06 12:28:44 t_client.py:434 QUEUE SIZE: 49 (Must go: False)
DEBUG 2026-08-06 12:28:44 t_client.py:477 Control loop (ms): 525.17
DEBUG 2026-08-06 12:28:44 t_client.py:477 Control loop (ms): 0.38
DEBUG 2026-08-06 12:28:44 t_client.py:477 Control loop (ms): 0.33
DEBUG 2026-08-06 12:28:44 t_client.py:292 Received actions on device: cpu
DEBUG 2026-08-06 12:28:44 t_client.py:302 Actions kept on device: cpu
DEBUG 2026-08-06 12:28:44 t_client.py:477 Control loop (ms): 0.44
DEBUG 2026-08-06 12:28:44 t_client.py:477 Control loop (ms): 0.33
DEBUG 2026-08-06 12:28:44 t_client.py:477 Control loop (ms): 0.29
DEBUG 2026-08-06 12:28:44 t_client.py:477 Control loop (ms): 0.19
DEBUG 2026-08-06 12:28:44 t_client.py:477 Control loop (ms): 0.27
DEBUG 2026-08-06 12:28:44 t_client.py:477 Control loop (ms): 0.26
DEBUG 2026-08-06 12:28:44 t_client.py:477 Control loop (ms): 0.25
DEBUG 2026-08-06 12:28:44 t_client.py:477 Control loop (ms): 0.21
DEBUG 2026-08-06 12:28:44 t_client.py:477 Control loop (ms): 0.24
DEBUG 2026-08-06 12:28:44 t_client.py:477 Control loop (ms): 0.25
DEBUG 2026-08-06 12:28:44 t_client.py:477 Control loop (ms): 0.23
DEBUG 2026-08-06 12:28:44 t_client.py:477 Control loop (ms): 0.27
DEBUG 2026-08-06 12:28:44 t_client.py:477 Control loop (ms): 0.37
DEBUG 2026-08-06 12:28:44 t_client.py:477 Control loop (ms): 0.32
DEBUG 2026-08-06 12:28:44 t_client.py:477 Control loop (ms): 0.20
DEBUG 2026-08-06 12:28:44 t_client.py:477 Control loop (ms): 0.27
DEBUG 2026-08-06 12:28:45 t_client.py:477 Control loop (ms): 0.30
DEBUG 2026-08-06 12:28:45 t_client.py:477 Control loop (ms): 0.41
DEBUG 2026-08-06 12:28:45 t_client.py:477 Control loop (ms): 0.31
DEBUG 2026-08-06 12:28:45 t_client.py:477 Control loop (ms): 0.19
DEBUG 2026-08-06 12:28:45 t_client.py:477 Control loop (ms): 0.35
DEBUG 2026-08-06 12:28:45 t_client.py:477 Control loop (ms): 0.39
DEBUG 2026-08-06 12:28:45 t_client.py:477 Control loop (ms): 0.32
DEBUG 2026-08-06 12:28:45 t_client.py:477 Control loop (ms): 0.26
DEBUG 2026-08-06 12:28:45 t_client.py:477 Control loop (ms): 0.26
DEBUG 2026-08-06 12:28:45 t_client.py:477 Control loop (ms): 0.33
DEBUG 2026-08-06 12:28:45 t_client.py:477 Control loop (ms): 0.43
DEBUG 2026-08-06 12:28:45 t_client.py:477 Control loop (ms): 0.38
DEBUG 2026-08-06 12:28:45 t_client.py:477 Control loop (ms): 0.31
DEBUG 2026-08-06 12:28:45 t_client.py:477 Control loop (ms): 0.26
DEBUG 2026-08-06 12:28:45 t_client.py:477 Control loop (ms): 0.30
DEBUG 2026-08-06 12:28:45 t_client.py:477 Control loop (ms): 0.31
DEBUG 2026-08-06 12:28:45 t_client.py:477 Control loop (ms): 0.25
DEBUG 2026-08-06 12:28:45 t_client.py:477 Control loop (ms): 0.38
DEBUG 2026-08-06 12:28:45 t_client.py:477 Control loop (ms): 0.42
DEBUG 2026-08-06 12:28:45 t_client.py:477 Control loop (ms): 0.38
DEBUG 2026-08-06 12:28:46 t_client.py:477 Control loop (ms): 0.38
DEBUG 2026-08-06 12:28:46 t_client.py:477 Control loop (ms): 0.29
DEBUG 2026-08-06 12:28:46 t_client.py:477 Control loop (ms): 0.40
DEBUG 2026-08-06 12:28:46 t_client.py:477 Control loop (ms): 0.33
DEBUG 2026-08-06 12:28:46 t_client.py:477 Control loop (ms): 0.23
DEBUG 2026-08-06 12:28:46 t_client.py:477 Control loop (ms): 0.35
DEBUG 2026-08-06 12:28:46 t_client.py:477 Control loop (ms): 0.27
DEBUG 2026-08-06 12:28:46 t_client.py:477 Control loop (ms): 0.21
DEBUG 2026-08-06 12:28:46 t_client.py:477 Control loop (ms): 0.21
DEBUG 2026-08-06 12:28:46 t_client.py:477 Control loop (ms): 0.19
DEBUG 2026-08-06 12:28:46 follower.py:188 guardian_follower_left SOFollower read state: 1.4ms
DEBUG 2026-08-06 12:28:46 follower.py:196 guardian_follower_left SOFollower read left_wrist: 0.0ms
DEBUG 2026-08-06 12:28:46 follower.py:196 guardian_follower_left SOFollower read right_wrist: 0.0ms
DEBUG 2026-08-06 12:28:46 follower.py:196 guardian_follower_left SOFollower read overhead: 0.0ms
DEBUG 2026-08-06 12:28:46 follower.py:188 guardian_follower_right SOFollower read state: 0.9ms
DEBUG 2026-08-06 12:28:46 t_client.py:198 Observation serialization time: 0.001892s
DEBUG 2026-08-06 12:28:46 ort/utils.py:54 [CLIENT] Observation Buffer size 2.6375579833984375 MB with
DEBUG 2026-08-06 12:28:46 ort/utils.py:69 [CLIENT] Observation Sent 2097152/2765680 bytes with state 1
DEBUG 2026-08-06 12:28:46 ort/utils.py:69 [CLIENT] Observation Sent 2765680/2765680 bytes with state 3
DEBUG 2026-08-06 12:28:46 ort/utils.py:71 [CLIENT] Observation Published 2.6375579833984375 MB
DEBUG 2026-08-06 12:28:47 t_client.py:209 Sent observation #649 | 
DEBUG 2026-08-06 12:28:47 t_client.py:434 QUEUE SIZE: 50 (Must go: False)
DEBUG 2026-08-06 12:28:47 t_client.py:477 Control loop (ms): 571.14
DEBUG 2026-08-06 12:28:47 follower.py:188 guardian_follower_left SOFollower read state: 1.3ms
DEBUG 2026-08-06 12:28:47 follower.py:196 guardian_follower_left SOFollower read left_wrist: 0.0ms
DEBUG 2026-08-06 12:28:47 follower.py:196 guardian_follower_left SOFollower read right_wrist: 0.0ms
DEBUG 2026-08-06 12:28:47 follower.py:196 guardian_follower_left SOFollower read overhead: 0.0ms
DEBUG 2026-08-06 12:28:47 follower.py:188 guardian_follower_right SOFollower read state: 0.9ms
DEBUG 2026-08-06 12:28:47 t_client.py:198 Observation serialization time: 0.001617s
DEBUG 2026-08-06 12:28:47 ort/utils.py:54 [CLIENT] Observation Buffer size 2.6375579833984375 MB with
DEBUG 2026-08-06 12:28:47 ort/utils.py:69 [CLIENT] Observation Sent 2097152/2765680 bytes with state 1
DEBUG 2026-08-06 12:28:47 ort/utils.py:69 [CLIENT] Observation Sent 2765680/2765680 bytes with state 3
DEBUG 2026-08-06 12:28:47 ort/utils.py:71 [CLIENT] Observation Published 2.6375579833984375 MB
DEBUG 2026-08-06 12:28:47 t_client.py:292 Received actions on device: cpu
DEBUG 2026-08-06 12:28:47 t_client.py:302 Actions kept on device: cpu
DEBUG 2026-08-06 12:28:47 t_client.py:209 Sent observation #650 | 
DEBUG 2026-08-06 12:28:47 t_client.py:434 QUEUE SIZE: 49 (Must go: False)
DEBUG 2026-08-06 12:28:47 t_client.py:477 Control loop (ms): 616.11
DEBUG 2026-08-06 12:28:47 t_client.py:477 Control loop (ms): 0.57
DEBUG 2026-08-06 12:28:47 t_client.py:477 Control loop (ms): 0.60
DEBUG 2026-08-06 12:28:47 t_client.py:477 Control loop (ms): 0.39
DEBUG 2026-08-06 12:28:47 t_client.py:292 Received actions on device: cpu
DEBUG 2026-08-06 12:28:47 t_client.py:302 Actions kept on device: cpu
DEBUG 2026-08-06 12:28:47 t_client.py:477 Control loop (ms): 0.48
DEBUG 2026-08-06 12:28:47 t_client.py:477 Control loop (ms): 0.39
DEBUG 2026-08-06 12:28:47 t_client.py:477 Control loop (ms): 0.37
DEBUG 2026-08-06 12:28:48 t_client.py:477 Control loop (ms): 0.47
DEBUG 2026-08-06 12:28:48 t_client.py:477 Control loop (ms): 0.33
DEBUG 2026-08-06 12:28:48 t_client.py:477 Control loop (ms): 0.26
DEBUG 2026-08-06 12:28:48 t_client.py:477 Control loop (ms): 0.28
DEBUG 2026-08-06 12:28:48 t_client.py:477 Control loop (ms): 0.23
DEBUG 2026-08-06 12:28:48 t_client.py:477 Control loop (ms): 0.42
DEBUG 2026-08-06 12:28:48 t_client.py:477 Control loop (ms): 0.37
DEBUG 2026-08-06 12:28:48 t_client.py:477 Control loop (ms): 0.44
DEBUG 2026-08-06 12:28:48 t_client.py:477 Control loop (ms): 0.37
DEBUG 2026-08-06 12:28:48 t_client.py:477 Control loop (ms): 0.36
DEBUG 2026-08-06 12:28:48 t_client.py:477 Control loop (ms): 0.45
DEBUG 2026-08-06 12:28:48 t_client.py:477 Control loop (ms): 0.43
DEBUG 2026-08-06 12:28:48 t_client.py:477 Control loop (ms): 0.27
DEBUG 2026-08-06 12:28:48 t_client.py:477 Control loop (ms): 0.44
DEBUG 2026-08-06 12:28:48 t_client.py:477 Control loop (ms): 0.26
DEBUG 2026-08-06 12:28:48 t_client.py:477 Control loop (ms): 0.39
DEBUG 2026-08-06 12:28:48 t_client.py:477 Control loop (ms): 0.32
DEBUG 2026-08-06 12:28:48 t_client.py:477 Control loop (ms): 0.36
DEBUG 2026-08-06 12:28:48 t_client.py:477 Control loop (ms): 0.43
DEBUG 2026-08-06 12:28:48 t_client.py:477 Control loop (ms): 0.38
DEBUG 2026-08-06 12:28:49 t_client.py:477 Control loop (ms): 0.44
DEBUG 2026-08-06 12:28:49 t_client.py:477 Control loop (ms): 0.39
DEBUG 2026-08-06 12:28:49 t_client.py:477 Control loop (ms): 0.38
DEBUG 2026-08-06 12:28:49 t_client.py:477 Control loop (ms): 0.33
DEBUG 2026-08-06 12:28:49 t_client.py:477 Control loop (ms): 0.38
DEBUG 2026-08-06 12:28:49 t_client.py:477 Control loop (ms): 0.30
DEBUG 2026-08-06 12:28:49 t_client.py:477 Control loop (ms): 0.36
DEBUG 2026-08-06 12:28:49 t_client.py:477 Control loop (ms): 0.39
DEBUG 2026-08-06 12:28:49 t_client.py:477 Control loop (ms): 0.34
DEBUG 2026-08-06 12:28:49 t_client.py:477 Control loop (ms): 0.30
DEBUG 2026-08-06 12:28:49 t_client.py:477 Control loop (ms): 0.39
DEBUG 2026-08-06 12:28:49 t_client.py:477 Control loop (ms): 0.45
DEBUG 2026-08-06 12:28:49 t_client.py:477 Control loop (ms): 0.36
DEBUG 2026-08-06 12:28:49 t_client.py:477 Control loop (ms): 0.35
DEBUG 2026-08-06 12:28:49 t_client.py:477 Control loop (ms): 0.32
DEBUG 2026-08-06 12:28:49 t_client.py:477 Control loop (ms): 0.34
DEBUG 2026-08-06 12:28:49 t_client.py:477 Control loop (ms): 0.42
DEBUG 2026-08-06 12:28:49 t_client.py:477 Control loop (ms): 0.26
DEBUG 2026-08-06 12:28:49 t_client.py:477 Control loop (ms): 0.42
DEBUG 2026-08-06 12:28:49 t_client.py:477 Control loop (ms): 0.31
DEBUG 2026-08-06 12:28:50 t_client.py:477 Control loop (ms): 0.30
DEBUG 2026-08-06 12:28:50 t_client.py:477 Control loop (ms): 0.26
DEBUG 2026-08-06 12:28:50 follower.py:188 guardian_follower_left SOFollower read state: 1.3ms
DEBUG 2026-08-06 12:28:50 follower.py:196 guardian_follower_left SOFollower read left_wrist: 0.0ms
DEBUG 2026-08-06 12:28:50 follower.py:196 guardian_follower_left SOFollower read right_wrist: 0.0ms
DEBUG 2026-08-06 12:28:50 follower.py:196 guardian_follower_left SOFollower read overhead: 0.0ms
DEBUG 2026-08-06 12:28:50 follower.py:188 guardian_follower_right SOFollower read state: 0.9ms
DEBUG 2026-08-06 12:28:50 t_client.py:198 Observation serialization time: 0.001929s
DEBUG 2026-08-06 12:28:50 ort/utils.py:54 [CLIENT] Observation Buffer size 2.6375579833984375 MB with
DEBUG 2026-08-06 12:28:50 ort/utils.py:69 [CLIENT] Observation Sent 2097152/2765680 bytes with state 1
DEBUG 2026-08-06 12:28:50 ort/utils.py:69 [CLIENT] Observation Sent 2765680/2765680 bytes with state 3
DEBUG 2026-08-06 12:28:50 ort/utils.py:71 [CLIENT] Observation Published 2.6375579833984375 MB
DEBUG 2026-08-06 12:28:50 t_client.py:209 Sent observation #699 | 
DEBUG 2026-08-06 12:28:50 t_client.py:434 QUEUE SIZE: 50 (Must go: False)
DEBUG 2026-08-06 12:28:50 t_client.py:477 Control loop (ms): 603.32
DEBUG 2026-08-06 12:28:50 follower.py:188 guardian_follower_left SOFollower read state: 1.4ms
DEBUG 2026-08-06 12:28:50 follower.py:196 guardian_follower_left SOFollower read left_wrist: 0.0ms
DEBUG 2026-08-06 12:28:50 follower.py:196 guardian_follower_left SOFollower read right_wrist: 0.0ms
DEBUG 2026-08-06 12:28:50 follower.py:196 guardian_follower_left SOFollower read overhead: 0.0ms
DEBUG 2026-08-06 12:28:50 follower.py:188 guardian_follower_right SOFollower read state: 0.9ms
DEBUG 2026-08-06 12:28:50 t_client.py:198 Observation serialization time: 0.001814s
DEBUG 2026-08-06 12:28:50 ort/utils.py:54 [CLIENT] Observation Buffer size 2.6375579833984375 MB with
DEBUG 2026-08-06 12:28:50 ort/utils.py:69 [CLIENT] Observation Sent 2097152/2765680 bytes with state 1
DEBUG 2026-08-06 12:28:50 ort/utils.py:69 [CLIENT] Observation Sent 2765680/2765680 bytes with state 3
DEBUG 2026-08-06 12:28:50 ort/utils.py:71 [CLIENT] Observation Published 2.6375579833984375 MB
DEBUG 2026-08-06 12:28:51 t_client.py:292 Received actions on device: cpu
DEBUG 2026-08-06 12:28:51 t_client.py:302 Actions kept on device: cpu
DEBUG 2026-08-06 12:28:51 t_client.py:209 Sent observation #700 | 
DEBUG 2026-08-06 12:28:51 t_client.py:434 QUEUE SIZE: 49 (Must go: False)
DEBUG 2026-08-06 12:28:51 t_client.py:477 Control loop (ms): 538.22
DEBUG 2026-08-06 12:28:51 t_client.py:477 Control loop (ms): 0.44
DEBUG 2026-08-06 12:28:51 t_client.py:477 Control loop (ms): 0.30
DEBUG 2026-08-06 12:28:51 t_client.py:477 Control loop (ms): 0.29
DEBUG 2026-08-06 12:28:51 t_client.py:477 Control loop (ms): 0.24
DEBUG 2026-08-06 12:28:51 t_client.py:477 Control loop (ms): 0.20
DEBUG 2026-08-06 12:28:51 t_client.py:477 Control loop (ms): 0.23
DEBUG 2026-08-06 12:28:51 t_client.py:477 Control loop (ms): 0.28
DEBUG 2026-08-06 12:28:51 t_client.py:477 Control loop (ms): 0.30
DEBUG 2026-08-06 12:28:51 t_client.py:477 Control loop (ms): 0.23
DEBUG 2026-08-06 12:28:51 t_client.py:477 Control loop (ms): 0.19
DEBUG 2026-08-06 12:28:51 t_client.py:477 Control loop (ms): 0.21
DEBUG 2026-08-06 12:28:51 t_client.py:477 Control loop (ms): 0.25
DEBUG 2026-08-06 12:28:51 t_client.py:477 Control loop (ms): 0.21
DEBUG 2026-08-06 12:28:51 t_client.py:477 Control loop (ms): 0.35
DEBUG 2026-08-06 12:28:51 t_client.py:477 Control loop (ms): 0.42
DEBUG 2026-08-06 12:28:51 t_client.py:477 Control loop (ms): 0.34
DEBUG 2026-08-06 12:28:52 t_client.py:477 Control loop (ms): 0.38
DEBUG 2026-08-06 12:28:52 t_client.py:477 Control loop (ms): 0.34
DEBUG 2026-08-06 12:28:52 t_client.py:477 Control loop (ms): 0.41
DEBUG 2026-08-06 12:28:52 t_client.py:477 Control loop (ms): 0.35
DEBUG 2026-08-06 12:28:52 t_client.py:477 Control loop (ms): 0.28
DEBUG 2026-08-06 12:28:52 t_client.py:477 Control loop (ms): 0.52
DEBUG 2026-08-06 12:28:52 t_client.py:477 Control loop (ms): 0.41
DEBUG 2026-08-06 12:28:52 t_client.py:477 Control loop (ms): 0.48
DEBUG 2026-08-06 12:28:52 t_client.py:477 Control loop (ms): 0.38
DEBUG 2026-08-06 12:28:52 t_client.py:477 Control loop (ms): 0.38
DEBUG 2026-08-06 12:28:52 t_client.py:477 Control loop (ms): 0.46
DEBUG 2026-08-06 12:28:52 t_client.py:477 Control loop (ms): 0.34
DEBUG 2026-08-06 12:28:52 t_client.py:477 Control loop (ms): 0.36
DEBUG 2026-08-06 12:28:52 t_client.py:477 Control loop (ms): 0.32
DEBUG 2026-08-06 12:28:52 t_client.py:477 Control loop (ms): 0.43
DEBUG 2026-08-06 12:28:52 t_client.py:477 Control loop (ms): 0.42
DEBUG 2026-08-06 12:28:52 t_client.py:477 Control loop (ms): 0.38
DEBUG 2026-08-06 12:28:52 t_client.py:477 Control loop (ms): 0.32
DEBUG 2026-08-06 12:28:52 t_client.py:477 Control loop (ms): 0.40
DEBUG 2026-08-06 12:28:53 t_client.py:477 Control loop (ms): 0.40
DEBUG 2026-08-06 12:28:53 t_client.py:477 Control loop (ms): 0.43
DEBUG 2026-08-06 12:28:53 t_client.py:477 Control loop (ms): 0.37
DEBUG 2026-08-06 12:28:53 t_client.py:477 Control loop (ms): 0.46
DEBUG 2026-08-06 12:28:53 t_client.py:477 Control loop (ms): 0.34
DEBUG 2026-08-06 12:28:53 t_client.py:477 Control loop (ms): 0.40
DEBUG 2026-08-06 12:28:53 t_client.py:477 Control loop (ms): 0.36
DEBUG 2026-08-06 12:28:53 t_client.py:477 Control loop (ms): 0.47
DEBUG 2026-08-06 12:28:53 t_client.py:477 Control loop (ms): 0.37
DEBUG 2026-08-06 12:28:53 t_client.py:477 Control loop (ms): 0.46
DEBUG 2026-08-06 12:28:53 t_client.py:477 Control loop (ms): 0.36
DEBUG 2026-08-06 12:28:53 t_client.py:477 Control loop (ms): 0.43
DEBUG 2026-08-06 12:28:53 follower.py:188 guardian_follower_left SOFollower read state: 1.3ms
DEBUG 2026-08-06 12:28:53 follower.py:196 guardian_follower_left SOFollower read left_wrist: 0.0ms
DEBUG 2026-08-06 12:28:53 follower.py:196 guardian_follower_left SOFollower read right_wrist: 0.0ms
DEBUG 2026-08-06 12:28:53 follower.py:196 guardian_follower_left SOFollower read overhead: 0.0ms
DEBUG 2026-08-06 12:28:53 follower.py:188 guardian_follower_right SOFollower read state: 0.9ms
DEBUG 2026-08-06 12:28:53 t_client.py:198 Observation serialization time: 0.001704s
DEBUG 2026-08-06 12:28:53 ort/utils.py:54 [CLIENT] Observation Buffer size 2.6375579833984375 MB with
DEBUG 2026-08-06 12:28:53 ort/utils.py:69 [CLIENT] Observation Sent 2097152/2765680 bytes with state 1
DEBUG 2026-08-06 12:28:54 ort/utils.py:69 [CLIENT] Observation Sent 2765680/2765680 bytes with state 3
DEBUG 2026-08-06 12:28:54 ort/utils.py:71 [CLIENT] Observation Published 2.6375579833984375 MB
DEBUG 2026-08-06 12:28:54 t_client.py:209 Sent observation #748 | 
DEBUG 2026-08-06 12:28:54 t_client.py:434 QUEUE SIZE: 50 (Must go: False)
DEBUG 2026-08-06 12:28:54 t_client.py:477 Control loop (ms): 741.26
DEBUG 2026-08-06 12:28:54 follower.py:188 guardian_follower_left SOFollower read state: 1.5ms
DEBUG 2026-08-06 12:28:54 follower.py:196 guardian_follower_left SOFollower read left_wrist: 0.0ms
DEBUG 2026-08-06 12:28:54 follower.py:196 guardian_follower_left SOFollower read right_wrist: 0.0ms
DEBUG 2026-08-06 12:28:54 follower.py:196 guardian_follower_left SOFollower read overhead: 0.0ms
DEBUG 2026-08-06 12:28:54 follower.py:188 guardian_follower_right SOFollower read state: 1.0ms
DEBUG 2026-08-06 12:28:54 t_client.py:198 Observation serialization time: 0.002177s
DEBUG 2026-08-06 12:28:54 ort/utils.py:54 [CLIENT] Observation Buffer size 2.6375579833984375 MB with
DEBUG 2026-08-06 12:28:54 ort/utils.py:69 [CLIENT] Observation Sent 2097152/2765680 bytes with state 1
DEBUG 2026-08-06 12:28:54 ort/utils.py:69 [CLIENT] Observation Sent 2765680/2765680 bytes with state 3
DEBUG 2026-08-06 12:28:54 ort/utils.py:71 [CLIENT] Observation Published 2.6375579833984375 MB
DEBUG 2026-08-06 12:28:54 t_client.py:292 Received actions on device: cpu
DEBUG 2026-08-06 12:28:54 t_client.py:302 Actions kept on device: cpu
DEBUG 2026-08-06 12:28:54 t_client.py:209 Sent observation #749 | 
DEBUG 2026-08-06 12:28:54 t_client.py:434 QUEUE SIZE: 49 (Must go: False)
DEBUG 2026-08-06 12:28:54 t_client.py:477 Control loop (ms): 653.23
DEBUG 2026-08-06 12:28:54 t_client.py:477 Control loop (ms): 0.50
DEBUG 2026-08-06 12:28:55 t_client.py:477 Control loop (ms): 0.43
DEBUG 2026-08-06 12:28:55 t_client.py:292 Received actions on device: cpu
DEBUG 2026-08-06 12:28:55 t_client.py:302 Actions kept on device: cpu
DEBUG 2026-08-06 12:28:55 t_client.py:477 Control loop (ms): 0.42
DEBUG 2026-08-06 12:28:55 t_client.py:477 Control loop (ms): 0.33
DEBUG 2026-08-06 12:28:55 t_client.py:477 Control loop (ms): 0.43
DEBUG 2026-08-06 12:28:55 t_client.py:477 Control loop (ms): 0.36
DEBUG 2026-08-06 12:28:55 t_client.py:477 Control loop (ms): 0.38
DEBUG 2026-08-06 12:28:55 t_client.py:477 Control loop (ms): 0.39
DEBUG 2026-08-06 12:28:55 t_client.py:477 Control loop (ms): 0.41
DEBUG 2026-08-06 12:28:55 t_client.py:477 Control loop (ms): 0.34
DEBUG 2026-08-06 12:28:55 t_client.py:477 Control loop (ms): 0.31
DEBUG 2026-08-06 12:28:55 t_client.py:477 Control loop (ms): 0.31
DEBUG 2026-08-06 12:28:55 t_client.py:477 Control loop (ms): 0.33
DEBUG 2026-08-06 12:28:55 t_client.py:477 Control loop (ms): 0.31
DEBUG 2026-08-06 12:28:55 t_client.py:477 Control loop (ms): 0.31
DEBUG 2026-08-06 12:28:55 t_client.py:477 Control loop (ms): 0.34
DEBUG 2026-08-06 12:28:55 t_client.py:477 Control loop (ms): 0.31
DEBUG 2026-08-06 12:28:55 t_client.py:477 Control loop (ms): 0.33
DEBUG 2026-08-06 12:28:55 t_client.py:477 Control loop (ms): 0.34
DEBUG 2026-08-06 12:28:55 t_client.py:477 Control loop (ms): 0.33
DEBUG 2026-08-06 12:28:55 t_client.py:477 Control loop (ms): 0.30
DEBUG 2026-08-06 12:28:56 t_client.py:477 Control loop (ms): 0.32
DEBUG 2026-08-06 12:28:56 t_client.py:477 Control loop (ms): 0.30
DEBUG 2026-08-06 12:28:56 t_client.py:477 Control loop (ms): 0.32
DEBUG 2026-08-06 12:28:56 t_client.py:477 Control loop (ms): 0.39
DEBUG 2026-08-06 12:28:56 t_client.py:477 Control loop (ms): 0.36
DEBUG 2026-08-06 12:28:56 t_client.py:477 Control loop (ms): 0.49
DEBUG 2026-08-06 12:28:56 t_client.py:477 Control loop (ms): 0.63
DEBUG 2026-08-06 12:28:56 t_client.py:477 Control loop (ms): 0.45
DEBUG 2026-08-06 12:28:56 t_client.py:477 Control loop (ms): 0.42
DEBUG 2026-08-06 12:28:56 t_client.py:477 Control loop (ms): 0.31
DEBUG 2026-08-06 12:28:56 t_client.py:477 Control loop (ms): 0.43
DEBUG 2026-08-06 12:28:56 t_client.py:477 Control loop (ms): 0.32
DEBUG 2026-08-06 12:28:56 t_client.py:477 Control loop (ms): 0.34
DEBUG 2026-08-06 12:28:56 t_client.py:477 Control loop (ms): 0.26
DEBUG 2026-08-06 12:28:56 t_client.py:477 Control loop (ms): 0.27
DEBUG 2026-08-06 12:28:56 t_client.py:477 Control loop (ms): 0.30
DEBUG 2026-08-06 12:28:56 t_client.py:477 Control loop (ms): 0.42
DEBUG 2026-08-06 12:28:56 t_client.py:477 Control loop (ms): 0.38
DEBUG 2026-08-06 12:28:56 t_client.py:477 Control loop (ms): 0.33
DEBUG 2026-08-06 12:28:56 t_client.py:477 Control loop (ms): 0.34
DEBUG 2026-08-06 12:28:57 t_client.py:477 Control loop (ms): 0.38
DEBUG 2026-08-06 12:28:57 t_client.py:477 Control loop (ms): 0.55
DEBUG 2026-08-06 12:28:57 t_client.py:477 Control loop (ms): 0.30
DEBUG 2026-08-06 12:28:57 t_client.py:477 Control loop (ms): 0.29
DEBUG 2026-08-06 12:28:57 t_client.py:477 Control loop (ms): 0.36
DEBUG 2026-08-06 12:28:57 t_client.py:477 Control loop (ms): 0.54
DEBUG 2026-08-06 12:28:57 t_client.py:477 Control loop (ms): 0.39
DEBUG 2026-08-06 12:28:57 follower.py:188 guardian_follower_left SOFollower read state: 1.3ms
DEBUG 2026-08-06 12:28:57 follower.py:196 guardian_follower_left SOFollower read left_wrist: 0.0ms
DEBUG 2026-08-06 12:28:57 follower.py:196 guardian_follower_left SOFollower read right_wrist: 0.0ms
DEBUG 2026-08-06 12:28:57 follower.py:196 guardian_follower_left SOFollower read overhead: 0.0ms
DEBUG 2026-08-06 12:28:57 follower.py:188 guardian_follower_right SOFollower read state: 0.9ms
DEBUG 2026-08-06 12:28:57 t_client.py:198 Observation serialization time: 0.001823s
DEBUG 2026-08-06 12:28:57 ort/utils.py:54 [CLIENT] Observation Buffer size 2.6375579833984375 MB with
DEBUG 2026-08-06 12:28:57 ort/utils.py:69 [CLIENT] Observation Sent 2097152/2765680 bytes with state 1
DEBUG 2026-08-06 12:28:57 ort/utils.py:69 [CLIENT] Observation Sent 2765680/2765680 bytes with state 3
DEBUG 2026-08-06 12:28:57 ort/utils.py:71 [CLIENT] Observation Published 2.6375579833984375 MB
DEBUG 2026-08-06 12:28:58 t_client.py:209 Sent observation #798 | 
DEBUG 2026-08-06 12:28:58 t_client.py:434 QUEUE SIZE: 50 (Must go: False)
DEBUG 2026-08-06 12:28:58 t_client.py:477 Control loop (ms): 842.78
DEBUG 2026-08-06 12:28:58 follower.py:188 guardian_follower_left SOFollower read state: 1.3ms
DEBUG 2026-08-06 12:28:58 follower.py:196 guardian_follower_left SOFollower read left_wrist: 0.0ms
DEBUG 2026-08-06 12:28:58 follower.py:196 guardian_follower_left SOFollower read right_wrist: 0.0ms
DEBUG 2026-08-06 12:28:58 follower.py:196 guardian_follower_left SOFollower read overhead: 0.0ms
DEBUG 2026-08-06 12:28:58 follower.py:188 guardian_follower_right SOFollower read state: 0.9ms
DEBUG 2026-08-06 12:28:58 t_client.py:198 Observation serialization time: 0.001784s
DEBUG 2026-08-06 12:28:58 ort/utils.py:54 [CLIENT] Observation Buffer size 2.6375579833984375 MB with
DEBUG 2026-08-06 12:28:58 ort/utils.py:69 [CLIENT] Observation Sent 2097152/2765680 bytes with state 1
DEBUG 2026-08-06 12:28:58 ort/utils.py:69 [CLIENT] Observation Sent 2765680/2765680 bytes with state 3
DEBUG 2026-08-06 12:28:58 ort/utils.py:71 [CLIENT] Observation Published 2.6375579833984375 MB
DEBUG 2026-08-06 12:28:58 t_client.py:292 Received actions on device: cpu
DEBUG 2026-08-06 12:28:58 t_client.py:302 Actions kept on device: cpu
DEBUG 2026-08-06 12:28:58 t_client.py:209 Sent observation #799 | 
DEBUG 2026-08-06 12:28:58 t_client.py:434 QUEUE SIZE: 49 (Must go: False)
DEBUG 2026-08-06 12:28:58 t_client.py:477 Control loop (ms): 558.98
DEBUG 2026-08-06 12:28:58 t_client.py:477 Control loop (ms): 0.39
DEBUG 2026-08-06 12:28:58 t_client.py:477 Control loop (ms): 0.42
DEBUG 2026-08-06 12:28:58 t_client.py:292 Received actions on device: cpu
DEBUG 2026-08-06 12:28:58 t_client.py:302 Actions kept on device: cpu
DEBUG 2026-08-06 12:28:58 t_client.py:477 Control loop (ms): 0.33
DEBUG 2026-08-06 12:28:58 t_client.py:477 Control loop (ms): 0.47
DEBUG 2026-08-06 12:28:59 t_client.py:477 Control loop (ms): 0.38
DEBUG 2026-08-06 12:28:59 t_client.py:477 Control loop (ms): 0.42
DEBUG 2026-08-06 12:28:59 t_client.py:477 Control loop (ms): 0.41
DEBUG 2026-08-06 12:28:59 t_client.py:477 Control loop (ms): 0.44
DEBUG 2026-08-06 12:28:59 t_client.py:477 Control loop (ms): 0.39
DEBUG 2026-08-06 12:28:59 t_client.py:477 Control loop (ms): 0.46
DEBUG 2026-08-06 12:28:59 t_client.py:477 Control loop (ms): 0.38
DEBUG 2026-08-06 12:28:59 t_client.py:477 Control loop (ms): 0.33
DEBUG 2026-08-06 12:28:59 t_client.py:477 Control loop (ms): 0.34
DEBUG 2026-08-06 12:28:59 t_client.py:477 Control loop (ms): 0.28
DEBUG 2026-08-06 12:28:59 t_client.py:477 Control loop (ms): 0.41
DEBUG 2026-08-06 12:28:59 t_client.py:477 Control loop (ms): 0.36
DEBUG 2026-08-06 12:28:59 t_client.py:477 Control loop (ms): 0.42
DEBUG 2026-08-06 12:28:59 t_client.py:477 Control loop (ms): 0.41
DEBUG 2026-08-06 12:28:59 t_client.py:477 Control loop (ms): 0.43
DEBUG 2026-08-06 12:28:59 t_client.py:477 Control loop (ms): 0.25
DEBUG 2026-08-06 12:28:59 t_client.py:477 Control loop (ms): 0.41
DEBUG 2026-08-06 12:28:59 t_client.py:477 Control loop (ms): 0.24
DEBUG 2026-08-06 12:28:59 t_client.py:477 Control loop (ms): 0.29
DEBUG 2026-08-06 12:28:59 t_client.py:477 Control loop (ms): 0.33
DEBUG 2026-08-06 12:29:00 t_client.py:477 Control loop (ms): 0.42
DEBUG 2026-08-06 12:29:00 t_client.py:477 Control loop (ms): 0.37
DEBUG 2026-08-06 12:29:00 t_client.py:477 Control loop (ms): 0.37
DEBUG 2026-08-06 12:29:00 t_client.py:477 Control loop (ms): 0.41
DEBUG 2026-08-06 12:29:00 t_client.py:477 Control loop (ms): 0.48
DEBUG 2026-08-06 12:29:00 t_client.py:477 Control loop (ms): 0.28
DEBUG 2026-08-06 12:29:00 t_client.py:477 Control loop (ms): 0.32
DEBUG 2026-08-06 12:29:00 t_client.py:477 Control loop (ms): 0.56
DEBUG 2026-08-06 12:29:00 t_client.py:477 Control loop (ms): 0.51
DEBUG 2026-08-06 12:29:00 t_client.py:477 Control loop (ms): 0.40
DEBUG 2026-08-06 12:29:00 t_client.py:477 Control loop (ms): 0.51
DEBUG 2026-08-06 12:29:00 t_client.py:477 Control loop (ms): 0.34
DEBUG 2026-08-06 12:29:00 t_client.py:477 Control loop (ms): 0.48
DEBUG 2026-08-06 12:29:00 t_client.py:477 Control loop (ms): 0.46
DEBUG 2026-08-06 12:29:00 t_client.py:477 Control loop (ms): 0.41
DEBUG 2026-08-06 12:29:00 t_client.py:477 Control loop (ms): 0.31
DEBUG 2026-08-06 12:29:00 t_client.py:477 Control loop (ms): 0.43
DEBUG 2026-08-06 12:29:00 t_client.py:477 Control loop (ms): 0.37
DEBUG 2026-08-06 12:29:00 t_client.py:477 Control loop (ms): 0.43
DEBUG 2026-08-06 12:29:00 t_client.py:477 Control loop (ms): 0.38
DEBUG 2026-08-06 12:29:01 t_client.py:477 Control loop (ms): 0.47
DEBUG 2026-08-06 12:29:01 t_client.py:477 Control loop (ms): 0.32
DEBUG 2026-08-06 12:29:01 t_client.py:477 Control loop (ms): 0.41
DEBUG 2026-08-06 12:29:01 t_client.py:477 Control loop (ms): 0.44
DEBUG 2026-08-06 12:29:01 follower.py:188 guardian_follower_left SOFollower read state: 1.4ms
DEBUG 2026-08-06 12:29:01 follower.py:196 guardian_follower_left SOFollower read left_wrist: 0.0ms
DEBUG 2026-08-06 12:29:01 follower.py:196 guardian_follower_left SOFollower read right_wrist: 0.0ms
DEBUG 2026-08-06 12:29:01 follower.py:196 guardian_follower_left SOFollower read overhead: 0.0ms
DEBUG 2026-08-06 12:29:01 follower.py:188 guardian_follower_right SOFollower read state: 0.9ms
DEBUG 2026-08-06 12:29:01 t_client.py:198 Observation serialization time: 0.002041s
DEBUG 2026-08-06 12:29:01 ort/utils.py:54 [CLIENT] Observation Buffer size 2.6375579833984375 MB with
DEBUG 2026-08-06 12:29:01 ort/utils.py:69 [CLIENT] Observation Sent 2097152/2765680 bytes with state 1
DEBUG 2026-08-06 12:29:01 ort/utils.py:69 [CLIENT] Observation Sent 2765680/2765680 bytes with state 3
DEBUG 2026-08-06 12:29:01 ort/utils.py:71 [CLIENT] Observation Published 2.6375579833984375 MB
DEBUG 2026-08-06 12:29:01 t_client.py:209 Sent observation #848 | 
DEBUG 2026-08-06 12:29:01 t_client.py:434 QUEUE SIZE: 50 (Must go: False)
DEBUG 2026-08-06 12:29:01 t_client.py:477 Control loop (ms): 458.20
DEBUG 2026-08-06 12:29:01 follower.py:188 guardian_follower_left SOFollower read state: 1.4ms
DEBUG 2026-08-06 12:29:01 follower.py:196 guardian_follower_left SOFollower read left_wrist: 0.0ms
DEBUG 2026-08-06 12:29:01 follower.py:196 guardian_follower_left SOFollower read right_wrist: 0.0ms
DEBUG 2026-08-06 12:29:01 follower.py:196 guardian_follower_left SOFollower read overhead: 0.0ms
DEBUG 2026-08-06 12:29:01 follower.py:188 guardian_follower_right SOFollower read state: 0.9ms
DEBUG 2026-08-06 12:29:01 t_client.py:198 Observation serialization time: 0.001805s
DEBUG 2026-08-06 12:29:01 ort/utils.py:54 [CLIENT] Observation Buffer size 2.6375579833984375 MB with
DEBUG 2026-08-06 12:29:01 ort/utils.py:69 [CLIENT] Observation Sent 2097152/2765680 bytes with state 1
DEBUG 2026-08-06 12:29:01 ort/utils.py:69 [CLIENT] Observation Sent 2765680/2765680 bytes with state 3
DEBUG 2026-08-06 12:29:01 ort/utils.py:71 [CLIENT] Observation Published 2.6375579833984375 MB
DEBUG 2026-08-06 12:29:02 t_client.py:292 Received actions on device: cpu
DEBUG 2026-08-06 12:29:02 t_client.py:302 Actions kept on device: cpu
DEBUG 2026-08-06 12:29:02 t_client.py:209 Sent observation #849 | 
DEBUG 2026-08-06 12:29:02 t_client.py:434 QUEUE SIZE: 49 (Must go: False)
DEBUG 2026-08-06 12:29:02 t_client.py:477 Control loop (ms): 471.75
DEBUG 2026-08-06 12:29:02 t_client.py:477 Control loop (ms): 0.49
DEBUG 2026-08-06 12:29:02 t_client.py:477 Control loop (ms): 0.44
DEBUG 2026-08-06 12:29:02 t_client.py:292 Received actions on device: cpu
DEBUG 2026-08-06 12:29:02 t_client.py:302 Actions kept on device: cpu
DEBUG 2026-08-06 12:29:02 t_client.py:477 Control loop (ms): 0.49
DEBUG 2026-08-06 12:29:02 t_client.py:477 Control loop (ms): 0.51
DEBUG 2026-08-06 12:29:02 t_client.py:477 Control loop (ms): 0.33
DEBUG 2026-08-06 12:29:02 t_client.py:477 Control loop (ms): 0.41
DEBUG 2026-08-06 12:29:02 t_client.py:477 Control loop (ms): 0.35
DEBUG 2026-08-06 12:29:02 t_client.py:477 Control loop (ms): 0.38
DEBUG 2026-08-06 12:29:02 t_client.py:477 Control loop (ms): 0.34
DEBUG 2026-08-06 12:29:02 t_client.py:477 Control loop (ms): 0.44
DEBUG 2026-08-06 12:29:02 t_client.py:477 Control loop (ms): 0.41
DEBUG 2026-08-06 12:29:02 t_client.py:477 Control loop (ms): 0.31
DEBUG 2026-08-06 12:29:02 t_client.py:477 Control loop (ms): 0.31
DEBUG 2026-08-06 12:29:02 t_client.py:477 Control loop (ms): 0.40
DEBUG 2026-08-06 12:29:02 t_client.py:477 Control loop (ms): 0.43
DEBUG 2026-08-06 12:29:02 t_client.py:477 Control loop (ms): 0.39
DEBUG 2026-08-06 12:29:02 t_client.py:477 Control loop (ms): 0.24
DEBUG 2026-08-06 12:29:02 t_client.py:477 Control loop (ms): 0.28
DEBUG 2026-08-06 12:29:03 t_client.py:477 Control loop (ms): 0.20
DEBUG 2026-08-06 12:29:03 t_client.py:477 Control loop (ms): 0.20
DEBUG 2026-08-06 12:29:03 t_client.py:477 Control loop (ms): 0.21
DEBUG 2026-08-06 12:29:03 t_client.py:477 Control loop (ms): 0.21
DEBUG 2026-08-06 12:29:03 t_client.py:477 Control loop (ms): 0.33
DEBUG 2026-08-06 12:29:03 t_client.py:477 Control loop (ms): 0.26
DEBUG 2026-08-06 12:29:03 t_client.py:477 Control loop (ms): 0.22
DEBUG 2026-08-06 12:29:03 t_client.py:477 Control loop (ms): 0.23
DEBUG 2026-08-06 12:29:03 t_client.py:477 Control loop (ms): 0.38
DEBUG 2026-08-06 12:29:03 t_client.py:477 Control loop (ms): 0.44
DEBUG 2026-08-06 12:29:03 t_client.py:477 Control loop (ms): 0.23
DEBUG 2026-08-06 12:29:03 t_client.py:477 Control loop (ms): 0.44
DEBUG 2026-08-06 12:29:03 t_client.py:477 Control loop (ms): 0.31
DEBUG 2026-08-06 12:29:03 t_client.py:477 Control loop (ms): 0.44
DEBUG 2026-08-06 12:29:03 t_client.py:477 Control loop (ms): 0.39
DEBUG 2026-08-06 12:29:03 t_client.py:477 Control loop (ms): 0.45
DEBUG 2026-08-06 12:29:03 t_client.py:477 Control loop (ms): 0.25
DEBUG 2026-08-06 12:29:03 t_client.py:477 Control loop (ms): 0.31
DEBUG 2026-08-06 12:29:03 t_client.py:477 Control loop (ms): 0.34
DEBUG 2026-08-06 12:29:03 t_client.py:477 Control loop (ms): 0.35
DEBUG 2026-08-06 12:29:04 t_client.py:477 Control loop (ms): 0.31
DEBUG 2026-08-06 12:29:04 t_client.py:477 Control loop (ms): 0.40
DEBUG 2026-08-06 12:29:04 t_client.py:477 Control loop (ms): 0.29
DEBUG 2026-08-06 12:29:04 t_client.py:477 Control loop (ms): 0.42
DEBUG 2026-08-06 12:29:04 t_client.py:477 Control loop (ms): 0.34
DEBUG 2026-08-06 12:29:04 t_client.py:477 Control loop (ms): 0.43
DEBUG 2026-08-06 12:29:04 t_client.py:477 Control loop (ms): 0.44
DEBUG 2026-08-06 12:29:04 t_client.py:477 Control loop (ms): 0.37
DEBUG 2026-08-06 12:29:04 t_client.py:477 Control loop (ms): 0.31
DEBUG 2026-08-06 12:29:04 t_client.py:477 Control loop (ms): 0.27
DEBUG 2026-08-06 12:29:04 follower.py:188 guardian_follower_left SOFollower read state: 1.3ms
DEBUG 2026-08-06 12:29:04 follower.py:196 guardian_follower_left SOFollower read left_wrist: 0.0ms
DEBUG 2026-08-06 12:29:04 follower.py:196 guardian_follower_left SOFollower read right_wrist: 0.0ms
DEBUG 2026-08-06 12:29:04 follower.py:196 guardian_follower_left SOFollower read overhead: 0.0ms
DEBUG 2026-08-06 12:29:04 follower.py:188 guardian_follower_right SOFollower read state: 0.9ms
DEBUG 2026-08-06 12:29:04 t_client.py:198 Observation serialization time: 0.001730s
DEBUG 2026-08-06 12:29:04 ort/utils.py:54 [CLIENT] Observation Buffer size 2.6375579833984375 MB with
DEBUG 2026-08-06 12:29:04 ort/utils.py:69 [CLIENT] Observation Sent 2097152/2765680 bytes with state 1
DEBUG 2026-08-06 12:29:04 ort/utils.py:69 [CLIENT] Observation Sent 2765680/2765680 bytes with state 3
DEBUG 2026-08-06 12:29:04 ort/utils.py:71 [CLIENT] Observation Published 2.6375579833984375 MB
DEBUG 2026-08-06 12:29:04 t_client.py:209 Sent observation #898 | 
DEBUG 2026-08-06 12:29:04 t_client.py:434 QUEUE SIZE: 50 (Must go: False)
DEBUG 2026-08-06 12:29:04 t_client.py:477 Control loop (ms): 387.13
DEBUG 2026-08-06 12:29:04 follower.py:188 guardian_follower_left SOFollower read state: 1.3ms
DEBUG 2026-08-06 12:29:04 follower.py:196 guardian_follower_left SOFollower read left_wrist: 0.0ms
DEBUG 2026-08-06 12:29:04 follower.py:196 guardian_follower_left SOFollower read right_wrist: 0.0ms
DEBUG 2026-08-06 12:29:04 follower.py:196 guardian_follower_left SOFollower read overhead: 0.0ms
DEBUG 2026-08-06 12:29:04 follower.py:188 guardian_follower_right SOFollower read state: 0.9ms
DEBUG 2026-08-06 12:29:04 t_client.py:198 Observation serialization time: 0.001557s
DEBUG 2026-08-06 12:29:04 ort/utils.py:54 [CLIENT] Observation Buffer size 2.6375579833984375 MB with
DEBUG 2026-08-06 12:29:05 ort/utils.py:69 [CLIENT] Observation Sent 2097152/2765680 bytes with state 1
DEBUG 2026-08-06 12:29:05 ort/utils.py:69 [CLIENT] Observation Sent 2765680/2765680 bytes with state 3
DEBUG 2026-08-06 12:29:05 ort/utils.py:71 [CLIENT] Observation Published 2.6375579833984375 MB
DEBUG 2026-08-06 12:29:05 t_client.py:292 Received actions on device: cpu
DEBUG 2026-08-06 12:29:05 t_client.py:302 Actions kept on device: cpu
DEBUG 2026-08-06 12:29:05 t_client.py:209 Sent observation #899 | 
DEBUG 2026-08-06 12:29:05 t_client.py:434 QUEUE SIZE: 49 (Must go: False)
DEBUG 2026-08-06 12:29:05 t_client.py:477 Control loop (ms): 504.93
DEBUG 2026-08-06 12:29:05 t_client.py:477 Control loop (ms): 0.45
DEBUG 2026-08-06 12:29:05 t_client.py:477 Control loop (ms): 0.41
DEBUG 2026-08-06 12:29:05 t_client.py:292 Received actions on device: cpu
DEBUG 2026-08-06 12:29:05 t_client.py:302 Actions kept on device: cpu
DEBUG 2026-08-06 12:29:05 t_client.py:477 Control loop (ms): 0.46
DEBUG 2026-08-06 12:29:05 t_client.py:477 Control loop (ms): 0.32
DEBUG 2026-08-06 12:29:05 t_client.py:477 Control loop (ms): 0.35
DEBUG 2026-08-06 12:29:05 t_client.py:477 Control loop (ms): 0.37
DEBUG 2026-08-06 12:29:05 t_client.py:477 Control loop (ms): 0.38
DEBUG 2026-08-06 12:29:05 t_client.py:477 Control loop (ms): 0.44
DEBUG 2026-08-06 12:29:05 t_client.py:477 Control loop (ms): 0.42
DEBUG 2026-08-06 12:29:05 t_client.py:477 Control loop (ms): 0.36
DEBUG 2026-08-06 12:29:05 t_client.py:477 Control loop (ms): 0.33
DEBUG 2026-08-06 12:29:05 t_client.py:477 Control loop (ms): 0.33
DEBUG 2026-08-06 12:29:06 t_client.py:477 Control loop (ms): 0.28
DEBUG 2026-08-06 12:29:06 t_client.py:477 Control loop (ms): 0.34
DEBUG 2026-08-06 12:29:06 t_client.py:477 Control loop (ms): 0.33
DEBUG 2026-08-06 12:29:06 t_client.py:477 Control loop (ms): 0.31
DEBUG 2026-08-06 12:29:06 t_client.py:477 Control loop (ms): 0.50
DEBUG 2026-08-06 12:29:06 t_client.py:477 Control loop (ms): 0.42
DEBUG 2026-08-06 12:29:06 t_client.py:477 Control loop (ms): 0.36
DEBUG 2026-08-06 12:29:06 t_client.py:477 Control loop (ms): 0.33
DEBUG 2026-08-06 12:29:06 t_client.py:477 Control loop (ms): 0.40
DEBUG 2026-08-06 12:29:06 t_client.py:477 Control loop (ms): 0.36
DEBUG 2026-08-06 12:29:06 t_client.py:477 Control loop (ms): 0.31
DEBUG 2026-08-06 12:29:06 t_client.py:477 Control loop (ms): 0.36
DEBUG 2026-08-06 12:29:06 t_client.py:477 Control loop (ms): 0.30
DEBUG 2026-08-06 12:29:06 t_client.py:477 Control loop (ms): 0.40
DEBUG 2026-08-06 12:29:06 t_client.py:477 Control loop (ms): 0.43
DEBUG 2026-08-06 12:29:06 t_client.py:477 Control loop (ms): 0.43
DEBUG 2026-08-06 12:29:06 t_client.py:477 Control loop (ms): 0.29
DEBUG 2026-08-06 12:29:06 t_client.py:477 Control loop (ms): 0.42
DEBUG 2026-08-06 12:29:06 t_client.py:477 Control loop (ms): 0.23
DEBUG 2026-08-06 12:29:06 t_client.py:477 Control loop (ms): 0.45
DEBUG 2026-08-06 12:29:07 t_client.py:477 Control loop (ms): 0.44
DEBUG 2026-08-06 12:29:07 t_client.py:477 Control loop (ms): 0.39
DEBUG 2026-08-06 12:29:07 t_client.py:477 Control loop (ms): 0.22
DEBUG 2026-08-06 12:29:07 t_client.py:477 Control loop (ms): 0.45
DEBUG 2026-08-06 12:29:07 t_client.py:477 Control loop (ms): 0.49
DEBUG 2026-08-06 12:29:07 t_client.py:477 Control loop (ms): 0.30
DEBUG 2026-08-06 12:29:07 t_client.py:477 Control loop (ms): 0.35
DEBUG 2026-08-06 12:29:07 t_client.py:477 Control loop (ms): 0.85
DEBUG 2026-08-06 12:29:07 t_client.py:477 Control loop (ms): 0.29
DEBUG 2026-08-06 12:29:07 t_client.py:477 Control loop (ms): 0.34
DEBUG 2026-08-06 12:29:07 t_client.py:477 Control loop (ms): 0.26
DEBUG 2026-08-06 12:29:07 t_client.py:477 Control loop (ms): 0.34
DEBUG 2026-08-06 12:29:07 t_client.py:477 Control loop (ms): 0.28
DEBUG 2026-08-06 12:29:07 t_client.py:477 Control loop (ms): 0.42
DEBUG 2026-08-06 12:29:07 t_client.py:477 Control loop (ms): 0.40
DEBUG 2026-08-06 12:29:07 t_client.py:477 Control loop (ms): 0.41
DEBUG 2026-08-06 12:29:07 follower.py:188 guardian_follower_left SOFollower read state: 1.4ms
DEBUG 2026-08-06 12:29:07 follower.py:196 guardian_follower_left SOFollower read left_wrist: 0.0ms
DEBUG 2026-08-06 12:29:07 follower.py:196 guardian_follower_left SOFollower read right_wrist: 0.0ms
DEBUG 2026-08-06 12:29:07 follower.py:196 guardian_follower_left SOFollower read overhead: 0.0ms
DEBUG 2026-08-06 12:29:07 follower.py:188 guardian_follower_right SOFollower read state: 0.9ms
DEBUG 2026-08-06 12:29:07 t_client.py:198 Observation serialization time: 0.001583s
DEBUG 2026-08-06 12:29:07 ort/utils.py:54 [CLIENT] Observation Buffer size 2.6375579833984375 MB with
DEBUG 2026-08-06 12:29:07 ort/utils.py:69 [CLIENT] Observation Sent 2097152/2765680 bytes with state 1
DEBUG 2026-08-06 12:29:08 ort/utils.py:69 [CLIENT] Observation Sent 2765680/2765680 bytes with state 3
DEBUG 2026-08-06 12:29:08 ort/utils.py:71 [CLIENT] Observation Published 2.6375579833984375 MB
DEBUG 2026-08-06 12:29:08 t_client.py:209 Sent observation #948 | 
DEBUG 2026-08-06 12:29:08 t_client.py:434 QUEUE SIZE: 50 (Must go: False)
DEBUG 2026-08-06 12:29:08 t_client.py:477 Control loop (ms): 370.93
DEBUG 2026-08-06 12:29:08 follower.py:188 guardian_follower_left SOFollower read state: 1.4ms
DEBUG 2026-08-06 12:29:08 follower.py:196 guardian_follower_left SOFollower read left_wrist: 0.0ms
DEBUG 2026-08-06 12:29:08 follower.py:196 guardian_follower_left SOFollower read right_wrist: 0.0ms
DEBUG 2026-08-06 12:29:08 follower.py:196 guardian_follower_left SOFollower read overhead: 0.0ms
DEBUG 2026-08-06 12:29:08 follower.py:188 guardian_follower_right SOFollower read state: 0.9ms
DEBUG 2026-08-06 12:29:08 t_client.py:198 Observation serialization time: 0.001735s
DEBUG 2026-08-06 12:29:08 ort/utils.py:54 [CLIENT] Observation Buffer size 2.6375579833984375 MB with
DEBUG 2026-08-06 12:29:08 ort/utils.py:69 [CLIENT] Observation Sent 2097152/2765680 bytes with state 1
DEBUG 2026-08-06 12:29:08 ort/utils.py:69 [CLIENT] Observation Sent 2765680/2765680 bytes with state 3
DEBUG 2026-08-06 12:29:08 ort/utils.py:71 [CLIENT] Observation Published 2.6375579833984375 MB
DEBUG 2026-08-06 12:29:08 t_client.py:292 Received actions on device: cpu
DEBUG 2026-08-06 12:29:08 t_client.py:302 Actions kept on device: cpu
DEBUG 2026-08-06 12:29:08 t_client.py:209 Sent observation #949 | 
DEBUG 2026-08-06 12:29:08 t_client.py:434 QUEUE SIZE: 49 (Must go: False)
DEBUG 2026-08-06 12:29:08 t_client.py:477 Control loop (ms): 459.72
DEBUG 2026-08-06 12:29:08 t_client.py:477 Control loop (ms): 0.38
DEBUG 2026-08-06 12:29:08 t_client.py:477 Control loop (ms): 0.50
DEBUG 2026-08-06 12:29:08 t_client.py:477 Control loop (ms): 0.44
DEBUG 2026-08-06 12:29:08 t_client.py:477 Control loop (ms): 0.39
DEBUG 2026-08-06 12:29:08 t_client.py:477 Control loop (ms): 0.33
DEBUG 2026-08-06 12:29:08 t_client.py:477 Control loop (ms): 0.48
DEBUG 2026-08-06 12:29:08 t_client.py:477 Control loop (ms): 0.39
DEBUG 2026-08-06 12:29:09 t_client.py:477 Control loop (ms): 0.38
DEBUG 2026-08-06 12:29:09 t_client.py:477 Control loop (ms): 0.44
DEBUG 2026-08-06 12:29:09 t_client.py:477 Control loop (ms): 0.40
DEBUG 2026-08-06 12:29:09 t_client.py:477 Control loop (ms): 0.34
DEBUG 2026-08-06 12:29:09 t_client.py:477 Control loop (ms): 0.45
DEBUG 2026-08-06 12:29:09 t_client.py:477 Control loop (ms): 0.42
DEBUG 2026-08-06 12:29:09 t_client.py:477 Control loop (ms): 0.39
DEBUG 2026-08-06 12:29:09 t_client.py:477 Control loop (ms): 0.38
DEBUG 2026-08-06 12:29:09 t_client.py:477 Control loop (ms): 0.36
DEBUG 2026-08-06 12:29:09 t_client.py:477 Control loop (ms): 0.34
DEBUG 2026-08-06 12:29:09 t_client.py:477 Control loop (ms): 0.35
DEBUG 2026-08-06 12:29:09 t_client.py:477 Control loop (ms): 0.32
DEBUG 2026-08-06 12:29:09 t_client.py:477 Control loop (ms): 0.37
DEBUG 2026-08-06 12:29:09 t_client.py:477 Control loop (ms): 0.30
DEBUG 2026-08-06 12:29:09 t_client.py:477 Control loop (ms): 0.50
DEBUG 2026-08-06 12:29:09 t_client.py:477 Control loop (ms): 0.39
DEBUG 2026-08-06 12:29:09 t_client.py:477 Control loop (ms): 0.40
DEBUG 2026-08-06 12:29:09 t_client.py:477 Control loop (ms): 0.35
DEBUG 2026-08-06 12:29:09 t_client.py:477 Control loop (ms): 0.41
DEBUG 2026-08-06 12:29:09 t_client.py:477 Control loop (ms): 0.38
DEBUG 2026-08-06 12:29:10 t_client.py:477 Control loop (ms): 0.37
DEBUG 2026-08-06 12:29:10 t_client.py:477 Control loop (ms): 0.32
DEBUG 2026-08-06 12:29:10 t_client.py:477 Control loop (ms): 0.26
DEBUG 2026-08-06 12:29:10 t_client.py:477 Control loop (ms): 0.27
DEBUG 2026-08-06 12:29:10 t_client.py:477 Control loop (ms): 0.40
DEBUG 2026-08-06 12:29:10 t_client.py:477 Control loop (ms): 0.43
DEBUG 2026-08-06 12:29:10 t_client.py:477 Control loop (ms): 0.41
DEBUG 2026-08-06 12:29:10 t_client.py:477 Control loop (ms): 0.48
DEBUG 2026-08-06 12:29:10 t_client.py:477 Control loop (ms): 0.35
DEBUG 2026-08-06 12:29:10 t_client.py:477 Control loop (ms): 0.41
DEBUG 2026-08-06 12:29:10 t_client.py:477 Control loop (ms): 0.56
DEBUG 2026-08-06 12:29:10 t_client.py:477 Control loop (ms): 0.27
DEBUG 2026-08-06 12:29:10 t_client.py:477 Control loop (ms): 0.24
DEBUG 2026-08-06 12:29:10 t_client.py:477 Control loop (ms): 0.27
DEBUG 2026-08-06 12:29:10 t_client.py:477 Control loop (ms): 0.43
DEBUG 2026-08-06 12:29:10 t_client.py:477 Control loop (ms): 0.43
DEBUG 2026-08-06 12:29:10 t_client.py:477 Control loop (ms): 0.23
DEBUG 2026-08-06 12:29:10 t_client.py:477 Control loop (ms): 0.25
DEBUG 2026-08-06 12:29:10 t_client.py:477 Control loop (ms): 0.30
DEBUG 2026-08-06 12:29:10 t_client.py:477 Control loop (ms): 0.37
DEBUG 2026-08-06 12:29:11 follower.py:188 guardian_follower_left SOFollower read state: 1.3ms
DEBUG 2026-08-06 12:29:11 follower.py:196 guardian_follower_left SOFollower read left_wrist: 0.0ms
DEBUG 2026-08-06 12:29:11 follower.py:196 guardian_follower_left SOFollower read right_wrist: 0.0ms
DEBUG 2026-08-06 12:29:11 follower.py:196 guardian_follower_left SOFollower read overhead: 0.0ms
DEBUG 2026-08-06 12:29:11 follower.py:188 guardian_follower_right SOFollower read state: 0.9ms
DEBUG 2026-08-06 12:29:11 t_client.py:198 Observation serialization time: 0.001617s
DEBUG 2026-08-06 12:29:11 ort/utils.py:54 [CLIENT] Observation Buffer size 2.6375579833984375 MB with
DEBUG 2026-08-06 12:29:11 ort/utils.py:69 [CLIENT] Observation Sent 2097152/2765680 bytes with state 1
DEBUG 2026-08-06 12:29:11 ort/utils.py:69 [CLIENT] Observation Sent 2765680/2765680 bytes with state 3
DEBUG 2026-08-06 12:29:11 ort/utils.py:71 [CLIENT] Observation Published 2.6375579833984375 MB
DEBUG 2026-08-06 12:29:11 t_client.py:209 Sent observation #997 | 
DEBUG 2026-08-06 12:29:11 t_client.py:434 QUEUE SIZE: 50 (Must go: False)
DEBUG 2026-08-06 12:29:11 t_client.py:477 Control loop (ms): 466.17
DEBUG 2026-08-06 12:29:11 follower.py:188 guardian_follower_left SOFollower read state: 1.3ms
DEBUG 2026-08-06 12:29:11 follower.py:196 guardian_follower_left SOFollower read left_wrist: 0.0ms
DEBUG 2026-08-06 12:29:11 follower.py:196 guardian_follower_left SOFollower read right_wrist: 0.0ms
DEBUG 2026-08-06 12:29:11 follower.py:196 guardian_follower_left SOFollower read overhead: 0.0ms
DEBUG 2026-08-06 12:29:11 follower.py:188 guardian_follower_right SOFollower read state: 0.9ms
DEBUG 2026-08-06 12:29:11 t_client.py:198 Observation serialization time: 0.001618s
DEBUG 2026-08-06 12:29:11 ort/utils.py:54 [CLIENT] Observation Buffer size 2.6375579833984375 MB with
DEBUG 2026-08-06 12:29:11 ort/utils.py:69 [CLIENT] Observation Sent 2097152/2765680 bytes with state 1
DEBUG 2026-08-06 12:29:11 ort/utils.py:69 [CLIENT] Observation Sent 2765680/2765680 bytes with state 3
DEBUG 2026-08-06 12:29:11 ort/utils.py:71 [CLIENT] Observation Published 2.6375579833984375 MB
DEBUG 2026-08-06 12:29:11 t_client.py:292 Received actions on device: cpu
DEBUG 2026-08-06 12:29:11 t_client.py:302 Actions kept on device: cpu
DEBUG 2026-08-06 12:29:11 t_client.py:209 Sent observation #998 | 
DEBUG 2026-08-06 12:29:11 t_client.py:434 QUEUE SIZE: 49 (Must go: False)
DEBUG 2026-08-06 12:29:11 t_client.py:477 Control loop (ms): 472.98
DEBUG 2026-08-06 12:29:11 t_client.py:477 Control loop (ms): 0.37
DEBUG 2026-08-06 12:29:12 t_client.py:477 Control loop (ms): 0.32
DEBUG 2026-08-06 12:29:12 t_client.py:292 Received actions on device: cpu
DEBUG 2026-08-06 12:29:12 t_client.py:302 Actions kept on device: cpu
DEBUG 2026-08-06 12:29:12 t_client.py:477 Control loop (ms): 0.42
DEBUG 2026-08-06 12:29:12 t_client.py:477 Control loop (ms): 0.34
DEBUG 2026-08-06 12:29:12 t_client.py:477 Control loop (ms): 0.23
DEBUG 2026-08-06 12:29:12 t_client.py:477 Control loop (ms): 0.35
DEBUG 2026-08-06 12:29:12 t_client.py:477 Control loop (ms): 0.43
DEBUG 2026-08-06 12:29:12 t_client.py:477 Control loop (ms): 0.28
DEBUG 2026-08-06 12:29:12 t_client.py:477 Control loop (ms): 0.26
DEBUG 2026-08-06 12:29:12 t_client.py:477 Control loop (ms): 0.32
DEBUG 2026-08-06 12:29:12 t_client.py:477 Control loop (ms): 0.45
DEBUG 2026-08-06 12:29:12 t_client.py:477 Control loop (ms): 0.33
DEBUG 2026-08-06 12:29:12 t_client.py:477 Control loop (ms): 0.36
DEBUG 2026-08-06 12:29:12 t_client.py:477 Control loop (ms): 0.39
DEBUG 2026-08-06 12:29:12 t_client.py:477 Control loop (ms): 0.31
DEBUG 2026-08-06 12:29:12 t_client.py:477 Control loop (ms): 0.41
DEBUG 2026-08-06 12:29:12 t_client.py:477 Control loop (ms): 0.42
DEBUG 2026-08-06 12:29:12 t_client.py:477 Control loop (ms): 0.29
DEBUG 2026-08-06 12:29:12 t_client.py:477 Control loop (ms): 0.36
DEBUG 2026-08-06 12:29:12 t_client.py:477 Control loop (ms): 0.28
DEBUG 2026-08-06 12:29:12 t_client.py:477 Control loop (ms): 0.29
DEBUG 2026-08-06 12:29:13 t_client.py:477 Control loop (ms): 0.27
DEBUG 2026-08-06 12:29:13 t_client.py:477 Control loop (ms): 0.25
DEBUG 2026-08-06 12:29:13 t_client.py:477 Control loop (ms): 0.33
DEBUG 2026-08-06 12:29:13 t_client.py:477 Control loop (ms): 0.30
DEBUG 2026-08-06 12:29:13 t_client.py:477 Control loop (ms): 0.22
DEBUG 2026-08-06 12:29:13 t_client.py:477 Control loop (ms): 0.24
DEBUG 2026-08-06 12:29:13 t_client.py:477 Control loop (ms): 0.33
DEBUG 2026-08-06 12:29:13 t_client.py:477 Control loop (ms): 0.26
DEBUG 2026-08-06 12:29:13 t_client.py:477 Control loop (ms): 0.28
DEBUG 2026-08-06 12:29:13 t_client.py:477 Control loop (ms): 0.21
DEBUG 2026-08-06 12:29:13 t_client.py:477 Control loop (ms): 0.33
DEBUG 2026-08-06 12:29:13 t_client.py:477 Control loop (ms): 0.25
DEBUG 2026-08-06 12:29:13 t_client.py:477 Control loop (ms): 0.27
DEBUG 2026-08-06 12:29:13 t_client.py:477 Control loop (ms): 0.19
DEBUG 2026-08-06 12:29:13 t_client.py:477 Control loop (ms): 0.27
DEBUG 2026-08-06 12:29:13 t_client.py:477 Control loop (ms): 0.27
DEBUG 2026-08-06 12:29:13 t_client.py:477 Control loop (ms): 0.27
DEBUG 2026-08-06 12:29:13 t_client.py:477 Control loop (ms): 0.18
DEBUG 2026-08-06 12:29:13 t_client.py:477 Control loop (ms): 0.30
DEBUG 2026-08-06 12:29:13 t_client.py:477 Control loop (ms): 0.25
DEBUG 2026-08-06 12:29:14 t_client.py:477 Control loop (ms): 0.26
DEBUG 2026-08-06 12:29:14 t_client.py:477 Control loop (ms): 0.21
DEBUG 2026-08-06 12:29:14 t_client.py:477 Control loop (ms): 0.31
DEBUG 2026-08-06 12:29:14 t_client.py:477 Control loop (ms): 0.25
DEBUG 2026-08-06 12:29:14 t_client.py:477 Control loop (ms): 0.45
DEBUG 2026-08-06 12:29:14 t_client.py:477 Control loop (ms): 0.26
DEBUG 2026-08-06 12:29:14 t_client.py:477 Control loop (ms): 0.43
DEBUG 2026-08-06 12:29:14 follower.py:188 guardian_follower_left SOFollower read state: 1.3ms
DEBUG 2026-08-06 12:29:14 follower.py:196 guardian_follower_left SOFollower read left_wrist: 0.0ms
DEBUG 2026-08-06 12:29:14 follower.py:196 guardian_follower_left SOFollower read right_wrist: 0.0ms
DEBUG 2026-08-06 12:29:14 follower.py:196 guardian_follower_left SOFollower read overhead: 0.0ms
DEBUG 2026-08-06 12:29:14 follower.py:188 guardian_follower_right SOFollower read state: 0.9ms
DEBUG 2026-08-06 12:29:14 t_client.py:198 Observation serialization time: 0.001816s
DEBUG 2026-08-06 12:29:14 ort/utils.py:54 [CLIENT] Observation Buffer size 2.6375579833984375 MB with
DEBUG 2026-08-06 12:29:14 ort/utils.py:69 [CLIENT] Observation Sent 2097152/2765680 bytes with state 1
DEBUG 2026-08-06 12:29:14 ort/utils.py:69 [CLIENT] Observation Sent 2765680/2765680 bytes with state 3
DEBUG 2026-08-06 12:29:14 ort/utils.py:71 [CLIENT] Observation Published 2.6375579833984375 MB
DEBUG 2026-08-06 12:29:14 t_client.py:209 Sent observation #1047 | 
DEBUG 2026-08-06 12:29:14 t_client.py:434 QUEUE SIZE: 50 (Must go: False)
DEBUG 2026-08-06 12:29:14 t_client.py:477 Control loop (ms): 461.12
DEBUG 2026-08-06 12:29:14 follower.py:188 guardian_follower_left SOFollower read state: 1.3ms
DEBUG 2026-08-06 12:29:14 follower.py:196 guardian_follower_left SOFollower read left_wrist: 0.0ms
DEBUG 2026-08-06 12:29:14 follower.py:196 guardian_follower_left SOFollower read right_wrist: 0.0ms
DEBUG 2026-08-06 12:29:14 follower.py:196 guardian_follower_left SOFollower read overhead: 0.0ms
DEBUG 2026-08-06 12:29:14 follower.py:188 guardian_follower_right SOFollower read state: 0.9ms
DEBUG 2026-08-06 12:29:14 t_client.py:198 Observation serialization time: 0.001623s
DEBUG 2026-08-06 12:29:14 ort/utils.py:54 [CLIENT] Observation Buffer size 2.6375579833984375 MB with
DEBUG 2026-08-06 12:29:14 ort/utils.py:69 [CLIENT] Observation Sent 2097152/2765680 bytes with state 1
DEBUG 2026-08-06 12:29:15 ort/utils.py:69 [CLIENT] Observation Sent 2765680/2765680 bytes with state 3
DEBUG 2026-08-06 12:29:15 ort/utils.py:71 [CLIENT] Observation Published 2.6375579833984375 MB
DEBUG 2026-08-06 12:29:15 t_client.py:292 Received actions on device: cpu
DEBUG 2026-08-06 12:29:15 t_client.py:302 Actions kept on device: cpu
DEBUG 2026-08-06 12:29:15 t_client.py:209 Sent observation #1048 | 
DEBUG 2026-08-06 12:29:15 t_client.py:434 QUEUE SIZE: 49 (Must go: False)
DEBUG 2026-08-06 12:29:15 t_client.py:477 Control loop (ms): 496.86
DEBUG 2026-08-06 12:29:15 t_client.py:477 Control loop (ms): 0.41
DEBUG 2026-08-06 12:29:15 t_client.py:477 Control loop (ms): 0.48
DEBUG 2026-08-06 12:29:15 t_client.py:477 Control loop (ms): 0.24
DEBUG 2026-08-06 12:29:15 t_client.py:477 Control loop (ms): 0.35
DEBUG 2026-08-06 12:29:15 t_client.py:477 Control loop (ms): 0.28
DEBUG 2026-08-06 12:29:15 t_client.py:477 Control loop (ms): 0.37
DEBUG 2026-08-06 12:29:15 t_client.py:477 Control loop (ms): 0.30
DEBUG 2026-08-06 12:29:15 t_client.py:477 Control loop (ms): 0.28
DEBUG 2026-08-06 12:29:15 t_client.py:477 Control loop (ms): 0.24
DEBUG 2026-08-06 12:29:15 t_client.py:477 Control loop (ms): 0.28
DEBUG 2026-08-06 12:29:15 t_client.py:477 Control loop (ms): 0.28
DEBUG 2026-08-06 12:29:15 t_client.py:477 Control loop (ms): 0.24
DEBUG 2026-08-06 12:29:15 t_client.py:477 Control loop (ms): 0.34
DEBUG 2026-08-06 12:29:15 t_client.py:477 Control loop (ms): 0.29
DEBUG 2026-08-06 12:29:16 t_client.py:477 Control loop (ms): 0.35
DEBUG 2026-08-06 12:29:16 t_client.py:477 Control loop (ms): 0.21
DEBUG 2026-08-06 12:29:16 t_client.py:477 Control loop (ms): 0.21
DEBUG 2026-08-06 12:29:16 t_client.py:477 Control loop (ms): 0.22
DEBUG 2026-08-06 12:29:16 t_client.py:477 Control loop (ms): 0.36
DEBUG 2026-08-06 12:29:16 t_client.py:477 Control loop (ms): 0.31
DEBUG 2026-08-06 12:29:16 t_client.py:477 Control loop (ms): 0.41
DEBUG 2026-08-06 12:29:16 t_client.py:477 Control loop (ms): 0.35
DEBUG 2026-08-06 12:29:16 t_client.py:477 Control loop (ms): 0.41
DEBUG 2026-08-06 12:29:16 t_client.py:477 Control loop (ms): 0.37
DEBUG 2026-08-06 12:29:16 t_client.py:477 Control loop (ms): 0.26
DEBUG 2026-08-06 12:29:16 t_client.py:477 Control loop (ms): 0.25
DEBUG 2026-08-06 12:29:16 t_client.py:477 Control loop (ms): 0.23
DEBUG 2026-08-06 12:29:16 t_client.py:477 Control loop (ms): 0.39
DEBUG 2026-08-06 12:29:16 t_client.py:477 Control loop (ms): 0.41
DEBUG 2026-08-06 12:29:16 t_client.py:477 Control loop (ms): 0.42
DEBUG 2026-08-06 12:29:16 t_client.py:477 Control loop (ms): 0.38
DEBUG 2026-08-06 12:29:16 t_client.py:477 Control loop (ms): 0.26
DEBUG 2026-08-06 12:29:16 t_client.py:477 Control loop (ms): 0.23
DEBUG 2026-08-06 12:29:16 t_client.py:477 Control loop (ms): 0.30
DEBUG 2026-08-06 12:29:17 t_client.py:477 Control loop (ms): 0.40
DEBUG 2026-08-06 12:29:17 t_client.py:477 Control loop (ms): 0.34
DEBUG 2026-08-06 12:29:17 t_client.py:477 Control loop (ms): 0.36
DEBUG 2026-08-06 12:29:17 t_client.py:477 Control loop (ms): 0.32
DEBUG 2026-08-06 12:29:17 t_client.py:477 Control loop (ms): 0.31
DEBUG 2026-08-06 12:29:17 t_client.py:477 Control loop (ms): 0.52
DEBUG 2026-08-06 12:29:17 t_client.py:477 Control loop (ms): 0.42
DEBUG 2026-08-06 12:29:17 t_client.py:477 Control loop (ms): 0.32
DEBUG 2026-08-06 12:29:17 t_client.py:477 Control loop (ms): 0.42
DEBUG 2026-08-06 12:29:17 t_client.py:477 Control loop (ms): 0.37
DEBUG 2026-08-06 12:29:17 t_client.py:477 Control loop (ms): 0.27
DEBUG 2026-08-06 12:29:17 t_client.py:477 Control loop (ms): 0.40
DEBUG 2026-08-06 12:29:17 t_client.py:477 Control loop (ms): 0.66
DEBUG 2026-08-06 12:29:17 follower.py:188 guardian_follower_left SOFollower read state: 1.3ms
DEBUG 2026-08-06 12:29:17 follower.py:196 guardian_follower_left SOFollower read left_wrist: 0.0ms
DEBUG 2026-08-06 12:29:17 follower.py:196 guardian_follower_left SOFollower read right_wrist: 0.0ms
DEBUG 2026-08-06 12:29:17 follower.py:196 guardian_follower_left SOFollower read overhead: 0.0ms
DEBUG 2026-08-06 12:29:17 follower.py:188 guardian_follower_right SOFollower read state: 0.9ms
DEBUG 2026-08-06 12:29:17 t_client.py:198 Observation serialization time: 0.001694s
DEBUG 2026-08-06 12:29:17 ort/utils.py:54 [CLIENT] Observation Buffer size 2.6375579833984375 MB with
DEBUG 2026-08-06 12:29:17 ort/utils.py:69 [CLIENT] Observation Sent 2097152/2765680 bytes with state 1
DEBUG 2026-08-06 12:29:18 ort/utils.py:69 [CLIENT] Observation Sent 2765680/2765680 bytes with state 3
DEBUG 2026-08-06 12:29:18 ort/utils.py:71 [CLIENT] Observation Published 2.6375579833984375 MB
DEBUG 2026-08-06 12:29:18 t_client.py:209 Sent observation #1096 | 
DEBUG 2026-08-06 12:29:18 t_client.py:434 QUEUE SIZE: 50 (Must go: False)
DEBUG 2026-08-06 12:29:18 t_client.py:477 Control loop (ms): 635.75
DEBUG 2026-08-06 12:29:18 follower.py:188 guardian_follower_left SOFollower read state: 1.3ms
DEBUG 2026-08-06 12:29:18 follower.py:196 guardian_follower_left SOFollower read left_wrist: 0.0ms
DEBUG 2026-08-06 12:29:18 follower.py:196 guardian_follower_left SOFollower read right_wrist: 0.0ms
DEBUG 2026-08-06 12:29:18 follower.py:196 guardian_follower_left SOFollower read overhead: 0.0ms
DEBUG 2026-08-06 12:29:18 follower.py:188 guardian_follower_right SOFollower read state: 0.9ms
DEBUG 2026-08-06 12:29:18 t_client.py:198 Observation serialization time: 0.001775s
DEBUG 2026-08-06 12:29:18 ort/utils.py:54 [CLIENT] Observation Buffer size 2.6375579833984375 MB with
DEBUG 2026-08-06 12:29:18 ort/utils.py:69 [CLIENT] Observation Sent 2097152/2765680 bytes with state 1
DEBUG 2026-08-06 12:29:18 ort/utils.py:69 [CLIENT] Observation Sent 2765680/2765680 bytes with state 3
DEBUG 2026-08-06 12:29:18 ort/utils.py:71 [CLIENT] Observation Published 2.6375579833984375 MB
DEBUG 2026-08-06 12:29:18 t_client.py:292 Received actions on device: cpu
DEBUG 2026-08-06 12:29:18 t_client.py:302 Actions kept on device: cpu
DEBUG 2026-08-06 12:29:18 t_client.py:209 Sent observation #1097 | 
DEBUG 2026-08-06 12:29:18 t_client.py:434 QUEUE SIZE: 49 (Must go: False)
DEBUG 2026-08-06 12:29:18 t_client.py:477 Control loop (ms): 621.76
DEBUG 2026-08-06 12:29:18 t_client.py:477 Control loop (ms): 0.45
DEBUG 2026-08-06 12:29:18 t_client.py:477 Control loop (ms): 0.41
DEBUG 2026-08-06 12:29:19 t_client.py:292 Received actions on device: cpu
DEBUG 2026-08-06 12:29:19 t_client.py:302 Actions kept on device: cpu
DEBUG 2026-08-06 12:29:19 t_client.py:477 Control loop (ms): 0.42
DEBUG 2026-08-06 12:29:19 t_client.py:477 Control loop (ms): 0.36
DEBUG 2026-08-06 12:29:19 t_client.py:477 Control loop (ms): 0.39
DEBUG 2026-08-06 12:29:19 t_client.py:477 Control loop (ms): 0.36
DEBUG 2026-08-06 12:29:19 t_client.py:477 Control loop (ms): 0.41
DEBUG 2026-08-06 12:29:19 t_client.py:477 Control loop (ms): 0.30
DEBUG 2026-08-06 12:29:19 t_client.py:477 Control loop (ms): 0.48
DEBUG 2026-08-06 12:29:19 t_client.py:477 Control loop (ms): 0.38
DEBUG 2026-08-06 12:29:19 t_client.py:477 Control loop (ms): 0.36
DEBUG 2026-08-06 12:29:19 t_client.py:477 Control loop (ms): 0.30
DEBUG 2026-08-06 12:29:19 t_client.py:477 Control loop (ms): 0.28
DEBUG 2026-08-06 12:29:19 t_client.py:477 Control loop (ms): 0.33
DEBUG 2026-08-06 12:29:19 t_client.py:477 Control loop (ms): 0.38
DEBUG 2026-08-06 12:29:19 t_client.py:477 Control loop (ms): 0.32
DEBUG 2026-08-06 12:29:19 t_client.py:477 Control loop (ms): 0.27
DEBUG 2026-08-06 12:29:19 t_client.py:477 Control loop (ms): 0.32
DEBUG 2026-08-06 12:29:19 t_client.py:477 Control loop (ms): 0.29
DEBUG 2026-08-06 12:29:19 t_client.py:477 Control loop (ms): 0.26
DEBUG 2026-08-06 12:29:19 t_client.py:477 Control loop (ms): 0.23
DEBUG 2026-08-06 12:29:19 t_client.py:477 Control loop (ms): 0.26
DEBUG 2026-08-06 12:29:20 t_client.py:477 Control loop (ms): 0.25
DEBUG 2026-08-06 12:29:20 t_client.py:477 Control loop (ms): 0.25
DEBUG 2026-08-06 12:29:20 t_client.py:477 Control loop (ms): 0.25
DEBUG 2026-08-06 12:29:20 t_client.py:477 Control loop (ms): 0.41
DEBUG 2026-08-06 12:29:20 t_client.py:477 Control loop (ms): 0.40
DEBUG 2026-08-06 12:29:20 t_client.py:477 Control loop (ms): 0.35
DEBUG 2026-08-06 12:29:20 t_client.py:477 Control loop (ms): 0.42
DEBUG 2026-08-06 12:29:20 t_client.py:477 Control loop (ms): 0.23
DEBUG 2026-08-06 12:29:20 t_client.py:477 Control loop (ms): 0.42
DEBUG 2026-08-06 12:29:20 t_client.py:477 Control loop (ms): 0.33
DEBUG 2026-08-06 12:29:20 t_client.py:477 Control loop (ms): 0.36
DEBUG 2026-08-06 12:29:20 t_client.py:477 Control loop (ms): 0.30
DEBUG 2026-08-06 12:29:20 t_client.py:477 Control loop (ms): 0.41
DEBUG 2026-08-06 12:29:20 t_client.py:477 Control loop (ms): 0.32
DEBUG 2026-08-06 12:29:20 t_client.py:477 Control loop (ms): 0.37
DEBUG 2026-08-06 12:29:20 t_client.py:477 Control loop (ms): 0.30
DEBUG 2026-08-06 12:29:20 t_client.py:477 Control loop (ms): 0.40
DEBUG 2026-08-06 12:29:20 t_client.py:477 Control loop (ms): 0.42
DEBUG 2026-08-06 12:29:20 t_client.py:477 Control loop (ms): 0.39
DEBUG 2026-08-06 12:29:20 t_client.py:477 Control loop (ms): 0.29
DEBUG 2026-08-06 12:29:21 t_client.py:477 Control loop (ms): 0.39
DEBUG 2026-08-06 12:29:21 t_client.py:477 Control loop (ms): 0.34
DEBUG 2026-08-06 12:29:21 t_client.py:477 Control loop (ms): 0.33
DEBUG 2026-08-06 12:29:21 t_client.py:477 Control loop (ms): 0.27
DEBUG 2026-08-06 12:29:21 t_client.py:477 Control loop (ms): 0.30
DEBUG 2026-08-06 12:29:21 t_client.py:477 Control loop (ms): 0.32
DEBUG 2026-08-06 12:29:21 follower.py:188 guardian_follower_left SOFollower read state: 1.3ms
DEBUG 2026-08-06 12:29:21 follower.py:196 guardian_follower_left SOFollower read left_wrist: 0.0ms
DEBUG 2026-08-06 12:29:21 follower.py:196 guardian_follower_left SOFollower read right_wrist: 0.0ms
DEBUG 2026-08-06 12:29:21 follower.py:196 guardian_follower_left SOFollower read overhead: 0.0ms
DEBUG 2026-08-06 12:29:21 follower.py:188 guardian_follower_right SOFollower read state: 0.9ms
DEBUG 2026-08-06 12:29:21 t_client.py:198 Observation serialization time: 0.001852s
DEBUG 2026-08-06 12:29:21 ort/utils.py:54 [CLIENT] Observation Buffer size 2.6375579833984375 MB with
DEBUG 2026-08-06 12:29:21 ort/utils.py:69 [CLIENT] Observation Sent 2097152/2765680 bytes with state 1
DEBUG 2026-08-06 12:29:21 ort/utils.py:69 [CLIENT] Observation Sent 2765680/2765680 bytes with state 3
DEBUG 2026-08-06 12:29:21 ort/utils.py:71 [CLIENT] Observation Published 2.6375579833984375 MB
DEBUG 2026-08-06 12:29:21 t_client.py:209 Sent observation #1146 | 
DEBUG 2026-08-06 12:29:21 t_client.py:434 QUEUE SIZE: 50 (Must go: False)
DEBUG 2026-08-06 12:29:21 t_client.py:477 Control loop (ms): 485.22
DEBUG 2026-08-06 12:29:21 follower.py:188 guardian_follower_left SOFollower read state: 1.3ms
DEBUG 2026-08-06 12:29:21 follower.py:196 guardian_follower_left SOFollower read left_wrist: 0.0ms
DEBUG 2026-08-06 12:29:21 follower.py:196 guardian_follower_left SOFollower read right_wrist: 0.0ms
DEBUG 2026-08-06 12:29:21 follower.py:196 guardian_follower_left SOFollower read overhead: 0.0ms
DEBUG 2026-08-06 12:29:21 follower.py:188 guardian_follower_right SOFollower read state: 0.9ms
DEBUG 2026-08-06 12:29:21 t_client.py:198 Observation serialization time: 0.001755s
DEBUG 2026-08-06 12:29:21 ort/utils.py:54 [CLIENT] Observation Buffer size 2.6375579833984375 MB with
DEBUG 2026-08-06 12:29:21 ort/utils.py:69 [CLIENT] Observation Sent 2097152/2765680 bytes with state 1
DEBUG 2026-08-06 12:29:22 ort/utils.py:69 [CLIENT] Observation Sent 2765680/2765680 bytes with state 3
DEBUG 2026-08-06 12:29:22 ort/utils.py:71 [CLIENT] Observation Published 2.6375579833984375 MB
DEBUG 2026-08-06 12:29:22 t_client.py:292 Received actions on device: cpu
DEBUG 2026-08-06 12:29:22 t_client.py:302 Actions kept on device: cpu
DEBUG 2026-08-06 12:29:23 t_client.py:209 Sent observation #1147 | 
DEBUG 2026-08-06 12:29:23 t_client.py:434 QUEUE SIZE: 49 (Must go: False)
DEBUG 2026-08-06 12:29:23 t_client.py:477 Control loop (ms): 1336.32
DEBUG 2026-08-06 12:29:23 t_client.py:477 Control loop (ms): 0.43
DEBUG 2026-08-06 12:29:23 t_client.py:477 Control loop (ms): 0.41
DEBUG 2026-08-06 12:29:23 t_client.py:477 Control loop (ms): 0.77
DEBUG 2026-08-06 12:29:23 t_client.py:292 Received actions on device: cpu
DEBUG 2026-08-06 12:29:23 t_client.py:302 Actions kept on device: cpu
DEBUG 2026-08-06 12:29:23 t_client.py:477 Control loop (ms): 0.39
DEBUG 2026-08-06 12:29:23 t_client.py:477 Control loop (ms): 0.45
DEBUG 2026-08-06 12:29:23 t_client.py:477 Control loop (ms): 0.44
DEBUG 2026-08-06 12:29:23 t_client.py:477 Control loop (ms): 0.36
DEBUG 2026-08-06 12:29:23 t_client.py:477 Control loop (ms): 0.32
DEBUG 2026-08-06 12:29:23 t_client.py:477 Control loop (ms): 0.30
DEBUG 2026-08-06 12:29:23 t_client.py:477 Control loop (ms): 0.32
DEBUG 2026-08-06 12:29:23 t_client.py:477 Control loop (ms): 0.44
DEBUG 2026-08-06 12:29:23 t_client.py:477 Control loop (ms): 0.36
DEBUG 2026-08-06 12:29:23 t_client.py:477 Control loop (ms): 0.35
DEBUG 2026-08-06 12:29:23 t_client.py:477 Control loop (ms): 0.34
DEBUG 2026-08-06 12:29:23 t_client.py:477 Control loop (ms): 0.44
DEBUG 2026-08-06 12:29:23 t_client.py:477 Control loop (ms): 0.32
DEBUG 2026-08-06 12:29:23 t_client.py:477 Control loop (ms): 0.22
DEBUG 2026-08-06 12:29:23 t_client.py:477 Control loop (ms): 0.32
DEBUG 2026-08-06 12:29:24 t_client.py:477 Control loop (ms): 0.42
DEBUG 2026-08-06 12:29:24 t_client.py:477 Control loop (ms): 0.34
DEBUG 2026-08-06 12:29:24 t_client.py:477 Control loop (ms): 0.34
DEBUG 2026-08-06 12:29:24 t_client.py:477 Control loop (ms): 0.38
DEBUG 2026-08-06 12:29:24 t_client.py:477 Control loop (ms): 0.28
DEBUG 2026-08-06 12:29:24 t_client.py:477 Control loop (ms): 0.27
DEBUG 2026-08-06 12:29:24 t_client.py:477 Control loop (ms): 0.37
DEBUG 2026-08-06 12:29:24 t_client.py:477 Control loop (ms): 0.27
DEBUG 2026-08-06 12:29:24 t_client.py:477 Control loop (ms): 0.29
DEBUG 2026-08-06 12:29:24 t_client.py:477 Control loop (ms): 0.27
DEBUG 2026-08-06 12:29:24 t_client.py:477 Control loop (ms): 0.28
DEBUG 2026-08-06 12:29:24 t_client.py:477 Control loop (ms): 0.19
DEBUG 2026-08-06 12:29:24 t_client.py:477 Control loop (ms): 0.29
DEBUG 2026-08-06 12:29:24 t_client.py:477 Control loop (ms): 0.19
DEBUG 2026-08-06 12:29:24 t_client.py:477 Control loop (ms): 0.28
DEBUG 2026-08-06 12:29:24 t_client.py:477 Control loop (ms): 0.21
DEBUG 2026-08-06 12:29:24 t_client.py:477 Control loop (ms): 0.36
DEBUG 2026-08-06 12:29:24 t_client.py:477 Control loop (ms): 0.20
DEBUG 2026-08-06 12:29:24 t_client.py:477 Control loop (ms): 0.29
DEBUG 2026-08-06 12:29:24 t_client.py:477 Control loop (ms): 0.20
DEBUG 2026-08-06 12:29:25 t_client.py:477 Control loop (ms): 0.51
DEBUG 2026-08-06 12:29:25 t_client.py:477 Control loop (ms): 0.36
DEBUG 2026-08-06 12:29:25 t_client.py:477 Control loop (ms): 0.34
DEBUG 2026-08-06 12:29:25 t_client.py:477 Control loop (ms): 0.25
DEBUG 2026-08-06 12:29:25 t_client.py:477 Control loop (ms): 0.29
DEBUG 2026-08-06 12:29:25 t_client.py:477 Control loop (ms): 0.40
DEBUG 2026-08-06 12:29:25 t_client.py:477 Control loop (ms): 0.27
DEBUG 2026-08-06 12:29:25 t_client.py:477 Control loop (ms): 0.31
DEBUG 2026-08-06 12:29:25 t_client.py:477 Control loop (ms): 0.37
DEBUG 2026-08-06 12:29:25 t_client.py:477 Control loop (ms): 0.40
DEBUG 2026-08-06 12:29:25 follower.py:188 guardian_follower_left SOFollower read state: 1.3ms
DEBUG 2026-08-06 12:29:25 follower.py:196 guardian_follower_left SOFollower read left_wrist: 0.0ms
DEBUG 2026-08-06 12:29:25 follower.py:196 guardian_follower_left SOFollower read right_wrist: 0.0ms
DEBUG 2026-08-06 12:29:25 follower.py:196 guardian_follower_left SOFollower read overhead: 0.0ms
DEBUG 2026-08-06 12:29:25 follower.py:188 guardian_follower_right SOFollower read state: 0.9ms
DEBUG 2026-08-06 12:29:25 t_client.py:198 Observation serialization time: 0.001930s
DEBUG 2026-08-06 12:29:25 ort/utils.py:54 [CLIENT] Observation Buffer size 2.6375579833984375 MB with
DEBUG 2026-08-06 12:29:25 ort/utils.py:69 [CLIENT] Observation Sent 2097152/2765680 bytes with state 1
DEBUG 2026-08-06 12:29:26 ort/utils.py:69 [CLIENT] Observation Sent 2765680/2765680 bytes with state 3
DEBUG 2026-08-06 12:29:26 ort/utils.py:71 [CLIENT] Observation Published 2.6375579833984375 MB
DEBUG 2026-08-06 12:29:26 t_client.py:209 Sent observation #1196 | 
DEBUG 2026-08-06 12:29:26 t_client.py:434 QUEUE SIZE: 50 (Must go: False)
DEBUG 2026-08-06 12:29:26 t_client.py:477 Control loop (ms): 670.66
DEBUG 2026-08-06 12:29:26 follower.py:188 guardian_follower_left SOFollower read state: 1.3ms
DEBUG 2026-08-06 12:29:26 follower.py:196 guardian_follower_left SOFollower read left_wrist: 0.0ms
DEBUG 2026-08-06 12:29:26 follower.py:196 guardian_follower_left SOFollower read right_wrist: 0.0ms
DEBUG 2026-08-06 12:29:26 follower.py:196 guardian_follower_left SOFollower read overhead: 0.0ms
DEBUG 2026-08-06 12:29:26 follower.py:188 guardian_follower_right SOFollower read state: 0.9ms
DEBUG 2026-08-06 12:29:26 t_client.py:198 Observation serialization time: 0.001668s
DEBUG 2026-08-06 12:29:26 ort/utils.py:54 [CLIENT] Observation Buffer size 2.6375579833984375 MB with
DEBUG 2026-08-06 12:29:26 ort/utils.py:69 [CLIENT] Observation Sent 2097152/2765680 bytes with state 1
DEBUG 2026-08-06 12:29:26 ort/utils.py:69 [CLIENT] Observation Sent 2765680/2765680 bytes with state 3
DEBUG 2026-08-06 12:29:26 ort/utils.py:71 [CLIENT] Observation Published 2.6375579833984375 MB
DEBUG 2026-08-06 12:29:26 t_client.py:292 Received actions on device: cpu
DEBUG 2026-08-06 12:29:26 t_client.py:302 Actions kept on device: cpu
DEBUG 2026-08-06 12:29:26 t_client.py:209 Sent observation #1197 | 
DEBUG 2026-08-06 12:29:26 t_client.py:434 QUEUE SIZE: 49 (Must go: False)
DEBUG 2026-08-06 12:29:26 t_client.py:477 Control loop (ms): 449.65
DEBUG 2026-08-06 12:29:26 t_client.py:477 Control loop (ms): 0.52
DEBUG 2026-08-06 12:29:26 t_client.py:477 Control loop (ms): 0.45
DEBUG 2026-08-06 12:29:26 t_client.py:292 Received actions on device: cpu
DEBUG 2026-08-06 12:29:26 t_client.py:302 Actions kept on device: cpu
DEBUG 2026-08-06 12:29:26 t_client.py:477 Control loop (ms): 0.65
DEBUG 2026-08-06 12:29:26 t_client.py:477 Control loop (ms): 0.54
DEBUG 2026-08-06 12:29:26 t_client.py:477 Control loop (ms): 0.45
DEBUG 2026-08-06 12:29:26 t_client.py:477 Control loop (ms): 0.44
DEBUG 2026-08-06 12:29:26 t_client.py:477 Control loop (ms): 0.47
DEBUG 2026-08-06 12:29:27 t_client.py:477 Control loop (ms): 0.46
DEBUG 2026-08-06 12:29:27 t_client.py:477 Control loop (ms): 0.37
DEBUG 2026-08-06 12:29:27 t_client.py:477 Control loop (ms): 0.39
DEBUG 2026-08-06 12:29:27 t_client.py:477 Control loop (ms): 0.42
DEBUG 2026-08-06 12:29:27 t_client.py:477 Control loop (ms): 0.47
DEBUG 2026-08-06 12:29:27 t_client.py:477 Control loop (ms): 0.39
DEBUG 2026-08-06 12:29:27 t_client.py:477 Control loop (ms): 0.35
DEBUG 2026-08-06 12:29:27 t_client.py:477 Control loop (ms): 0.38
DEBUG 2026-08-06 12:29:27 t_client.py:477 Control loop (ms): 0.48
DEBUG 2026-08-06 12:29:27 t_client.py:477 Control loop (ms): 0.38
DEBUG 2026-08-06 12:29:27 t_client.py:477 Control loop (ms): 0.40
DEBUG 2026-08-06 12:29:27 t_client.py:477 Control loop (ms): 0.31
DEBUG 2026-08-06 12:29:27 t_client.py:477 Control loop (ms): 0.31
DEBUG 2026-08-06 12:29:27 t_client.py:477 Control loop (ms): 0.33
DEBUG 2026-08-06 12:29:27 t_client.py:477 Control loop (ms): 0.37
DEBUG 2026-08-06 12:29:27 t_client.py:477 Control loop (ms): 0.23
DEBUG 2026-08-06 12:29:27 t_client.py:477 Control loop (ms): 0.28
DEBUG 2026-08-06 12:29:27 t_client.py:477 Control loop (ms): 0.44
DEBUG 2026-08-06 12:29:27 t_client.py:477 Control loop (ms): 0.39
DEBUG 2026-08-06 12:29:27 t_client.py:477 Control loop (ms): 0.31
DEBUG 2026-08-06 12:29:28 t_client.py:477 Control loop (ms): 0.43
DEBUG 2026-08-06 12:29:28 t_client.py:477 Control loop (ms): 0.33
DEBUG 2026-08-06 12:29:28 t_client.py:477 Control loop (ms): 0.46
DEBUG 2026-08-06 12:29:28 t_client.py:477 Control loop (ms): 0.22
DEBUG 2026-08-06 12:29:28 t_client.py:477 Control loop (ms): 0.36
DEBUG 2026-08-06 12:29:28 t_client.py:477 Control loop (ms): 0.43
DEBUG 2026-08-06 12:29:28 t_client.py:477 Control loop (ms): 0.38
DEBUG 2026-08-06 12:29:28 t_client.py:477 Control loop (ms): 0.42
DEBUG 2026-08-06 12:29:28 t_client.py:477 Control loop (ms): 0.24
DEBUG 2026-08-06 12:29:28 t_client.py:477 Control loop (ms): 0.38
DEBUG 2026-08-06 12:29:28 t_client.py:477 Control loop (ms): 0.34
DEBUG 2026-08-06 12:29:28 t_client.py:477 Control loop (ms): 0.34
DEBUG 2026-08-06 12:29:28 t_client.py:477 Control loop (ms): 0.29
DEBUG 2026-08-06 12:29:28 t_client.py:477 Control loop (ms): 0.40
DEBUG 2026-08-06 12:29:28 t_client.py:477 Control loop (ms): 0.32
DEBUG 2026-08-06 12:29:28 t_client.py:477 Control loop (ms): 0.37
DEBUG 2026-08-06 12:29:28 t_client.py:477 Control loop (ms): 0.31
DEBUG 2026-08-06 12:29:28 t_client.py:477 Control loop (ms): 0.43
DEBUG 2026-08-06 12:29:28 t_client.py:477 Control loop (ms): 0.39
DEBUG 2026-08-06 12:29:28 t_client.py:477 Control loop (ms): 0.38
DEBUG 2026-08-06 12:29:29 t_client.py:477 Control loop (ms): 0.35
DEBUG 2026-08-06 12:29:29 t_client.py:477 Control loop (ms): 0.31
DEBUG 2026-08-06 12:29:29 follower.py:188 guardian_follower_left SOFollower read state: 1.3ms
DEBUG 2026-08-06 12:29:29 follower.py:196 guardian_follower_left SOFollower read left_wrist: 0.0ms
DEBUG 2026-08-06 12:29:29 follower.py:196 guardian_follower_left SOFollower read right_wrist: 0.0ms
DEBUG 2026-08-06 12:29:29 follower.py:196 guardian_follower_left SOFollower read overhead: 0.0ms
DEBUG 2026-08-06 12:29:29 follower.py:188 guardian_follower_right SOFollower read state: 0.9ms
DEBUG 2026-08-06 12:29:29 t_client.py:198 Observation serialization time: 0.001909s
DEBUG 2026-08-06 12:29:29 ort/utils.py:54 [CLIENT] Observation Buffer size 2.6375579833984375 MB with
DEBUG 2026-08-06 12:29:29 ort/utils.py:69 [CLIENT] Observation Sent 2097152/2765680 bytes with state 1
DEBUG 2026-08-06 12:29:29 ort/utils.py:69 [CLIENT] Observation Sent 2765680/2765680 bytes with state 3
DEBUG 2026-08-06 12:29:29 ort/utils.py:71 [CLIENT] Observation Published 2.6375579833984375 MB
DEBUG 2026-08-06 12:29:29 t_client.py:209 Sent observation #1246 | 
DEBUG 2026-08-06 12:29:29 t_client.py:434 QUEUE SIZE: 50 (Must go: False)
DEBUG 2026-08-06 12:29:29 t_client.py:477 Control loop (ms): 560.50
DEBUG 2026-08-06 12:29:29 follower.py:188 guardian_follower_left SOFollower read state: 1.4ms
DEBUG 2026-08-06 12:29:29 follower.py:196 guardian_follower_left SOFollower read left_wrist: 0.0ms
DEBUG 2026-08-06 12:29:29 follower.py:196 guardian_follower_left SOFollower read right_wrist: 0.0ms
DEBUG 2026-08-06 12:29:29 follower.py:196 guardian_follower_left SOFollower read overhead: 0.0ms
DEBUG 2026-08-06 12:29:29 follower.py:188 guardian_follower_right SOFollower read state: 0.9ms
DEBUG 2026-08-06 12:29:29 t_client.py:198 Observation serialization time: 0.001788s
DEBUG 2026-08-06 12:29:29 ort/utils.py:54 [CLIENT] Observation Buffer size 2.6375579833984375 MB with
DEBUG 2026-08-06 12:29:29 ort/utils.py:69 [CLIENT] Observation Sent 2097152/2765680 bytes with state 1
DEBUG 2026-08-06 12:29:29 ort/utils.py:69 [CLIENT] Observation Sent 2765680/2765680 bytes with state 3
DEBUG 2026-08-06 12:29:29 ort/utils.py:71 [CLIENT] Observation Published 2.6375579833984375 MB
DEBUG 2026-08-06 12:29:30 t_client.py:292 Received actions on device: cpu
DEBUG 2026-08-06 12:29:30 t_client.py:302 Actions kept on device: cpu
DEBUG 2026-08-06 12:29:30 t_client.py:209 Sent observation #1247 | 
DEBUG 2026-08-06 12:29:30 t_client.py:434 QUEUE SIZE: 49 (Must go: False)
DEBUG 2026-08-06 12:29:30 t_client.py:477 Control loop (ms): 553.45
DEBUG 2026-08-06 12:29:30 t_client.py:477 Control loop (ms): 0.56
DEBUG 2026-08-06 12:29:30 t_client.py:477 Control loop (ms): 0.36
DEBUG 2026-08-06 12:29:30 t_client.py:292 Received actions on device: cpu
DEBUG 2026-08-06 12:29:30 t_client.py:302 Actions kept on device: cpu
DEBUG 2026-08-06 12:29:30 t_client.py:477 Control loop (ms): 0.43
DEBUG 2026-08-06 12:29:30 t_client.py:477 Control loop (ms): 0.28
DEBUG 2026-08-06 12:29:30 t_client.py:477 Control loop (ms): 0.38
DEBUG 2026-08-06 12:29:30 t_client.py:477 Control loop (ms): 0.21
DEBUG 2026-08-06 12:29:30 t_client.py:477 Control loop (ms): 0.31
DEBUG 2026-08-06 12:29:30 t_client.py:477 Control loop (ms): 0.24
DEBUG 2026-08-06 12:29:30 t_client.py:477 Control loop (ms): 0.32
DEBUG 2026-08-06 12:29:30 t_client.py:477 Control loop (ms): 0.21
DEBUG 2026-08-06 12:29:30 t_client.py:477 Control loop (ms): 0.30
DEBUG 2026-08-06 12:29:30 t_client.py:477 Control loop (ms): 0.20
DEBUG 2026-08-06 12:29:30 t_client.py:477 Control loop (ms): 0.27
DEBUG 2026-08-06 12:29:30 t_client.py:477 Control loop (ms): 0.18
DEBUG 2026-08-06 12:29:30 t_client.py:477 Control loop (ms): 0.24
DEBUG 2026-08-06 12:29:30 t_client.py:477 Control loop (ms): 0.21
DEBUG 2026-08-06 12:29:31 t_client.py:477 Control loop (ms): 0.31
DEBUG 2026-08-06 12:29:31 t_client.py:477 Control loop (ms): 0.25
DEBUG 2026-08-06 12:29:31 t_client.py:477 Control loop (ms): 0.28
DEBUG 2026-08-06 12:29:31 t_client.py:477 Control loop (ms): 0.18
DEBUG 2026-08-06 12:29:31 t_client.py:477 Control loop (ms): 0.26
DEBUG 2026-08-06 12:29:31 t_client.py:477 Control loop (ms): 0.33
DEBUG 2026-08-06 12:29:31 t_client.py:477 Control loop (ms): 0.40
DEBUG 2026-08-06 12:29:31 t_client.py:477 Control loop (ms): 0.29
DEBUG 2026-08-06 12:29:31 t_client.py:477 Control loop (ms): 0.26
DEBUG 2026-08-06 12:29:31 t_client.py:477 Control loop (ms): 0.23
DEBUG 2026-08-06 12:29:31 t_client.py:477 Control loop (ms): 0.34
DEBUG 2026-08-06 12:29:31 t_client.py:477 Control loop (ms): 0.33
DEBUG 2026-08-06 12:29:31 t_client.py:477 Control loop (ms): 0.33
DEBUG 2026-08-06 12:29:31 t_client.py:477 Control loop (ms): 0.38
DEBUG 2026-08-06 12:29:31 t_client.py:477 Control loop (ms): 0.27
DEBUG 2026-08-06 12:29:31 t_client.py:477 Control loop (ms): 0.39
DEBUG 2026-08-06 12:29:31 t_client.py:477 Control loop (ms): 0.32
DEBUG 2026-08-06 12:29:31 t_client.py:477 Control loop (ms): 0.41
DEBUG 2026-08-06 12:29:31 t_client.py:477 Control loop (ms): 0.33
DEBUG 2026-08-06 12:29:31 t_client.py:477 Control loop (ms): 0.33
DEBUG 2026-08-06 12:29:32 t_client.py:477 Control loop (ms): 0.34
DEBUG 2026-08-06 12:29:32 t_client.py:477 Control loop (ms): 0.33
DEBUG 2026-08-06 12:29:32 t_client.py:477 Control loop (ms): 0.34
DEBUG 2026-08-06 12:29:32 t_client.py:477 Control loop (ms): 0.29
DEBUG 2026-08-06 12:29:32 t_client.py:477 Control loop (ms): 0.34
DEBUG 2026-08-06 12:29:32 t_client.py:477 Control loop (ms): 0.33
DEBUG 2026-08-06 12:29:32 t_client.py:477 Control loop (ms): 0.28
DEBUG 2026-08-06 12:29:32 t_client.py:477 Control loop (ms): 0.36
DEBUG 2026-08-06 12:29:32 t_client.py:477 Control loop (ms): 0.30
DEBUG 2026-08-06 12:29:32 t_client.py:477 Control loop (ms): 0.29
DEBUG 2026-08-06 12:29:32 t_client.py:477 Control loop (ms): 0.24
DEBUG 2026-08-06 12:29:32 t_client.py:477 Control loop (ms): 0.36
DEBUG 2026-08-06 12:29:32 follower.py:188 guardian_follower_left SOFollower read state: 1.3ms
DEBUG 2026-08-06 12:29:32 follower.py:196 guardian_follower_left SOFollower read left_wrist: 0.0ms
DEBUG 2026-08-06 12:29:32 follower.py:196 guardian_follower_left SOFollower read right_wrist: 0.0ms
DEBUG 2026-08-06 12:29:32 follower.py:196 guardian_follower_left SOFollower read overhead: 0.0ms
DEBUG 2026-08-06 12:29:32 follower.py:188 guardian_follower_right SOFollower read state: 0.9ms
DEBUG 2026-08-06 12:29:32 t_client.py:198 Observation serialization time: 0.001904s
DEBUG 2026-08-06 12:29:32 ort/utils.py:54 [CLIENT] Observation Buffer size 2.6375579833984375 MB with
DEBUG 2026-08-06 12:29:32 ort/utils.py:69 [CLIENT] Observation Sent 2097152/2765680 bytes with state 1
DEBUG 2026-08-06 12:29:32 ort/utils.py:69 [CLIENT] Observation Sent 2765680/2765680 bytes with state 3
DEBUG 2026-08-06 12:29:32 ort/utils.py:71 [CLIENT] Observation Published 2.6375579833984375 MB
DEBUG 2026-08-06 12:29:33 t_client.py:209 Sent observation #1296 | 
DEBUG 2026-08-06 12:29:33 t_client.py:434 QUEUE SIZE: 50 (Must go: False)
DEBUG 2026-08-06 12:29:33 t_client.py:477 Control loop (ms): 566.11
DEBUG 2026-08-06 12:29:33 follower.py:188 guardian_follower_left SOFollower read state: 1.3ms
DEBUG 2026-08-06 12:29:33 follower.py:196 guardian_follower_left SOFollower read left_wrist: 0.0ms
DEBUG 2026-08-06 12:29:33 follower.py:196 guardian_follower_left SOFollower read right_wrist: 0.0ms
DEBUG 2026-08-06 12:29:33 follower.py:196 guardian_follower_left SOFollower read overhead: 0.0ms
DEBUG 2026-08-06 12:29:33 follower.py:188 guardian_follower_right SOFollower read state: 0.9ms
DEBUG 2026-08-06 12:29:33 t_client.py:198 Observation serialization time: 0.001669s
DEBUG 2026-08-06 12:29:33 ort/utils.py:54 [CLIENT] Observation Buffer size 2.6375579833984375 MB with
DEBUG 2026-08-06 12:29:33 ort/utils.py:69 [CLIENT] Observation Sent 2097152/2765680 bytes with state 1
DEBUG 2026-08-06 12:29:33 ort/utils.py:69 [CLIENT] Observation Sent 2765680/2765680 bytes with state 3
DEBUG 2026-08-06 12:29:33 ort/utils.py:71 [CLIENT] Observation Published 2.6375579833984375 MB
DEBUG 2026-08-06 12:29:33 t_client.py:292 Received actions on device: cpu
DEBUG 2026-08-06 12:29:33 t_client.py:302 Actions kept on device: cpu
DEBUG 2026-08-06 12:29:33 t_client.py:209 Sent observation #1297 | 
DEBUG 2026-08-06 12:29:33 t_client.py:434 QUEUE SIZE: 49 (Must go: False)
DEBUG 2026-08-06 12:29:33 t_client.py:477 Control loop (ms): 542.11
DEBUG 2026-08-06 12:29:33 t_client.py:477 Control loop (ms): 0.40
DEBUG 2026-08-06 12:29:33 t_client.py:477 Control loop (ms): 0.43
DEBUG 2026-08-06 12:29:33 t_client.py:292 Received actions on device: cpu
DEBUG 2026-08-06 12:29:33 t_client.py:302 Actions kept on device: cpu
DEBUG 2026-08-06 12:29:33 t_client.py:477 Control loop (ms): 0.28
DEBUG 2026-08-06 12:29:33 t_client.py:477 Control loop (ms): 0.39
DEBUG 2026-08-06 12:29:33 t_client.py:477 Control loop (ms): 0.28
DEBUG 2026-08-06 12:29:33 t_client.py:477 Control loop (ms): 0.35
DEBUG 2026-08-06 12:29:34 t_client.py:477 Control loop (ms): 0.28
DEBUG 2026-08-06 12:29:34 t_client.py:477 Control loop (ms): 0.38
DEBUG 2026-08-06 12:29:34 t_client.py:477 Control loop (ms): 0.22
DEBUG 2026-08-06 12:29:34 t_client.py:477 Control loop (ms): 0.26
DEBUG 2026-08-06 12:29:34 t_client.py:477 Control loop (ms): 0.30
DEBUG 2026-08-06 12:29:34 t_client.py:477 Control loop (ms): 0.29
DEBUG 2026-08-06 12:29:34 t_client.py:477 Control loop (ms): 0.37
DEBUG 2026-08-06 12:29:34 t_client.py:477 Control loop (ms): 0.39
DEBUG 2026-08-06 12:29:34 t_client.py:477 Control loop (ms): 0.35
DEBUG 2026-08-06 12:29:34 t_client.py:477 Control loop (ms): 0.39
DEBUG 2026-08-06 12:29:34 t_client.py:477 Control loop (ms): 0.32
DEBUG 2026-08-06 12:29:34 t_client.py:477 Control loop (ms): 0.31
DEBUG 2026-08-06 12:29:34 t_client.py:477 Control loop (ms): 0.30
DEBUG 2026-08-06 12:29:34 t_client.py:477 Control loop (ms): 0.36
DEBUG 2026-08-06 12:29:34 t_client.py:477 Control loop (ms): 0.32
DEBUG 2026-08-06 12:29:34 t_client.py:477 Control loop (ms): 0.27
DEBUG 2026-08-06 12:29:34 t_client.py:477 Control loop (ms): 0.33
DEBUG 2026-08-06 12:29:34 t_client.py:477 Control loop (ms): 0.30
DEBUG 2026-08-06 12:29:34 t_client.py:477 Control loop (ms): 0.38
DEBUG 2026-08-06 12:29:35 t_client.py:477 Control loop (ms): 0.31
DEBUG 2026-08-06 12:29:35 t_client.py:477 Control loop (ms): 0.39
DEBUG 2026-08-06 12:29:35 t_client.py:477 Control loop (ms): 0.21
DEBUG 2026-08-06 12:29:35 t_client.py:477 Control loop (ms): 0.36
DEBUG 2026-08-06 12:29:35 t_client.py:477 Control loop (ms): 0.23
DEBUG 2026-08-06 12:29:35 t_client.py:477 Control loop (ms): 0.34
DEBUG 2026-08-06 12:29:35 t_client.py:477 Control loop (ms): 0.19
DEBUG 2026-08-06 12:29:35 t_client.py:477 Control loop (ms): 0.31
DEBUG 2026-08-06 12:29:35 t_client.py:477 Control loop (ms): 0.29
DEBUG 2026-08-06 12:29:35 t_client.py:477 Control loop (ms): 0.35
DEBUG 2026-08-06 12:29:35 t_client.py:477 Control loop (ms): 0.26
DEBUG 2026-08-06 12:29:35 t_client.py:477 Control loop (ms): 0.35
DEBUG 2026-08-06 12:29:35 t_client.py:477 Control loop (ms): 0.20
DEBUG 2026-08-06 12:29:35 t_client.py:477 Control loop (ms): 0.27
DEBUG 2026-08-06 12:29:35 t_client.py:477 Control loop (ms): 0.30
DEBUG 2026-08-06 12:29:35 t_client.py:477 Control loop (ms): 0.27
DEBUG 2026-08-06 12:29:35 t_client.py:477 Control loop (ms): 0.30
DEBUG 2026-08-06 12:29:35 t_client.py:477 Control loop (ms): 0.31
DEBUG 2026-08-06 12:29:35 t_client.py:477 Control loop (ms): 0.25
DEBUG 2026-08-06 12:29:35 t_client.py:477 Control loop (ms): 0.37
DEBUG 2026-08-06 12:29:36 t_client.py:477 Control loop (ms): 0.26
DEBUG 2026-08-06 12:29:36 t_client.py:477 Control loop (ms): 0.35
DEBUG 2026-08-06 12:29:36 t_client.py:477 Control loop (ms): 0.32
DEBUG 2026-08-06 12:29:36 follower.py:188 guardian_follower_left SOFollower read state: 1.3ms
DEBUG 2026-08-06 12:29:36 follower.py:196 guardian_follower_left SOFollower read left_wrist: 0.0ms
DEBUG 2026-08-06 12:29:36 follower.py:196 guardian_follower_left SOFollower read right_wrist: 0.0ms
DEBUG 2026-08-06 12:29:36 follower.py:196 guardian_follower_left SOFollower read overhead: 0.0ms
DEBUG 2026-08-06 12:29:36 follower.py:188 guardian_follower_right SOFollower read state: 0.9ms
DEBUG 2026-08-06 12:29:36 t_client.py:198 Observation serialization time: 0.001928s
DEBUG 2026-08-06 12:29:36 ort/utils.py:54 [CLIENT] Observation Buffer size 2.6375579833984375 MB with
DEBUG 2026-08-06 12:29:36 ort/utils.py:69 [CLIENT] Observation Sent 2097152/2765680 bytes with state 1
DEBUG 2026-08-06 12:29:36 ort/utils.py:69 [CLIENT] Observation Sent 2765680/2765680 bytes with state 3
DEBUG 2026-08-06 12:29:36 ort/utils.py:71 [CLIENT] Observation Published 2.6375579833984375 MB
DEBUG 2026-08-06 12:29:37 t_client.py:209 Sent observation #1346 | 
DEBUG 2026-08-06 12:29:37 t_client.py:434 QUEUE SIZE: 50 (Must go: False)
DEBUG 2026-08-06 12:29:37 t_client.py:477 Control loop (ms): 1312.96
DEBUG 2026-08-06 12:29:37 follower.py:188 guardian_follower_left SOFollower read state: 1.4ms
DEBUG 2026-08-06 12:29:37 follower.py:196 guardian_follower_left SOFollower read left_wrist: 0.0ms
DEBUG 2026-08-06 12:29:37 follower.py:196 guardian_follower_left SOFollower read right_wrist: 0.0ms
DEBUG 2026-08-06 12:29:37 follower.py:196 guardian_follower_left SOFollower read overhead: 0.0ms
DEBUG 2026-08-06 12:29:37 follower.py:188 guardian_follower_right SOFollower read state: 0.9ms
DEBUG 2026-08-06 12:29:37 t_client.py:198 Observation serialization time: 0.002260s
DEBUG 2026-08-06 12:29:37 ort/utils.py:54 [CLIENT] Observation Buffer size 2.6375579833984375 MB with
DEBUG 2026-08-06 12:29:38 t_client.py:292 Received actions on device: cpu
DEBUG 2026-08-06 12:29:38 t_client.py:302 Actions kept on device: cpu
DEBUG 2026-08-06 12:29:38 ort/utils.py:69 [CLIENT] Observation Sent 2097152/2765680 bytes with state 1
DEBUG 2026-08-06 12:29:38 ort/utils.py:69 [CLIENT] Observation Sent 2765680/2765680 bytes with state 3
DEBUG 2026-08-06 12:29:38 ort/utils.py:71 [CLIENT] Observation Published 2.6375579833984375 MB
DEBUG 2026-08-06 12:29:39 t_client.py:209 Sent observation #1347 | 
DEBUG 2026-08-06 12:29:39 t_client.py:434 QUEUE SIZE: 49 (Must go: False)
DEBUG 2026-08-06 12:29:39 t_client.py:477 Control loop (ms): 1544.67
DEBUG 2026-08-06 12:29:39 t_client.py:477 Control loop (ms): 0.50
DEBUG 2026-08-06 12:29:39 t_client.py:477 Control loop (ms): 0.42
DEBUG 2026-08-06 12:29:39 t_client.py:292 Received actions on device: cpu
DEBUG 2026-08-06 12:29:39 t_client.py:302 Actions kept on device: cpu
DEBUG 2026-08-06 12:29:39 t_client.py:477 Control loop (ms): 0.40
DEBUG 2026-08-06 12:29:39 t_client.py:477 Control loop (ms): 0.40
DEBUG 2026-08-06 12:29:39 t_client.py:477 Control loop (ms): 0.35
DEBUG 2026-08-06 12:29:39 t_client.py:477 Control loop (ms): 0.32
DEBUG 2026-08-06 12:29:39 t_client.py:477 Control loop (ms): 0.34
DEBUG 2026-08-06 12:29:39 t_client.py:477 Control loop (ms): 0.34
DEBUG 2026-08-06 12:29:39 t_client.py:477 Control loop (ms): 0.36
DEBUG 2026-08-06 12:29:39 t_client.py:477 Control loop (ms): 0.56
DEBUG 2026-08-06 12:29:39 t_client.py:477 Control loop (ms): 0.52
DEBUG 2026-08-06 12:29:39 t_client.py:477 Control loop (ms): 0.46
DEBUG 2026-08-06 12:29:39 t_client.py:477 Control loop (ms): 0.54
DEBUG 2026-08-06 12:29:39 t_client.py:477 Control loop (ms): 0.37
DEBUG 2026-08-06 12:29:39 t_client.py:477 Control loop (ms): 0.43
DEBUG 2026-08-06 12:29:39 t_client.py:477 Control loop (ms): 0.35
DEBUG 2026-08-06 12:29:39 t_client.py:477 Control loop (ms): 0.41
DEBUG 2026-08-06 12:29:39 t_client.py:477 Control loop (ms): 0.28
DEBUG 2026-08-06 12:29:39 t_client.py:477 Control loop (ms): 0.35
DEBUG 2026-08-06 12:29:39 t_client.py:477 Control loop (ms): 0.30
DEBUG 2026-08-06 12:29:40 t_client.py:477 Control loop (ms): 0.40
DEBUG 2026-08-06 12:29:40 t_client.py:477 Control loop (ms): 0.32
DEBUG 2026-08-06 12:29:40 t_client.py:477 Control loop (ms): 0.29
DEBUG 2026-08-06 12:29:40 t_client.py:477 Control loop (ms): 0.29
DEBUG 2026-08-06 12:29:40 t_client.py:477 Control loop (ms): 0.43
DEBUG 2026-08-06 12:29:40 t_client.py:477 Control loop (ms): 0.22
DEBUG 2026-08-06 12:29:40 t_client.py:477 Control loop (ms): 0.36
DEBUG 2026-08-06 12:29:40 t_client.py:477 Control loop (ms): 0.27
DEBUG 2026-08-06 12:29:40 t_client.py:477 Control loop (ms): 0.45
DEBUG 2026-08-06 12:29:40 t_client.py:477 Control loop (ms): 0.42
DEBUG 2026-08-06 12:29:40 t_client.py:477 Control loop (ms): 0.35
DEBUG 2026-08-06 12:29:40 t_client.py:477 Control loop (ms): 0.29
DEBUG 2026-08-06 12:29:40 t_client.py:477 Control loop (ms): 0.28
DEBUG 2026-08-06 12:29:40 t_client.py:477 Control loop (ms): 0.41
DEBUG 2026-08-06 12:29:40 t_client.py:477 Control loop (ms): 0.36
DEBUG 2026-08-06 12:29:40 t_client.py:477 Control loop (ms): 0.34
DEBUG 2026-08-06 12:29:40 t_client.py:477 Control loop (ms): 0.28
DEBUG 2026-08-06 12:29:40 t_client.py:477 Control loop (ms): 0.27
DEBUG 2026-08-06 12:29:40 t_client.py:477 Control loop (ms): 0.33
DEBUG 2026-08-06 12:29:40 t_client.py:477 Control loop (ms): 0.23
DEBUG 2026-08-06 12:29:41 t_client.py:477 Control loop (ms): 0.31
DEBUG 2026-08-06 12:29:41 t_client.py:477 Control loop (ms): 0.29
DEBUG 2026-08-06 12:29:41 t_client.py:477 Control loop (ms): 0.37
DEBUG 2026-08-06 12:29:41 t_client.py:477 Control loop (ms): 0.30
DEBUG 2026-08-06 12:29:41 t_client.py:477 Control loop (ms): 0.32
DEBUG 2026-08-06 12:29:41 t_client.py:477 Control loop (ms): 0.28
DEBUG 2026-08-06 12:29:41 t_client.py:477 Control loop (ms): 0.38
DEBUG 2026-08-06 12:29:41 t_client.py:477 Control loop (ms): 0.32
DEBUG 2026-08-06 12:29:41 follower.py:188 guardian_follower_left SOFollower read state: 1.3ms
DEBUG 2026-08-06 12:29:41 follower.py:196 guardian_follower_left SOFollower read left_wrist: 0.0ms
DEBUG 2026-08-06 12:29:41 follower.py:196 guardian_follower_left SOFollower read right_wrist: 0.0ms
DEBUG 2026-08-06 12:29:41 follower.py:196 guardian_follower_left SOFollower read overhead: 0.0ms
DEBUG 2026-08-06 12:29:41 follower.py:188 guardian_follower_right SOFollower read state: 0.9ms
DEBUG 2026-08-06 12:29:41 t_client.py:198 Observation serialization time: 0.001768s
DEBUG 2026-08-06 12:29:41 ort/utils.py:54 [CLIENT] Observation Buffer size 2.6375579833984375 MB with
DEBUG 2026-08-06 12:29:41 ort/utils.py:69 [CLIENT] Observation Sent 2097152/2765680 bytes with state 1
DEBUG 2026-08-06 12:29:41 ort/utils.py:69 [CLIENT] Observation Sent 2765680/2765680 bytes with state 3
DEBUG 2026-08-06 12:29:41 ort/utils.py:71 [CLIENT] Observation Published 2.6375579833984375 MB
DEBUG 2026-08-06 12:29:41 t_client.py:209 Sent observation #1396 | 
DEBUG 2026-08-06 12:29:41 t_client.py:434 QUEUE SIZE: 50 (Must go: False)
DEBUG 2026-08-06 12:29:41 t_client.py:477 Control loop (ms): 403.94
DEBUG 2026-08-06 12:29:41 follower.py:188 guardian_follower_left SOFollower read state: 1.3ms
DEBUG 2026-08-06 12:29:41 follower.py:196 guardian_follower_left SOFollower read left_wrist: 0.0ms
DEBUG 2026-08-06 12:29:41 follower.py:196 guardian_follower_left SOFollower read right_wrist: 0.0ms
DEBUG 2026-08-06 12:29:41 follower.py:196 guardian_follower_left SOFollower read overhead: 0.0ms
DEBUG 2026-08-06 12:29:41 follower.py:188 guardian_follower_right SOFollower read state: 0.9ms
DEBUG 2026-08-06 12:29:41 t_client.py:198 Observation serialization time: 0.001786s
DEBUG 2026-08-06 12:29:41 ort/utils.py:54 [CLIENT] Observation Buffer size 2.6375579833984375 MB with
DEBUG 2026-08-06 12:29:41 ort/utils.py:69 [CLIENT] Observation Sent 2097152/2765680 bytes with state 1
DEBUG 2026-08-06 12:29:42 t_client.py:292 Received actions on device: cpu
DEBUG 2026-08-06 12:29:42 t_client.py:302 Actions kept on device: cpu
DEBUG 2026-08-06 12:29:42 ort/utils.py:69 [CLIENT] Observation Sent 2765680/2765680 bytes with state 3
DEBUG 2026-08-06 12:29:42 ort/utils.py:71 [CLIENT] Observation Published 2.6375579833984375 MB
DEBUG 2026-08-06 12:29:42 t_client.py:209 Sent observation #1397 | 
DEBUG 2026-08-06 12:29:42 t_client.py:434 QUEUE SIZE: 49 (Must go: False)
DEBUG 2026-08-06 12:29:42 t_client.py:477 Control loop (ms): 369.25
DEBUG 2026-08-06 12:29:42 t_client.py:477 Control loop (ms): 0.42
DEBUG 2026-08-06 12:29:42 t_client.py:477 Control loop (ms): 0.37
DEBUG 2026-08-06 12:29:42 t_client.py:477 Control loop (ms): 0.28
DEBUG 2026-08-06 12:29:42 t_client.py:292 Received actions on device: cpu
DEBUG 2026-08-06 12:29:42 t_client.py:302 Actions kept on device: cpu
DEBUG 2026-08-06 12:29:42 t_client.py:477 Control loop (ms): 0.36
DEBUG 2026-08-06 12:29:42 t_client.py:477 Control loop (ms): 0.37
DEBUG 2026-08-06 12:29:42 t_client.py:477 Control loop (ms): 0.31
DEBUG 2026-08-06 12:29:42 t_client.py:477 Control loop (ms): 0.31
DEBUG 2026-08-06 12:29:42 t_client.py:477 Control loop (ms): 0.33
DEBUG 2026-08-06 12:29:42 t_client.py:477 Control loop (ms): 0.27
DEBUG 2026-08-06 12:29:42 t_client.py:477 Control loop (ms): 0.34
DEBUG 2026-08-06 12:29:42 t_client.py:477 Control loop (ms): 0.22
DEBUG 2026-08-06 12:29:42 t_client.py:477 Control loop (ms): 0.30
DEBUG 2026-08-06 12:29:42 t_client.py:477 Control loop (ms): 0.30
DEBUG 2026-08-06 12:29:42 t_client.py:477 Control loop (ms): 0.34
DEBUG 2026-08-06 12:29:42 t_client.py:477 Control loop (ms): 0.31
DEBUG 2026-08-06 12:29:42 t_client.py:477 Control loop (ms): 0.35
DEBUG 2026-08-06 12:29:42 t_client.py:477 Control loop (ms): 0.25
DEBUG 2026-08-06 12:29:43 t_client.py:477 Control loop (ms): 0.39
DEBUG 2026-08-06 12:29:43 t_client.py:477 Control loop (ms): 0.22
DEBUG 2026-08-06 12:29:43 t_client.py:477 Control loop (ms): 0.33
DEBUG 2026-08-06 12:29:43 t_client.py:477 Control loop (ms): 0.30
DEBUG 2026-08-06 12:29:43 t_client.py:477 Control loop (ms): 0.40
DEBUG 2026-08-06 12:29:43 t_client.py:477 Control loop (ms): 0.31
DEBUG 2026-08-06 12:29:43 t_client.py:477 Control loop (ms): 0.28
DEBUG 2026-08-06 12:29:43 t_client.py:477 Control loop (ms): 0.29
DEBUG 2026-08-06 12:29:43 t_client.py:477 Control loop (ms): 0.35
DEBUG 2026-08-06 12:29:43 t_client.py:477 Control loop (ms): 0.32
DEBUG 2026-08-06 12:29:43 t_client.py:477 Control loop (ms): 0.22
DEBUG 2026-08-06 12:29:43 t_client.py:477 Control loop (ms): 0.33
DEBUG 2026-08-06 12:29:43 t_client.py:477 Control loop (ms): 0.44
DEBUG 2026-08-06 12:29:43 t_client.py:477 Control loop (ms): 0.35
DEBUG 2026-08-06 12:29:43 t_client.py:477 Control loop (ms): 0.31
DEBUG 2026-08-06 12:29:43 t_client.py:477 Control loop (ms): 0.29
DEBUG 2026-08-06 12:29:43 t_client.py:477 Control loop (ms): 0.38
DEBUG 2026-08-06 12:29:43 t_client.py:477 Control loop (ms): 0.31
DEBUG 2026-08-06 12:29:43 t_client.py:477 Control loop (ms): 0.31
DEBUG 2026-08-06 12:29:43 t_client.py:477 Control loop (ms): 0.33
DEBUG 2026-08-06 12:29:44 t_client.py:477 Control loop (ms): 0.26
DEBUG 2026-08-06 12:29:44 t_client.py:477 Control loop (ms): 0.37
DEBUG 2026-08-06 12:29:44 t_client.py:477 Control loop (ms): 0.34
DEBUG 2026-08-06 12:29:44 t_client.py:477 Control loop (ms): 0.22
DEBUG 2026-08-06 12:29:44 t_client.py:477 Control loop (ms): 0.40
DEBUG 2026-08-06 12:29:44 t_client.py:477 Control loop (ms): 0.28
DEBUG 2026-08-06 12:29:44 t_client.py:477 Control loop (ms): 0.44
DEBUG 2026-08-06 12:29:44 t_client.py:477 Control loop (ms): 0.31
DEBUG 2026-08-06 12:29:44 t_client.py:477 Control loop (ms): 0.29
DEBUG 2026-08-06 12:29:44 t_client.py:477 Control loop (ms): 0.37
DEBUG 2026-08-06 12:29:44 t_client.py:477 Control loop (ms): 0.28
DEBUG 2026-08-06 12:29:44 follower.py:188 guardian_follower_left SOFollower read state: 1.3ms
DEBUG 2026-08-06 12:29:44 follower.py:196 guardian_follower_left SOFollower read left_wrist: 0.0ms
DEBUG 2026-08-06 12:29:44 follower.py:196 guardian_follower_left SOFollower read right_wrist: 0.0ms
DEBUG 2026-08-06 12:29:44 follower.py:196 guardian_follower_left SOFollower read overhead: 0.0ms
DEBUG 2026-08-06 12:29:44 follower.py:188 guardian_follower_right SOFollower read state: 0.9ms
DEBUG 2026-08-06 12:29:44 t_client.py:198 Observation serialization time: 0.001865s
DEBUG 2026-08-06 12:29:44 ort/utils.py:54 [CLIENT] Observation Buffer size 2.6375579833984375 MB with
DEBUG 2026-08-06 12:29:44 ort/utils.py:69 [CLIENT] Observation Sent 2097152/2765680 bytes with state 1
DEBUG 2026-08-06 12:29:44 ort/utils.py:69 [CLIENT] Observation Sent 2765680/2765680 bytes with state 3
DEBUG 2026-08-06 12:29:44 ort/utils.py:71 [CLIENT] Observation Published 2.6375579833984375 MB
DEBUG 2026-08-06 12:29:44 t_client.py:209 Sent observation #1446 | 
DEBUG 2026-08-06 12:29:44 t_client.py:434 QUEUE SIZE: 50 (Must go: False)
DEBUG 2026-08-06 12:29:44 t_client.py:477 Control loop (ms): 382.92
DEBUG 2026-08-06 12:29:44 follower.py:188 guardian_follower_left SOFollower read state: 1.5ms
DEBUG 2026-08-06 12:29:44 follower.py:196 guardian_follower_left SOFollower read left_wrist: 0.0ms
DEBUG 2026-08-06 12:29:44 follower.py:196 guardian_follower_left SOFollower read right_wrist: 0.0ms
DEBUG 2026-08-06 12:29:44 follower.py:196 guardian_follower_left SOFollower read overhead: 0.0ms
DEBUG 2026-08-06 12:29:44 follower.py:188 guardian_follower_right SOFollower read state: 0.9ms
DEBUG 2026-08-06 12:29:44 t_client.py:198 Observation serialization time: 0.001780s
DEBUG 2026-08-06 12:29:44 ort/utils.py:54 [CLIENT] Observation Buffer size 2.6375579833984375 MB with
DEBUG 2026-08-06 12:29:45 ort/utils.py:69 [CLIENT] Observation Sent 2097152/2765680 bytes with state 1
DEBUG 2026-08-06 12:29:45 ort/utils.py:69 [CLIENT] Observation Sent 2765680/2765680 bytes with state 3
DEBUG 2026-08-06 12:29:45 ort/utils.py:71 [CLIENT] Observation Published 2.6375579833984375 MB
DEBUG 2026-08-06 12:29:45 t_client.py:292 Received actions on device: cpu
DEBUG 2026-08-06 12:29:45 t_client.py:302 Actions kept on device: cpu
DEBUG 2026-08-06 12:29:45 t_client.py:209 Sent observation #1447 | 
DEBUG 2026-08-06 12:29:45 t_client.py:434 QUEUE SIZE: 49 (Must go: False)
DEBUG 2026-08-06 12:29:45 t_client.py:477 Control loop (ms): 390.99
DEBUG 2026-08-06 12:29:45 t_client.py:477 Control loop (ms): 0.38
DEBUG 2026-08-06 12:29:45 t_client.py:477 Control loop (ms): 0.48
DEBUG 2026-08-06 12:29:45 t_client.py:477 Control loop (ms): 0.42
DEBUG 2026-08-06 12:29:45 t_client.py:292 Received actions on device: cpu
DEBUG 2026-08-06 12:29:45 t_client.py:302 Actions kept on device: cpu
DEBUG 2026-08-06 12:29:45 t_client.py:477 Control loop (ms): 0.32
DEBUG 2026-08-06 12:29:45 t_client.py:477 Control loop (ms): 0.46
DEBUG 2026-08-06 12:29:45 t_client.py:477 Control loop (ms): 0.31
DEBUG 2026-08-06 12:29:45 t_client.py:477 Control loop (ms): 0.33
DEBUG 2026-08-06 12:29:45 t_client.py:477 Control loop (ms): 0.23
DEBUG 2026-08-06 12:29:45 t_client.py:477 Control loop (ms): 0.33
DEBUG 2026-08-06 12:29:45 t_client.py:477 Control loop (ms): 0.29
DEBUG 2026-08-06 12:29:45 t_client.py:477 Control loop (ms): 0.43
DEBUG 2026-08-06 12:29:45 t_client.py:477 Control loop (ms): 0.22
DEBUG 2026-08-06 12:29:45 t_client.py:477 Control loop (ms): 0.31
DEBUG 2026-08-06 12:29:46 t_client.py:477 Control loop (ms): 0.26
DEBUG 2026-08-06 12:29:46 t_client.py:477 Control loop (ms): 0.40
DEBUG 2026-08-06 12:29:46 t_client.py:477 Control loop (ms): 0.31
DEBUG 2026-08-06 12:29:46 t_client.py:477 Control loop (ms): 0.37
DEBUG 2026-08-06 12:29:46 t_client.py:477 Control loop (ms): 0.42
DEBUG 2026-08-06 12:29:46 t_client.py:477 Control loop (ms): 0.30
DEBUG 2026-08-06 12:29:46 t_client.py:477 Control loop (ms): 0.31
DEBUG 2026-08-06 12:29:46 t_client.py:477 Control loop (ms): 0.41
DEBUG 2026-08-06 12:29:46 t_client.py:477 Control loop (ms): 0.38
DEBUG 2026-08-06 12:29:46 t_client.py:477 Control loop (ms): 0.30
DEBUG 2026-08-06 12:29:46 t_client.py:477 Control loop (ms): 0.29
DEBUG 2026-08-06 12:29:46 t_client.py:477 Control loop (ms): 0.41
DEBUG 2026-08-06 12:29:46 t_client.py:477 Control loop (ms): 0.35
DEBUG 2026-08-06 12:29:46 t_client.py:477 Control loop (ms): 0.39
DEBUG 2026-08-06 12:29:46 t_client.py:477 Control loop (ms): 0.31
DEBUG 2026-08-06 12:29:46 t_client.py:477 Control loop (ms): 0.33
DEBUG 2026-08-06 12:29:46 t_client.py:477 Control loop (ms): 0.27
DEBUG 2026-08-06 12:29:46 t_client.py:477 Control loop (ms): 0.38
DEBUG 2026-08-06 12:29:46 t_client.py:477 Control loop (ms): 0.36
DEBUG 2026-08-06 12:29:46 t_client.py:477 Control loop (ms): 0.32
DEBUG 2026-08-06 12:29:47 t_client.py:477 Control loop (ms): 0.24
DEBUG 2026-08-06 12:29:47 t_client.py:477 Control loop (ms): 0.31
DEBUG 2026-08-06 12:29:47 t_client.py:477 Control loop (ms): 0.20
DEBUG 2026-08-06 12:29:47 t_client.py:477 Control loop (ms): 0.21
DEBUG 2026-08-06 12:29:47 t_client.py:477 Control loop (ms): 0.37
DEBUG 2026-08-06 12:29:47 t_client.py:477 Control loop (ms): 0.23
DEBUG 2026-08-06 12:29:47 t_client.py:477 Control loop (ms): 0.28
DEBUG 2026-08-06 12:29:47 t_client.py:477 Control loop (ms): 0.27
DEBUG 2026-08-06 12:29:47 t_client.py:477 Control loop (ms): 0.22
DEBUG 2026-08-06 12:29:47 t_client.py:477 Control loop (ms): 0.17
DEBUG 2026-08-06 12:29:47 t_client.py:477 Control loop (ms): 0.38
DEBUG 2026-08-06 12:29:47 t_client.py:477 Control loop (ms): 0.39
DEBUG 2026-08-06 12:29:47 t_client.py:477 Control loop (ms): 0.29
DEBUG 2026-08-06 12:29:47 t_client.py:477 Control loop (ms): 0.18
DEBUG 2026-08-06 12:29:47 t_client.py:477 Control loop (ms): 0.26
DEBUG 2026-08-06 12:29:47 follower.py:188 guardian_follower_left SOFollower read state: 1.3ms
DEBUG 2026-08-06 12:29:47 follower.py:196 guardian_follower_left SOFollower read left_wrist: 0.0ms
DEBUG 2026-08-06 12:29:47 follower.py:196 guardian_follower_left SOFollower read right_wrist: 0.0ms
DEBUG 2026-08-06 12:29:47 follower.py:196 guardian_follower_left SOFollower read overhead: 0.0ms
DEBUG 2026-08-06 12:29:47 follower.py:188 guardian_follower_right SOFollower read state: 0.9ms
DEBUG 2026-08-06 12:29:47 t_client.py:198 Observation serialization time: 0.001757s
DEBUG 2026-08-06 12:29:47 ort/utils.py:54 [CLIENT] Observation Buffer size 2.6375579833984375 MB with
DEBUG 2026-08-06 12:29:47 ort/utils.py:69 [CLIENT] Observation Sent 2097152/2765680 bytes with state 1
DEBUG 2026-08-06 12:29:47 ort/utils.py:69 [CLIENT] Observation Sent 2765680/2765680 bytes with state 3
DEBUG 2026-08-06 12:29:47 ort/utils.py:71 [CLIENT] Observation Published 2.6375579833984375 MB
DEBUG 2026-08-06 12:29:48 t_client.py:209 Sent observation #1496 | 
DEBUG 2026-08-06 12:29:48 t_client.py:434 QUEUE SIZE: 50 (Must go: False)
DEBUG 2026-08-06 12:29:48 t_client.py:477 Control loop (ms): 325.95
DEBUG 2026-08-06 12:29:48 follower.py:188 guardian_follower_left SOFollower read state: 1.4ms
DEBUG 2026-08-06 12:29:48 follower.py:196 guardian_follower_left SOFollower read left_wrist: 0.0ms
DEBUG 2026-08-06 12:29:48 follower.py:196 guardian_follower_left SOFollower read right_wrist: 0.0ms
DEBUG 2026-08-06 12:29:48 follower.py:196 guardian_follower_left SOFollower read overhead: 0.0ms
DEBUG 2026-08-06 12:29:48 follower.py:188 guardian_follower_right SOFollower read state: 0.9ms
DEBUG 2026-08-06 12:29:48 t_client.py:198 Observation serialization time: 0.001768s
DEBUG 2026-08-06 12:29:48 ort/utils.py:54 [CLIENT] Observation Buffer size 2.6375579833984375 MB with
DEBUG 2026-08-06 12:29:48 ort/utils.py:69 [CLIENT] Observation Sent 2097152/2765680 bytes with state 1
DEBUG 2026-08-06 12:29:48 ort/utils.py:69 [CLIENT] Observation Sent 2765680/2765680 bytes with state 3
DEBUG 2026-08-06 12:29:48 ort/utils.py:71 [CLIENT] Observation Published 2.6375579833984375 MB
DEBUG 2026-08-06 12:29:48 t_client.py:292 Received actions on device: cpu
DEBUG 2026-08-06 12:29:48 t_client.py:302 Actions kept on device: cpu
DEBUG 2026-08-06 12:29:48 t_client.py:209 Sent observation #1497 | 
DEBUG 2026-08-06 12:29:48 t_client.py:434 QUEUE SIZE: 49 (Must go: False)
DEBUG 2026-08-06 12:29:48 t_client.py:477 Control loop (ms): 389.30
DEBUG 2026-08-06 12:29:48 t_client.py:477 Control loop (ms): 0.39
DEBUG 2026-08-06 12:29:48 t_client.py:477 Control loop (ms): 0.46
DEBUG 2026-08-06 12:29:48 t_client.py:477 Control loop (ms): 0.39
DEBUG 2026-08-06 12:29:48 t_client.py:292 Received actions on device: cpu
DEBUG 2026-08-06 12:29:48 t_client.py:302 Actions kept on device: cpu
DEBUG 2026-08-06 12:29:48 t_client.py:477 Control loop (ms): 0.47
DEBUG 2026-08-06 12:29:48 t_client.py:477 Control loop (ms): 0.35
DEBUG 2026-08-06 12:29:48 t_client.py:477 Control loop (ms): 0.38
DEBUG 2026-08-06 12:29:48 t_client.py:477 Control loop (ms): 0.31
DEBUG 2026-08-06 12:29:48 t_client.py:477 Control loop (ms): 0.43
DEBUG 2026-08-06 12:29:48 t_client.py:477 Control loop (ms): 0.34
DEBUG 2026-08-06 12:29:48 t_client.py:477 Control loop (ms): 0.42
DEBUG 2026-08-06 12:29:48 t_client.py:477 Control loop (ms): 0.38
DEBUG 2026-08-06 12:29:49 t_client.py:477 Control loop (ms): 0.30
DEBUG 2026-08-06 12:29:49 t_client.py:477 Control loop (ms): 0.44
DEBUG 2026-08-06 12:29:49 t_client.py:477 Control loop (ms): 0.46
DEBUG 2026-08-06 12:29:49 t_client.py:477 Control loop (ms): 0.25
DEBUG 2026-08-06 12:29:49 t_client.py:477 Control loop (ms): 0.41
DEBUG 2026-08-06 12:29:49 t_client.py:477 Control loop (ms): 0.34
DEBUG 2026-08-06 12:29:49 t_client.py:477 Control loop (ms): 0.34
DEBUG 2026-08-06 12:29:49 t_client.py:477 Control loop (ms): 0.33
DEBUG 2026-08-06 12:29:49 t_client.py:477 Control loop (ms): 0.29
DEBUG 2026-08-06 12:29:49 t_client.py:477 Control loop (ms): 0.35
DEBUG 2026-08-06 12:29:49 t_client.py:477 Control loop (ms): 0.37
DEBUG 2026-08-06 12:29:49 t_client.py:477 Control loop (ms): 0.28
DEBUG 2026-08-06 12:29:49 t_client.py:477 Control loop (ms): 0.27
DEBUG 2026-08-06 12:29:49 t_client.py:477 Control loop (ms): 0.33
DEBUG 2026-08-06 12:29:49 t_client.py:477 Control loop (ms): 0.24
DEBUG 2026-08-06 12:29:49 t_client.py:477 Control loop (ms): 0.33
DEBUG 2026-08-06 12:29:49 t_client.py:477 Control loop (ms): 0.32
DEBUG 2026-08-06 12:29:49 t_client.py:477 Control loop (ms): 0.41
DEBUG 2026-08-06 12:29:49 t_client.py:477 Control loop (ms): 0.36
DEBUG 2026-08-06 12:29:49 t_client.py:477 Control loop (ms): 0.32
DEBUG 2026-08-06 12:29:50 t_client.py:477 Control loop (ms): 0.25
DEBUG 2026-08-06 12:29:50 t_client.py:477 Control loop (ms): 0.43
DEBUG 2026-08-06 12:29:50 t_client.py:477 Control loop (ms): 0.47
DEBUG 2026-08-06 12:29:50 t_client.py:477 Control loop (ms): 0.43
DEBUG 2026-08-06 12:29:50 t_client.py:477 Control loop (ms): 0.38
DEBUG 2026-08-06 12:29:50 t_client.py:477 Control loop (ms): 0.40
DEBUG 2026-08-06 12:29:50 t_client.py:477 Control loop (ms): 0.39
DEBUG 2026-08-06 12:29:50 t_client.py:477 Control loop (ms): 0.36
DEBUG 2026-08-06 12:29:50 t_client.py:477 Control loop (ms): 0.38
DEBUG 2026-08-06 12:29:50 t_client.py:477 Control loop (ms): 0.41
DEBUG 2026-08-06 12:29:50 t_client.py:477 Control loop (ms): 0.23
DEBUG 2026-08-06 12:29:50 t_client.py:477 Control loop (ms): 0.32
DEBUG 2026-08-06 12:29:50 t_client.py:477 Control loop (ms): 0.21
DEBUG 2026-08-06 12:29:50 t_client.py:477 Control loop (ms): 0.20
DEBUG 2026-08-06 12:29:50 t_client.py:477 Control loop (ms): 0.19
DEBUG 2026-08-06 12:29:50 t_client.py:477 Control loop (ms): 0.18
DEBUG 2026-08-06 12:29:50 t_client.py:477 Control loop (ms): 0.19
DEBUG 2026-08-06 12:29:50 follower.py:188 guardian_follower_left SOFollower read state: 1.4ms
DEBUG 2026-08-06 12:29:50 follower.py:196 guardian_follower_left SOFollower read left_wrist: 0.0ms
DEBUG 2026-08-06 12:29:50 follower.py:196 guardian_follower_left SOFollower read right_wrist: 0.0ms
DEBUG 2026-08-06 12:29:50 follower.py:196 guardian_follower_left SOFollower read overhead: 0.0ms
DEBUG 2026-08-06 12:29:50 follower.py:188 guardian_follower_right SOFollower read state: 0.9ms
DEBUG 2026-08-06 12:29:50 t_client.py:198 Observation serialization time: 0.001946s
DEBUG 2026-08-06 12:29:50 ort/utils.py:54 [CLIENT] Observation Buffer size 2.6375579833984375 MB with
DEBUG 2026-08-06 12:29:51 ort/utils.py:69 [CLIENT] Observation Sent 2097152/2765680 bytes with state 1
DEBUG 2026-08-06 12:29:51 ort/utils.py:69 [CLIENT] Observation Sent 2765680/2765680 bytes with state 3
DEBUG 2026-08-06 12:29:51 ort/utils.py:71 [CLIENT] Observation Published 2.6375579833984375 MB
DEBUG 2026-08-06 12:29:51 t_client.py:209 Sent observation #1546 | 
DEBUG 2026-08-06 12:29:51 t_client.py:434 QUEUE SIZE: 50 (Must go: False)
DEBUG 2026-08-06 12:29:51 t_client.py:477 Control loop (ms): 398.79
DEBUG 2026-08-06 12:29:51 follower.py:188 guardian_follower_left SOFollower read state: 1.3ms
DEBUG 2026-08-06 12:29:51 follower.py:196 guardian_follower_left SOFollower read left_wrist: 0.0ms
DEBUG 2026-08-06 12:29:51 follower.py:196 guardian_follower_left SOFollower read right_wrist: 0.0ms
DEBUG 2026-08-06 12:29:51 follower.py:196 guardian_follower_left SOFollower read overhead: 0.0ms
DEBUG 2026-08-06 12:29:51 follower.py:188 guardian_follower_right SOFollower read state: 0.9ms
DEBUG 2026-08-06 12:29:51 t_client.py:198 Observation serialization time: 0.001661s
DEBUG 2026-08-06 12:29:51 ort/utils.py:54 [CLIENT] Observation Buffer size 2.6375579833984375 MB with
DEBUG 2026-08-06 12:29:51 ort/utils.py:69 [CLIENT] Observation Sent 2097152/2765680 bytes with state 1
DEBUG 2026-08-06 12:29:51 ort/utils.py:69 [CLIENT] Observation Sent 2765680/2765680 bytes with state 3
DEBUG 2026-08-06 12:29:51 ort/utils.py:71 [CLIENT] Observation Published 2.6375579833984375 MB
DEBUG 2026-08-06 12:29:51 t_client.py:292 Received actions on device: cpu
DEBUG 2026-08-06 12:29:51 t_client.py:302 Actions kept on device: cpu
DEBUG 2026-08-06 12:29:51 t_client.py:209 Sent observation #1547 | 
DEBUG 2026-08-06 12:29:51 t_client.py:434 QUEUE SIZE: 49 (Must go: False)
DEBUG 2026-08-06 12:29:51 t_client.py:477 Control loop (ms): 410.33
DEBUG 2026-08-06 12:29:51 t_client.py:477 Control loop (ms): 0.46
DEBUG 2026-08-06 12:29:51 t_client.py:477 Control loop (ms): 0.31
DEBUG 2026-08-06 12:29:51 t_client.py:477 Control loop (ms): 0.44
DEBUG 2026-08-06 12:29:51 t_client.py:477 Control loop (ms): 0.23
DEBUG 2026-08-06 12:29:51 t_client.py:477 Control loop (ms): 0.28
DEBUG 2026-08-06 12:29:51 t_client.py:477 Control loop (ms): 0.19
DEBUG 2026-08-06 12:29:51 t_client.py:477 Control loop (ms): 0.25
DEBUG 2026-08-06 12:29:52 t_client.py:477 Control loop (ms): 0.21
DEBUG 2026-08-06 12:29:52 t_client.py:477 Control loop (ms): 0.27
DEBUG 2026-08-06 12:29:52 t_client.py:477 Control loop (ms): 0.22
DEBUG 2026-08-06 12:29:52 t_client.py:477 Control loop (ms): 0.30
DEBUG 2026-08-06 12:29:52 t_client.py:477 Control loop (ms): 0.27
DEBUG 2026-08-06 12:29:52 t_client.py:477 Control loop (ms): 0.32
DEBUG 2026-08-06 12:29:52 t_client.py:477 Control loop (ms): 0.26
DEBUG 2026-08-06 12:29:52 t_client.py:477 Control loop (ms): 0.48
DEBUG 2026-08-06 12:29:52 t_client.py:477 Control loop (ms): 0.57
DEBUG 2026-08-06 12:29:52 t_client.py:477 Control loop (ms): 0.50
DEBUG 2026-08-06 12:29:52 t_client.py:477 Control loop (ms): 0.32
DEBUG 2026-08-06 12:29:52 t_client.py:477 Control loop (ms): 0.43
DEBUG 2026-08-06 12:29:52 t_client.py:477 Control loop (ms): 0.26
DEBUG 2026-08-06 12:29:52 t_client.py:477 Control loop (ms): 0.36
DEBUG 2026-08-06 12:29:52 t_client.py:477 Control loop (ms): 0.29
DEBUG 2026-08-06 12:29:52 t_client.py:477 Control loop (ms): 0.42
DEBUG 2026-08-06 12:29:52 t_client.py:477 Control loop (ms): 0.32
DEBUG 2026-08-06 12:29:52 t_client.py:477 Control loop (ms): 0.34
DEBUG 2026-08-06 12:29:52 t_client.py:477 Control loop (ms): 0.28
DEBUG 2026-08-06 12:29:52 t_client.py:477 Control loop (ms): 0.34
DEBUG 2026-08-06 12:29:53 t_client.py:477 Control loop (ms): 0.29
DEBUG 2026-08-06 12:29:53 t_client.py:477 Control loop (ms): 0.43
DEBUG 2026-08-06 12:29:53 t_client.py:477 Control loop (ms): 0.32
DEBUG 2026-08-06 12:29:53 t_client.py:477 Control loop (ms): 0.37
DEBUG 2026-08-06 12:29:53 t_client.py:477 Control loop (ms): 0.38
DEBUG 2026-08-06 12:29:53 t_client.py:477 Control loop (ms): 0.36
DEBUG 2026-08-06 12:29:53 t_client.py:477 Control loop (ms): 0.37
DEBUG 2026-08-06 12:29:53 t_client.py:477 Control loop (ms): 0.39
DEBUG 2026-08-06 12:29:53 t_client.py:477 Control loop (ms): 0.31
DEBUG 2026-08-06 12:29:53 t_client.py:477 Control loop (ms): 0.26
DEBUG 2026-08-06 12:29:53 t_client.py:477 Control loop (ms): 0.31
DEBUG 2026-08-06 12:29:53 t_client.py:477 Control loop (ms): 0.40
DEBUG 2026-08-06 12:29:53 t_client.py:477 Control loop (ms): 0.43
DEBUG 2026-08-06 12:29:53 t_client.py:477 Control loop (ms): 0.22
DEBUG 2026-08-06 12:29:53 t_client.py:477 Control loop (ms): 0.34
DEBUG 2026-08-06 12:29:53 t_client.py:477 Control loop (ms): 0.41
DEBUG 2026-08-06 12:29:53 t_client.py:477 Control loop (ms): 0.32
DEBUG 2026-08-06 12:29:53 t_client.py:477 Control loop (ms): 0.31
DEBUG 2026-08-06 12:29:53 t_client.py:477 Control loop (ms): 0.36
DEBUG 2026-08-06 12:29:53 t_client.py:477 Control loop (ms): 0.41
DEBUG 2026-08-06 12:29:54 follower.py:188 guardian_follower_left SOFollower read state: 1.4ms
DEBUG 2026-08-06 12:29:54 follower.py:196 guardian_follower_left SOFollower read left_wrist: 0.0ms
DEBUG 2026-08-06 12:29:54 follower.py:196 guardian_follower_left SOFollower read right_wrist: 0.0ms
DEBUG 2026-08-06 12:29:54 follower.py:196 guardian_follower_left SOFollower read overhead: 0.0ms
DEBUG 2026-08-06 12:29:54 follower.py:188 guardian_follower_right SOFollower read state: 0.9ms
DEBUG 2026-08-06 12:29:54 t_client.py:198 Observation serialization time: 0.002275s
DEBUG 2026-08-06 12:29:54 ort/utils.py:54 [CLIENT] Observation Buffer size 2.6375579833984375 MB with
DEBUG 2026-08-06 12:29:54 ort/utils.py:69 [CLIENT] Observation Sent 2097152/2765680 bytes with state 1
DEBUG 2026-08-06 12:29:54 ort/utils.py:69 [CLIENT] Observation Sent 2765680/2765680 bytes with state 3
DEBUG 2026-08-06 12:29:54 ort/utils.py:71 [CLIENT] Observation Published 2.6375579833984375 MB
DEBUG 2026-08-06 12:29:54 t_client.py:209 Sent observation #1595 | 
DEBUG 2026-08-06 12:29:54 t_client.py:434 QUEUE SIZE: 50 (Must go: False)
DEBUG 2026-08-06 12:29:54 t_client.py:477 Control loop (ms): 557.93
DEBUG 2026-08-06 12:29:54 follower.py:188 guardian_follower_left SOFollower read state: 1.4ms
DEBUG 2026-08-06 12:29:54 follower.py:196 guardian_follower_left SOFollower read left_wrist: 0.0ms
DEBUG 2026-08-06 12:29:54 follower.py:196 guardian_follower_left SOFollower read right_wrist: 0.0ms
DEBUG 2026-08-06 12:29:54 follower.py:196 guardian_follower_left SOFollower read overhead: 0.0ms
DEBUG 2026-08-06 12:29:54 follower.py:188 guardian_follower_right SOFollower read state: 0.9ms
DEBUG 2026-08-06 12:29:54 t_client.py:198 Observation serialization time: 0.001814s
DEBUG 2026-08-06 12:29:54 ort/utils.py:54 [CLIENT] Observation Buffer size 2.6375579833984375 MB with
DEBUG 2026-08-06 12:29:54 ort/utils.py:69 [CLIENT] Observation Sent 2097152/2765680 bytes with state 1
DEBUG 2026-08-06 12:29:54 ort/utils.py:69 [CLIENT] Observation Sent 2765680/2765680 bytes with state 3
DEBUG 2026-08-06 12:29:54 ort/utils.py:71 [CLIENT] Observation Published 2.6375579833984375 MB
DEBUG 2026-08-06 12:29:54 t_client.py:292 Received actions on device: cpu
DEBUG 2026-08-06 12:29:54 t_client.py:302 Actions kept on device: cpu
DEBUG 2026-08-06 12:29:55 t_client.py:209 Sent observation #1596 | 
DEBUG 2026-08-06 12:29:55 t_client.py:434 QUEUE SIZE: 49 (Must go: False)
DEBUG 2026-08-06 12:29:55 t_client.py:477 Control loop (ms): 533.62
DEBUG 2026-08-06 12:29:55 t_client.py:477 Control loop (ms): 0.53
DEBUG 2026-08-06 12:29:55 t_client.py:477 Control loop (ms): 0.40
DEBUG 2026-08-06 12:29:55 t_client.py:477 Control loop (ms): 0.42
DEBUG 2026-08-06 12:29:55 t_client.py:292 Received actions on device: cpu
DEBUG 2026-08-06 12:29:55 t_client.py:477 Control loop (ms): 0.49
DEBUG 2026-08-06 12:29:55 t_client.py:302 Actions kept on device: cpu
DEBUG 2026-08-06 12:29:55 t_client.py:477 Control loop (ms): 0.35
DEBUG 2026-08-06 12:29:55 t_client.py:477 Control loop (ms): 0.32
DEBUG 2026-08-06 12:29:55 t_client.py:477 Control loop (ms): 0.39
DEBUG 2026-08-06 12:29:55 t_client.py:477 Control loop (ms): 0.63
DEBUG 2026-08-06 12:29:55 t_client.py:477 Control loop (ms): 0.55
DEBUG 2026-08-06 12:29:55 t_client.py:477 Control loop (ms): 0.53
DEBUG 2026-08-06 12:29:55 t_client.py:477 Control loop (ms): 0.36
DEBUG 2026-08-06 12:29:55 t_client.py:477 Control loop (ms): 0.38
DEBUG 2026-08-06 12:29:55 t_client.py:477 Control loop (ms): 0.36
DEBUG 2026-08-06 12:29:55 t_client.py:477 Control loop (ms): 0.43
DEBUG 2026-08-06 12:29:55 t_client.py:477 Control loop (ms): 0.32
DEBUG 2026-08-06 12:29:55 t_client.py:477 Control loop (ms): 0.44
DEBUG 2026-08-06 12:29:55 t_client.py:477 Control loop (ms): 0.37
DEBUG 2026-08-06 12:29:55 t_client.py:477 Control loop (ms): 0.40
DEBUG 2026-08-06 12:29:56 t_client.py:477 Control loop (ms): 0.39
DEBUG 2026-08-06 12:29:56 t_client.py:477 Control loop (ms): 0.38
DEBUG 2026-08-06 12:29:56 t_client.py:477 Control loop (ms): 0.42
DEBUG 2026-08-06 12:29:56 t_client.py:477 Control loop (ms): 0.30
DEBUG 2026-08-06 12:29:56 t_client.py:477 Control loop (ms): 0.43
DEBUG 2026-08-06 12:29:56 t_client.py:477 Control loop (ms): 0.38
DEBUG 2026-08-06 12:29:56 t_client.py:477 Control loop (ms): 0.44
DEBUG 2026-08-06 12:29:56 t_client.py:477 Control loop (ms): 0.37
DEBUG 2026-08-06 12:29:56 t_client.py:477 Control loop (ms): 0.26
DEBUG 2026-08-06 12:29:56 t_client.py:477 Control loop (ms): 0.39
DEBUG 2026-08-06 12:29:56 t_client.py:477 Control loop (ms): 0.33
DEBUG 2026-08-06 12:29:56 t_client.py:477 Control loop (ms): 0.25
DEBUG 2026-08-06 12:29:56 t_client.py:477 Control loop (ms): 0.39
DEBUG 2026-08-06 12:29:56 t_client.py:477 Control loop (ms): 0.26
DEBUG 2026-08-06 12:29:56 t_client.py:477 Control loop (ms): 0.40
DEBUG 2026-08-06 12:29:56 t_client.py:477 Control loop (ms): 0.31
DEBUG 2026-08-06 12:29:56 t_client.py:477 Control loop (ms): 0.38
DEBUG 2026-08-06 12:29:56 t_client.py:477 Control loop (ms): 0.32
DEBUG 2026-08-06 12:29:56 t_client.py:477 Control loop (ms): 0.39
DEBUG 2026-08-06 12:29:56 t_client.py:477 Control loop (ms): 0.33
DEBUG 2026-08-06 12:29:57 t_client.py:477 Control loop (ms): 0.42
DEBUG 2026-08-06 12:29:57 t_client.py:477 Control loop (ms): 0.34
DEBUG 2026-08-06 12:29:57 t_client.py:477 Control loop (ms): 0.43
DEBUG 2026-08-06 12:29:57 t_client.py:477 Control loop (ms): 0.26
DEBUG 2026-08-06 12:29:57 t_client.py:477 Control loop (ms): 0.44
DEBUG 2026-08-06 12:29:57 t_client.py:477 Control loop (ms): 0.38
DEBUG 2026-08-06 12:29:57 t_client.py:477 Control loop (ms): 0.28
DEBUG 2026-08-06 12:29:57 t_client.py:477 Control loop (ms): 0.24
DEBUG 2026-08-06 12:29:57 t_client.py:477 Control loop (ms): 0.39
DEBUG 2026-08-06 12:29:57 t_client.py:477 Control loop (ms): 0.36
DEBUG 2026-08-06 12:29:57 follower.py:188 guardian_follower_left SOFollower read state: 1.3ms
DEBUG 2026-08-06 12:29:57 follower.py:196 guardian_follower_left SOFollower read left_wrist: 0.0ms
DEBUG 2026-08-06 12:29:57 follower.py:196 guardian_follower_left SOFollower read right_wrist: 0.0ms
DEBUG 2026-08-06 12:29:57 follower.py:196 guardian_follower_left SOFollower read overhead: 0.0ms
DEBUG 2026-08-06 12:29:57 follower.py:188 guardian_follower_right SOFollower read state: 0.9ms
DEBUG 2026-08-06 12:29:57 t_client.py:198 Observation serialization time: 0.001953s
DEBUG 2026-08-06 12:29:57 ort/utils.py:54 [CLIENT] Observation Buffer size 2.6375579833984375 MB with
DEBUG 2026-08-06 12:29:57 ort/utils.py:69 [CLIENT] Observation Sent 2097152/2765680 bytes with state 1
DEBUG 2026-08-06 12:29:57 ort/utils.py:69 [CLIENT] Observation Sent 2765680/2765680 bytes with state 3
DEBUG 2026-08-06 12:29:57 ort/utils.py:71 [CLIENT] Observation Published 2.6375579833984375 MB
DEBUG 2026-08-06 12:29:58 t_client.py:209 Sent observation #1645 | 
DEBUG 2026-08-06 12:29:58 t_client.py:434 QUEUE SIZE: 50 (Must go: False)
DEBUG 2026-08-06 12:29:58 t_client.py:477 Control loop (ms): 497.63
DEBUG 2026-08-06 12:29:58 follower.py:188 guardian_follower_left SOFollower read state: 1.4ms
DEBUG 2026-08-06 12:29:58 follower.py:196 guardian_follower_left SOFollower read left_wrist: 0.0ms
DEBUG 2026-08-06 12:29:58 follower.py:196 guardian_follower_left SOFollower read right_wrist: 0.0ms
DEBUG 2026-08-06 12:29:58 follower.py:196 guardian_follower_left SOFollower read overhead: 0.0ms
DEBUG 2026-08-06 12:29:58 follower.py:188 guardian_follower_right SOFollower read state: 0.9ms
DEBUG 2026-08-06 12:29:58 t_client.py:198 Observation serialization time: 0.001685s
DEBUG 2026-08-06 12:29:58 ort/utils.py:54 [CLIENT] Observation Buffer size 2.6375579833984375 MB with
DEBUG 2026-08-06 12:29:58 ort/utils.py:69 [CLIENT] Observation Sent 2097152/2765680 bytes with state 1
DEBUG 2026-08-06 12:29:58 t_client.py:292 Received actions on device: cpu
DEBUG 2026-08-06 12:29:58 t_client.py:302 Actions kept on device: cpu
DEBUG 2026-08-06 12:29:58 ort/utils.py:69 [CLIENT] Observation Sent 2765680/2765680 bytes with state 3
DEBUG 2026-08-06 12:29:58 ort/utils.py:71 [CLIENT] Observation Published 2.6375579833984375 MB
DEBUG 2026-08-06 12:29:58 t_client.py:209 Sent observation #1646 | 
DEBUG 2026-08-06 12:29:58 t_client.py:434 QUEUE SIZE: 49 (Must go: False)
DEBUG 2026-08-06 12:29:58 t_client.py:477 Control loop (ms): 643.70
DEBUG 2026-08-06 12:29:58 t_client.py:477 Control loop (ms): 0.49
DEBUG 2026-08-06 12:29:58 t_client.py:477 Control loop (ms): 0.44
DEBUG 2026-08-06 12:29:58 t_client.py:477 Control loop (ms): 0.49
DEBUG 2026-08-06 12:29:58 t_client.py:292 Received actions on device: cpu
DEBUG 2026-08-06 12:29:58 t_client.py:302 Actions kept on device: cpu
DEBUG 2026-08-06 12:29:58 t_client.py:477 Control loop (ms): 0.62
DEBUG 2026-08-06 12:29:58 t_client.py:477 Control loop (ms): 0.56
DEBUG 2026-08-06 12:29:58 t_client.py:477 Control loop (ms): 0.48
DEBUG 2026-08-06 12:29:58 t_client.py:477 Control loop (ms): 0.50
DEBUG 2026-08-06 12:29:59 t_client.py:477 Control loop (ms): 0.41
DEBUG 2026-08-06 12:29:59 t_client.py:477 Control loop (ms): 0.41
DEBUG 2026-08-06 12:29:59 t_client.py:477 Control loop (ms): 0.31
DEBUG 2026-08-06 12:29:59 t_client.py:477 Control loop (ms): 0.43
DEBUG 2026-08-06 12:29:59 t_client.py:477 Control loop (ms): 0.45
DEBUG 2026-08-06 12:29:59 t_client.py:477 Control loop (ms): 0.42
DEBUG 2026-08-06 12:29:59 t_client.py:477 Control loop (ms): 0.44
DEBUG 2026-08-06 12:29:59 t_client.py:477 Control loop (ms): 0.39
DEBUG 2026-08-06 12:29:59 t_client.py:477 Control loop (ms): 0.23
DEBUG 2026-08-06 12:29:59 t_client.py:477 Control loop (ms): 0.26
DEBUG 2026-08-06 12:29:59 t_client.py:477 Control loop (ms): 0.34
DEBUG 2026-08-06 12:29:59 t_client.py:477 Control loop (ms): 0.41
DEBUG 2026-08-06 12:29:59 t_client.py:477 Control loop (ms): 0.36
DEBUG 2026-08-06 12:29:59 t_client.py:477 Control loop (ms): 0.29
DEBUG 2026-08-06 12:29:59 t_client.py:477 Control loop (ms): 0.33
DEBUG 2026-08-06 12:29:59 t_client.py:477 Control loop (ms): 0.27
DEBUG 2026-08-06 12:29:59 t_client.py:477 Control loop (ms): 0.39
DEBUG 2026-08-06 12:29:59 t_client.py:477 Control loop (ms): 0.40
DEBUG 2026-08-06 12:29:59 t_client.py:477 Control loop (ms): 0.38
DEBUG 2026-08-06 12:29:59 t_client.py:477 Control loop (ms): 0.32
DEBUG 2026-08-06 12:30:00 t_client.py:477 Control loop (ms): 0.24
DEBUG 2026-08-06 12:30:00 t_client.py:477 Control loop (ms): 0.34
DEBUG 2026-08-06 12:30:00 t_client.py:477 Control loop (ms): 0.38
DEBUG 2026-08-06 12:30:00 t_client.py:477 Control loop (ms): 0.40
DEBUG 2026-08-06 12:30:00 t_client.py:477 Control loop (ms): 0.40
DEBUG 2026-08-06 12:30:00 t_client.py:477 Control loop (ms): 0.35
DEBUG 2026-08-06 12:30:00 t_client.py:477 Control loop (ms): 0.33
DEBUG 2026-08-06 12:30:00 t_client.py:477 Control loop (ms): 0.48
DEBUG 2026-08-06 12:30:00 t_client.py:477 Control loop (ms): 0.46
DEBUG 2026-08-06 12:30:00 t_client.py:477 Control loop (ms): 0.49
DEBUG 2026-08-06 12:30:00 t_client.py:477 Control loop (ms): 0.44
DEBUG 2026-08-06 12:30:00 t_client.py:477 Control loop (ms): 0.41
DEBUG 2026-08-06 12:30:00 t_client.py:477 Control loop (ms): 0.34
DEBUG 2026-08-06 12:30:00 t_client.py:477 Control loop (ms): 0.30
DEBUG 2026-08-06 12:30:00 t_client.py:477 Control loop (ms): 0.31
DEBUG 2026-08-06 12:30:00 t_client.py:477 Control loop (ms): 0.47
DEBUG 2026-08-06 12:30:00 t_client.py:477 Control loop (ms): 0.36
DEBUG 2026-08-06 12:30:00 t_client.py:477 Control loop (ms): 0.44
DEBUG 2026-08-06 12:30:00 t_client.py:477 Control loop (ms): 0.36
DEBUG 2026-08-06 12:30:00 t_client.py:477 Control loop (ms): 0.45
DEBUG 2026-08-06 12:30:01 t_client.py:477 Control loop (ms): 0.35
DEBUG 2026-08-06 12:30:01 t_client.py:477 Control loop (ms): 0.27
DEBUG 2026-08-06 12:30:01 follower.py:188 guardian_follower_left SOFollower read state: 1.4ms
DEBUG 2026-08-06 12:30:01 follower.py:196 guardian_follower_left SOFollower read left_wrist: 0.0ms
DEBUG 2026-08-06 12:30:01 follower.py:196 guardian_follower_left SOFollower read right_wrist: 0.0ms
DEBUG 2026-08-06 12:30:01 follower.py:196 guardian_follower_left SOFollower read overhead: 0.0ms
DEBUG 2026-08-06 12:30:01 follower.py:188 guardian_follower_right SOFollower read state: 0.9ms
DEBUG 2026-08-06 12:30:01 t_client.py:198 Observation serialization time: 0.001830s
DEBUG 2026-08-06 12:30:01 ort/utils.py:54 [CLIENT] Observation Buffer size 2.6375579833984375 MB with
DEBUG 2026-08-06 12:30:01 ort/utils.py:69 [CLIENT] Observation Sent 2097152/2765680 bytes with state 1
DEBUG 2026-08-06 12:30:01 ort/utils.py:69 [CLIENT] Observation Sent 2765680/2765680 bytes with state 3
DEBUG 2026-08-06 12:30:01 ort/utils.py:71 [CLIENT] Observation Published 2.6375579833984375 MB
DEBUG 2026-08-06 12:30:01 t_client.py:209 Sent observation #1695 | 
DEBUG 2026-08-06 12:30:01 t_client.py:434 QUEUE SIZE: 50 (Must go: False)
DEBUG 2026-08-06 12:30:01 t_client.py:477 Control loop (ms): 339.22
DEBUG 2026-08-06 12:30:01 follower.py:188 guardian_follower_left SOFollower read state: 1.3ms
DEBUG 2026-08-06 12:30:01 follower.py:196 guardian_follower_left SOFollower read left_wrist: 0.0ms
DEBUG 2026-08-06 12:30:01 follower.py:196 guardian_follower_left SOFollower read right_wrist: 0.0ms
DEBUG 2026-08-06 12:30:01 follower.py:196 guardian_follower_left SOFollower read overhead: 0.0ms
DEBUG 2026-08-06 12:30:01 follower.py:188 guardian_follower_right SOFollower read state: 0.9ms
DEBUG 2026-08-06 12:30:01 t_client.py:198 Observation serialization time: 0.001715s
DEBUG 2026-08-06 12:30:01 ort/utils.py:54 [CLIENT] Observation Buffer size 2.6375579833984375 MB with
DEBUG 2026-08-06 12:30:01 ort/utils.py:69 [CLIENT] Observation Sent 2097152/2765680 bytes with state 1
DEBUG 2026-08-06 12:30:01 t_client.py:292 Received actions on device: cpu
DEBUG 2026-08-06 12:30:01 t_client.py:302 Actions kept on device: cpu
DEBUG 2026-08-06 12:30:01 ort/utils.py:69 [CLIENT] Observation Sent 2765680/2765680 bytes with state 3
DEBUG 2026-08-06 12:30:01 ort/utils.py:71 [CLIENT] Observation Published 2.6375579833984375 MB
DEBUG 2026-08-06 12:30:01 t_client.py:209 Sent observation #1696 | 
DEBUG 2026-08-06 12:30:01 t_client.py:434 QUEUE SIZE: 49 (Must go: False)
DEBUG 2026-08-06 12:30:01 t_client.py:477 Control loop (ms): 417.69
DEBUG 2026-08-06 12:30:01 t_client.py:477 Control loop (ms): 0.40
DEBUG 2026-08-06 12:30:01 t_client.py:477 Control loop (ms): 0.47
DEBUG 2026-08-06 12:30:01 t_client.py:477 Control loop (ms): 0.42
DEBUG 2026-08-06 12:30:01 t_client.py:292 Received actions on device: cpu
DEBUG 2026-08-06 12:30:01 t_client.py:302 Actions kept on device: cpu
DEBUG 2026-08-06 12:30:02 t_client.py:477 Control loop (ms): 0.33
DEBUG 2026-08-06 12:30:02 t_client.py:477 Control loop (ms): 0.42
DEBUG 2026-08-06 12:30:02 t_client.py:477 Control loop (ms): 0.32
DEBUG 2026-08-06 12:30:02 t_client.py:477 Control loop (ms): 0.30
DEBUG 2026-08-06 12:30:02 t_client.py:477 Control loop (ms): 0.40
DEBUG 2026-08-06 12:30:02 t_client.py:477 Control loop (ms): 0.33
DEBUG 2026-08-06 12:30:02 t_client.py:477 Control loop (ms): 0.40
DEBUG 2026-08-06 12:30:02 t_client.py:477 Control loop (ms): 0.40
DEBUG 2026-08-06 12:30:02 t_client.py:477 Control loop (ms): 0.42
DEBUG 2026-08-06 12:30:02 t_client.py:477 Control loop (ms): 0.35
DEBUG 2026-08-06 12:30:02 t_client.py:477 Control loop (ms): 0.24
DEBUG 2026-08-06 12:30:02 t_client.py:477 Control loop (ms): 0.32
DEBUG 2026-08-06 12:30:02 t_client.py:477 Control loop (ms): 0.43
DEBUG 2026-08-06 12:30:02 t_client.py:477 Control loop (ms): 0.41
DEBUG 2026-08-06 12:30:02 t_client.py:477 Control loop (ms): 0.34
DEBUG 2026-08-06 12:30:02 t_client.py:477 Control loop (ms): 0.44
DEBUG 2026-08-06 12:30:02 t_client.py:477 Control loop (ms): 0.29
DEBUG 2026-08-06 12:30:02 t_client.py:477 Control loop (ms): 0.43
DEBUG 2026-08-06 12:30:02 t_client.py:477 Control loop (ms): 0.36
DEBUG 2026-08-06 12:30:02 t_client.py:477 Control loop (ms): 0.36
DEBUG 2026-08-06 12:30:03 t_client.py:477 Control loop (ms): 0.35
DEBUG 2026-08-06 12:30:03 t_client.py:477 Control loop (ms): 0.39
DEBUG 2026-08-06 12:30:03 t_client.py:477 Control loop (ms): 0.23
DEBUG 2026-08-06 12:30:03 t_client.py:477 Control loop (ms): 0.34
DEBUG 2026-08-06 12:30:03 t_client.py:477 Control loop (ms): 0.33
DEBUG 2026-08-06 12:30:03 t_client.py:477 Control loop (ms): 0.37
DEBUG 2026-08-06 12:30:03 t_client.py:477 Control loop (ms): 0.33
DEBUG 2026-08-06 12:30:03 t_client.py:477 Control loop (ms): 0.27
DEBUG 2026-08-06 12:30:03 t_client.py:477 Control loop (ms): 0.30
DEBUG 2026-08-06 12:30:03 t_client.py:477 Control loop (ms): 0.25
DEBUG 2026-08-06 12:30:03 t_client.py:477 Control loop (ms): 0.38
DEBUG 2026-08-06 12:30:03 t_client.py:477 Control loop (ms): 0.30
DEBUG 2026-08-06 12:30:03 t_client.py:477 Control loop (ms): 0.30
DEBUG 2026-08-06 12:30:03 t_client.py:477 Control loop (ms): 0.33
DEBUG 2026-08-06 12:30:03 t_client.py:477 Control loop (ms): 0.37
DEBUG 2026-08-06 12:30:03 t_client.py:477 Control loop (ms): 0.37
DEBUG 2026-08-06 12:30:03 t_client.py:477 Control loop (ms): 0.42
DEBUG 2026-08-06 12:30:03 t_client.py:477 Control loop (ms): 0.37
DEBUG 2026-08-06 12:30:03 t_client.py:477 Control loop (ms): 0.45
DEBUG 2026-08-06 12:30:03 t_client.py:477 Control loop (ms): 0.38
DEBUG 2026-08-06 12:30:04 t_client.py:477 Control loop (ms): 0.41
DEBUG 2026-08-06 12:30:04 t_client.py:477 Control loop (ms): 0.33
DEBUG 2026-08-06 12:30:04 t_client.py:477 Control loop (ms): 0.33
DEBUG 2026-08-06 12:30:04 t_client.py:477 Control loop (ms): 0.27
DEBUG 2026-08-06 12:30:04 t_client.py:477 Control loop (ms): 0.30
DEBUG 2026-08-06 12:30:04 follower.py:188 guardian_follower_left SOFollower read state: 1.4ms
DEBUG 2026-08-06 12:30:04 follower.py:196 guardian_follower_left SOFollower read left_wrist: 0.0ms
DEBUG 2026-08-06 12:30:04 follower.py:196 guardian_follower_left SOFollower read right_wrist: 0.0ms
DEBUG 2026-08-06 12:30:04 follower.py:196 guardian_follower_left SOFollower read overhead: 0.0ms
DEBUG 2026-08-06 12:30:04 follower.py:188 guardian_follower_right SOFollower read state: 0.9ms
DEBUG 2026-08-06 12:30:04 t_client.py:198 Observation serialization time: 0.001957s
DEBUG 2026-08-06 12:30:04 ort/utils.py:54 [CLIENT] Observation Buffer size 2.6375579833984375 MB with
DEBUG 2026-08-06 12:30:04 ort/utils.py:69 [CLIENT] Observation Sent 2097152/2765680 bytes with state 1
DEBUG 2026-08-06 12:30:04 ort/utils.py:69 [CLIENT] Observation Sent 2765680/2765680 bytes with state 3
DEBUG 2026-08-06 12:30:04 ort/utils.py:71 [CLIENT] Observation Published 2.6375579833984375 MB
DEBUG 2026-08-06 12:30:04 t_client.py:209 Sent observation #1745 | 
DEBUG 2026-08-06 12:30:04 t_client.py:434 QUEUE SIZE: 50 (Must go: False)
DEBUG 2026-08-06 12:30:04 t_client.py:477 Control loop (ms): 416.85
DEBUG 2026-08-06 12:30:04 follower.py:188 guardian_follower_left SOFollower read state: 1.3ms
DEBUG 2026-08-06 12:30:04 follower.py:196 guardian_follower_left SOFollower read left_wrist: 0.0ms
DEBUG 2026-08-06 12:30:04 follower.py:196 guardian_follower_left SOFollower read right_wrist: 0.0ms
DEBUG 2026-08-06 12:30:04 follower.py:196 guardian_follower_left SOFollower read overhead: 0.0ms
DEBUG 2026-08-06 12:30:04 follower.py:188 guardian_follower_right SOFollower read state: 0.9ms
DEBUG 2026-08-06 12:30:04 t_client.py:198 Observation serialization time: 0.001695s
DEBUG 2026-08-06 12:30:04 ort/utils.py:54 [CLIENT] Observation Buffer size 2.6375579833984375 MB with
DEBUG 2026-08-06 12:30:04 ort/utils.py:69 [CLIENT] Observation Sent 2097152/2765680 bytes with state 1
DEBUG 2026-08-06 12:30:04 ort/utils.py:69 [CLIENT] Observation Sent 2765680/2765680 bytes with state 3
DEBUG 2026-08-06 12:30:04 ort/utils.py:71 [CLIENT] Observation Published 2.6375579833984375 MB
DEBUG 2026-08-06 12:30:04 t_client.py:292 Received actions on device: cpu
DEBUG 2026-08-06 12:30:04 t_client.py:302 Actions kept on device: cpu
DEBUG 2026-08-06 12:30:05 t_client.py:209 Sent observation #1746 | 
DEBUG 2026-08-06 12:30:05 t_client.py:434 QUEUE SIZE: 49 (Must go: False)
DEBUG 2026-08-06 12:30:05 t_client.py:477 Control loop (ms): 386.26
DEBUG 2026-08-06 12:30:05 t_client.py:477 Control loop (ms): 0.38
DEBUG 2026-08-06 12:30:05 t_client.py:477 Control loop (ms): 0.41
DEBUG 2026-08-06 12:30:05 t_client.py:477 Control loop (ms): 0.40
DEBUG 2026-08-06 12:30:05 t_client.py:292 Received actions on device: cpu
DEBUG 2026-08-06 12:30:05 t_client.py:302 Actions kept on device: cpu
DEBUG 2026-08-06 12:30:05 t_client.py:477 Control loop (ms): 0.50
DEBUG 2026-08-06 12:30:05 t_client.py:477 Control loop (ms): 0.44
DEBUG 2026-08-06 12:30:05 t_client.py:477 Control loop (ms): 0.39
DEBUG 2026-08-06 12:30:05 t_client.py:477 Control loop (ms): 0.27
DEBUG 2026-08-06 12:30:05 t_client.py:477 Control loop (ms): 0.37
DEBUG 2026-08-06 12:30:05 t_client.py:477 Control loop (ms): 0.30
DEBUG 2026-08-06 12:30:05 t_client.py:477 Control loop (ms): 0.39
DEBUG 2026-08-06 12:30:05 t_client.py:477 Control loop (ms): 0.34
DEBUG 2026-08-06 12:30:05 t_client.py:477 Control loop (ms): 0.40
DEBUG 2026-08-06 12:30:05 t_client.py:477 Control loop (ms): 0.33
DEBUG 2026-08-06 12:30:05 t_client.py:477 Control loop (ms): 0.36
DEBUG 2026-08-06 12:30:05 t_client.py:477 Control loop (ms): 0.33
DEBUG 2026-08-06 12:30:05 t_client.py:477 Control loop (ms): 0.27
DEBUG 2026-08-06 12:30:05 t_client.py:477 Control loop (ms): 0.25
DEBUG 2026-08-06 12:30:05 t_client.py:477 Control loop (ms): 0.33
DEBUG 2026-08-06 12:30:05 t_client.py:477 Control loop (ms): 0.27
DEBUG 2026-08-06 12:30:06 t_client.py:477 Control loop (ms): 0.33
DEBUG 2026-08-06 12:30:06 t_client.py:477 Control loop (ms): 0.31
DEBUG 2026-08-06 12:30:06 t_client.py:477 Control loop (ms): 0.35
DEBUG 2026-08-06 12:30:06 t_client.py:477 Control loop (ms): 0.41
DEBUG 2026-08-06 12:30:06 t_client.py:477 Control loop (ms): 0.36
DEBUG 2026-08-06 12:30:06 t_client.py:477 Control loop (ms): 0.44
DEBUG 2026-08-06 12:30:06 t_client.py:477 Control loop (ms): 0.38
DEBUG 2026-08-06 12:30:06 t_client.py:477 Control loop (ms): 0.41
DEBUG 2026-08-06 12:30:06 t_client.py:477 Control loop (ms): 0.35
DEBUG 2026-08-06 12:30:06 t_client.py:477 Control loop (ms): 0.30
DEBUG 2026-08-06 12:30:06 t_client.py:477 Control loop (ms): 0.25
DEBUG 2026-08-06 12:30:06 t_client.py:477 Control loop (ms): 0.40
DEBUG 2026-08-06 12:30:06 t_client.py:477 Control loop (ms): 0.39
DEBUG 2026-08-06 12:30:06 t_client.py:477 Control loop (ms): 0.37
DEBUG 2026-08-06 12:30:06 t_client.py:477 Control loop (ms): 0.37
DEBUG 2026-08-06 12:30:06 t_client.py:477 Control loop (ms): 0.40
DEBUG 2026-08-06 12:30:06 t_client.py:477 Control loop (ms): 0.35
DEBUG 2026-08-06 12:30:06 t_client.py:477 Control loop (ms): 0.30
DEBUG 2026-08-06 12:30:06 t_client.py:477 Control loop (ms): 0.38
DEBUG 2026-08-06 12:30:06 t_client.py:477 Control loop (ms): 0.32
DEBUG 2026-08-06 12:30:07 t_client.py:477 Control loop (ms): 0.38
DEBUG 2026-08-06 12:30:07 t_client.py:477 Control loop (ms): 0.37
DEBUG 2026-08-06 12:30:07 t_client.py:477 Control loop (ms): 0.39
DEBUG 2026-08-06 12:30:07 t_client.py:477 Control loop (ms): 0.47
DEBUG 2026-08-06 12:30:07 t_client.py:477 Control loop (ms): 0.40
DEBUG 2026-08-06 12:30:07 t_client.py:477 Control loop (ms): 0.42
DEBUG 2026-08-06 12:30:07 t_client.py:477 Control loop (ms): 0.42
DEBUG 2026-08-06 12:30:07 t_client.py:477 Control loop (ms): 0.41
DEBUG 2026-08-06 12:30:07 t_client.py:477 Control loop (ms): 0.39
DEBUG 2026-08-06 12:30:07 follower.py:188 guardian_follower_left SOFollower read state: 1.3ms
DEBUG 2026-08-06 12:30:07 follower.py:196 guardian_follower_left SOFollower read left_wrist: 0.0ms
DEBUG 2026-08-06 12:30:07 follower.py:196 guardian_follower_left SOFollower read right_wrist: 0.0ms
DEBUG 2026-08-06 12:30:07 follower.py:196 guardian_follower_left SOFollower read overhead: 0.0ms
DEBUG 2026-08-06 12:30:07 follower.py:188 guardian_follower_right SOFollower read state: 0.9ms
DEBUG 2026-08-06 12:30:07 t_client.py:198 Observation serialization time: 0.001790s
DEBUG 2026-08-06 12:30:07 ort/utils.py:54 [CLIENT] Observation Buffer size 2.6375579833984375 MB with
DEBUG 2026-08-06 12:30:07 ort/utils.py:69 [CLIENT] Observation Sent 2097152/2765680 bytes with state 1
DEBUG 2026-08-06 12:30:07 ort/utils.py:69 [CLIENT] Observation Sent 2765680/2765680 bytes with state 3
DEBUG 2026-08-06 12:30:07 ort/utils.py:71 [CLIENT] Observation Published 2.6375579833984375 MB
DEBUG 2026-08-06 12:30:08 tors_bus.py:561 FeetechMotorsBus disconnected.
DEBUG 2026-08-06 12:30:08 t_client.py:292 Received actions on device: cpu
DEBUG 2026-08-06 12:30:08 t_client.py:302 Actions kept on device: cpu
INFO 2026-08-06 12:30:08 a_opencv.py:601 OpenCVCamera(/dev/cam_left_wrist) disconnected.
INFO 2026-08-06 12:30:08 a_opencv.py:601 OpenCVCamera(/dev/cam_right_wrist) disconnected.
INFO 2026-08-06 12:30:08 a_opencv.py:601 OpenCVCamera(/dev/cam_overhead) disconnected.
INFO 2026-08-06 12:30:08 follower.py:240 guardian_follower_left SOFollower disconnected.
DEBUG 2026-08-06 12:30:08 tors_bus.py:561 FeetechMotorsBus disconnected.
INFO 2026-08-06 12:30:08 follower.py:240 guardian_follower_right SOFollower disconnected.
DEBUG 2026-08-06 12:30:08 t_client.py:178 Robot disconnected
DEBUG 2026-08-06 12:30:08 t_client.py:181 Client stopped, channel closed
INFO 2026-08-06 12:30:08 t_client.py:512 Client stopped
